source_name,title,title_original,link,author,category,importance,description,pub_date,who,what,when,consequences,tags,relevance_to_company,company_impact,in_general,text,mention_source,model
government.ru,Зампред Правительства Александр Новак провёл заседание семи стран ОПЕК+ по уровням добычи нефти,Александр Новак принял участие в заседании группы семи стран ОПЕК+,http://government.ru/news/59796/,—,Экономика,Низкий,"Заместитель председателя правительства РФ Александр Новак в качестве сопредседателя провёл заседание группы семи стран ОПЕК+, которые в 2023 году приняли дополнительные добровольные корректировки добычи нефти. Участники решили сохранить на октябрь 2026 года уровни добычи, установленные на сентябрь 2026 года. Следующая встреча назначена на 4 октября 2026 года.",6 сентября 2026,"Александр Новак, страны ОПЕК+ (Саудовская Аравия, Россия, Ирак, Кувейт, Казахстан, Алжир, Оман)",Семь стран ОПЕК+ сохранили уровни добычи нефти на октябрь 2026 года на уровне сентября 2026 года.,"6 сентября 2026 года (заседание), решение действует с октября 2026 года","Прямых последствий для отрасли ПО и телекома нет, так как новость относится к нефтяной отрасли.",ОПЕК+; нефть; правительство РФ; Новак,noise,Новость о добыче нефти не связана с деятельностью GS Labs — разработкой ПО для ТВ/OTT и защитой контента.,false,"Александр Новак принял участие в заседании группы семи стран ОПЕК+

Заместитель Председателя Правительства Александр Новак в качестве сопредседателя провёл заседание группы семи стран – участниц ОПЕК+, принявших дополнительные добровольные корректировки добычи нефти в апреле и ноябре 2023 года.

В состав группы семи входят Саудовская Аравия, Россия, Ирак, Кувейт, Казахстан, Алжир и Оман. Семь стран-участниц приняли решение сохранить на октябрь 2026 года требуемые уровни добычи, установленные на сентябрь 2026 года.

Страны – участницы ОПЕК+ подтвердили свою коллективную приверженность полному соблюдению Декларации о сотрудничестве, включая дополнительные добровольные корректировки добычи, которые будут отслеживаться Совместным министерским мониторинговым комитетом. Семь стран – участниц ОПЕК+ продолжат проводить ежемесячные встречи для оценки рыночной ситуации. Следующая встреча состоится 4 октября 2026 года.",government.ru,deepseek/deepseek-v4-flash
government.ru,Александр Новак поздравил работников нефтяной и газовой промышленности с профессиональным праздником,Поздравление Александра Новака с Днём работников нефтяной и газовой промышленности,http://government.ru/news/59657/,—,Общество,Низкий,"Опубликовано поздравление Александра Новака с Днём работников нефтяной и газовой промышленности, адресованное работникам и ветеранам отрасли. В тексте подчеркивается ключевое значение нефтегазового комплекса для экономики и энергобезопасности страны, его устойчивость в условиях внешнего давления, внедрение цифровых технологий и реализация программы социальной газификации. Конкретных мер, нормативных или деловых изменений поздравление не содержит.",6 сентября 2026,"Александр Новак, работники и ветераны нефтяной и газовой промышленности",Поздравил работников нефтегазовой отрасли с профессиональным праздником,6 сентября 2026 (дата публикации),"Отраслевые последствия отсутствуют, новость носит имиджевый характер. Для GS Labs не создаёт ни возможностей, ни угроз.",поздравление; нефтегазовая отрасль; Александр Новак; социальная газификация,noise,"Новость не касается GS Labs: она относится к нефтегазовой отрасли и не содержит регуляторных, рыночных или технологических изменений, влияющих на разработку ПО для телевидения и DRM.",false,"Поздравление Александра Новака с Днём работников нефтяной и газовой промышленности

Дорогие работники и ветераны нефтяной и газовой промышленности!

От всей души поздравляю вас с профессиональным праздником!

На протяжении десятилетий нефтегазовая отрасль является ключевым стратегическим сектором отечественной экономики, фундаментом энергетической безопасности страны и гарантом устойчивого развития регионов.

Сегодня российские нефтяники и газовики демонстрируют сплочённость, высочайший профессионализм, преданность делу и умение решать самые сложные задачи.

Благодаря вашему труду и самоотверженности в условиях внешнего давления на российскую экономику российский нефтегазовый комплекс не только сохраняет устойчивость, но и поступательно развивается. Идёт освоение новых месторождений, продолжается диверсификация экспортных поставок, внедряются новые технологии, в том числе цифровые. По поручению главы государства реализуется программа социальной газификации, которая уже изменила качество жизни миллионов наших граждан. Эта масштабная работа – лишь один из примеров того, как ваш ежедневный труд служит людям, регионам и всей стране.

Уважаемые коллеги! Ваше мужество, высочайший уровень ответственности, умение работать на результат становятся надёжной опорой для дальнейшего успешного развития отрасли. Уверен, вместе мы продолжим укреплять энергетическую безопасность, развивать производственный и технологический потенциал России.

Желаю вам крепкого здоровья, неиссякаемой энергии, новых достижений в профессии, благополучия вам и вашим близким.

С праздником! С Днём работников нефтяной и газовой промышленности!",government.ru,deepseek/deepseek-v4-flash
government.ru,Михаил Мишустин поздравил с профессиональным праздником работников и ветеранов нефтяной и газовой промышленности,Михаил Мишустин поздравил работников и ветеранов нефтяной и газовой промышленности с профессиональным праздником,http://government.ru/news/59791/,—,Общество,Низкий,"6 сентября 2026 года отмечается День работников нефтяной и газовой промышленности. Председатель Правительства РФ Михаил Мишустин опубликовал поздравление работникам и ветеранам отрасли, отметив стратегическое значение нефтегазового комплекса для экономики и энергетической безопасности России. Он пожелал успехов, здоровья и благополучия.",6 сентября 2026,"Михаил Мишустин (Председатель Правительства РФ), работники и ветераны нефтяной и газовой промышленности",Официальное поздравление премьер-министра в связи с Днём работников нефтяной и газовой промышленности,6 сентября 2026 года,"Для нефтегазовой отрасли — символическая поддержка, нормативные последствия отсутствуют. Для GS Labs — тематика не связана с ИТ, телекомом или регулированием ПО, поэтому влияния на деятельность компании нет.",Михаил Мишустин; нефтегазовая отрасль; поздравление; праздник; Правительство РФ,noise,"Событие не относится к направлениям GS Labs (цифровое ТВ, OTT, защита контента, разработка ПО, ИТ-регулирование). Это общее поздравление с профессиональным праздником другой отрасли, не оказывающее никакого влияния на компанию.",false,"6 сентября 2026 года отмечается профессиональный праздник – День работников нефтяной и газовой промышленности.

Поздравляю вас с профессиональным праздником.

Нефтегазовая отрасль имеет стратегическое значение для устойчивого социально-экономического развития России. Благодаря работе комплекса обеспечивается энергетическая безопасность государства. Вы всегда – первопроходцы, которые осваивают новые месторождения, осуществляют добычу, транспортировку и переработку углеводородов. Ваша сложная профессия достойна искренних слов благодарности.

Труд нефтяников и газовиков высоко ценится в России, которая обладает богатейшими запасами природных ресурсов. Вы реализуете крупные проекты, ведёте активную деятельность, направленную на повышение эффективности производства, внедрение передовых технологий и оборудования, газификацию обширных территорий. Делаете всё, чтобы наша страна сохраняла статус энергетической державы.

Желаю всем вам осуществления намеченных планов, дальнейших успехов, здоровья, благополучия. И конечно, в этот день особые слова признательности – ветеранам отрасли. Пусть ваш опыт, мастерство, преданность делу служат примером для молодых специалистов.",government.ru,deepseek/deepseek-v4-flash
government.ru,Вице-премьер Александр Новак в ЯНАО наградил работников ТЭК и обсудил с губернатором развитие региона,Александр Новак совершил рабочую поездку в Ямало-Ненецкий автономный округ,http://government.ru/news/59795/,—,Политика,Низкий,"Александр Новак в ходе рабочей поездки в ЯНАО принял участие в церемонии награждения работников нефтегазового комплекса и провёл рабочую встречу с губернатором Дмитрием Артюховым. Обсуждались социально-экономическое развитие региона, программа разработки трудноизвлекаемых запасов углеводородов, освоение новых месторождений, топливообеспечение и инвестиционная привлекательность Ямала. Прямых тем, связанных с ИТ или телекомом, в материале нет.",5 сентября 2026,"Александр Новак, Дмитрий Артюхов, Правительство России, правительство ЯНАО, работники нефтегазового комплекса ЯНАО",Вице-премьер Александр Новак совершил рабочую поездку в ЯНАО: наградил работников нефтегазового комплекса и обсудил с губернатором развитие региона и энергетические проекты.,5 сентября 2026 года; сроки реализации программ не указаны,"Для GS Labs прямых последствий нет. Косвенный фон — планы развития ЦОД и добывающих проектов на Ямале, но они не связаны с продуктами и направлениями деятельности компании.",ЯНАО; Александр Новак; нефтегазовый комплекс; региональное развитие; ТРИЗ; инвестиции,noise,"Новость не касается разработки ПО, цифрового ТВ, телекома, реестра российского ПО или регулирования отрасли GS Labs, поэтому является информационным шумом.",false,"Александр Новак во время рабочей поездки в Ямало-Ненецкий автономный округ принял участие в церемонии награждения работников нефтегазового комплекса ЯНАО, приуроченной ко Дню работников нефтяной и газовой промышленности

В рамках визита Заместитель Председателя Правительства Александр Новак принял участие в церемонии награждения работников нефтегазового комплекса ЯНАО, приуроченной ко Дню работников нефтяной и газовой промышленности.

«Ваша профессия по праву считается одной из наиболее уважаемых и значимых для нашей страны. Своим ежедневным трудом вы надёжно обеспечиваете энергетическую безопасность России, работая в суровых климатических условиях, но неизменно демонстрируя высокие результаты. Вы – настоящие профессионалы, способные решать самые амбициозные задачи. И конечно, особая благодарность ветеранам, которые стояли у истоков и чей опыт и преданность делу служат надёжной основой для новых достижений», – подчеркнул Александр Новак.

Также вице-премьер провёл рабочую встречу с губернатором ЯНАО Дмитрием Артюховым.

Стороны обсудили социально-экономическое развитие региона, реализацию на территории округа мероприятий по повышению его инвестиционной привлекательности, а также ход реализации программы по разработке трудноизвлекаемых запасов углеводородов (ТРИЗ) в Надым-Пур-Тазовском регионе – соответствующее поручение Правительству России совместно с исполнительными органами власти округа дал Президент России Владимир Путин. Программа предполагает налоговое стимулирование и внедрение новых технологий добычи для газоносных отложений ачимовской, юрской, туронской и березовской свит, где сосредоточена основная часть трудноизвлекаемых запасов газа страны.

Также обсуждались вопросы разработки новых месторождений, открытых в регионе: нефтяного месторождения имени Алексея Конторовича на юге Ямала с запасами 55 млн т нефти и газоконденсатного месторождения имени Н.И.Григорьева в Надымском районе с запасами газа 50,2 млрд кубометров.

«Ямал был и остаётся мировым центром газодобычи: наших запасов газа хватит минимум на сто лет, а промышленные запасы превышают 43 трлн кубометров – этого объёма хватило бы, чтобы непрерывно снабжать всю Москву газом на протяжении двух тысяч лет. Впереди большой фронт задач: добыча на шельфе, развитие Надым-Пур-Тазовского региона, работа на недавно открытых месторождениях, а также на готовящемся к запуску Харасавэйском месторождении и развитие центров обработки данных. Все эти успехи в конечном счёте работают на главную цель – благополучие северян: именно устойчивые доходы от ТЭК позволяют нам строить жильё, социальные объекты, дороги и повышать качество жизни ямальцев», – сказал губернатор Ямала Дмитрий Артюхов.

Сегодня на Ямале добывается порядка 80% от общего объёма добычи природного газа страны, а тепло и энергию ямальского газа ежедневно используют трое из четырёх россиян. Несмотря на санкционное давление, регион сохранил потенциал к увеличению добычи: в активную фазу вошли крупнейшие проекты обустройства месторождений, включая Северо-Тамбейское и Западно-Тамбейское. Регион обеспечивает две трети грузопотока Северного морского пути – 79% по итогам 2025 года. Округ входит в пятёрку лидеров среди субъектов Российской Федерации по объёму валового регионального продукта, а по ВРП на душу населения – в тройку лидеров страны. Ежегодный объём инвестиций с 2021 года превышает 1 трлн рублей, что обеспечивает Ямалу лидирующие позиции в стране по этому показателю на душу населения, а по итогам 2025 года округ занял 12-е место в национальном рейтинге инвестиционной привлекательности АСИ. Устойчивые экономические показатели напрямую отражаются на социальной сфере: по итогам исследования качества жизни, проведённого АСИ в 2025 году, Ямал вошёл в топ-25 регионов России, заняв 11-е место.

Отдельное внимание уделили топливообеспечению субъекта. Рассмотрели текущие запасы топлива, состояние логистической инфраструктуры и её функционирование, принимаемые меры по балансировке внутреннего топливного рынка.

Александр Новак также поздравил жителей Нового Уренгоя с Днем города.",government.ru,deepseek/deepseek-v4-flash
government.ru,Наблюдательный совет «ДОМ.РФ» рассмотрел итоги работы компании за I полугодие 2026 года,Марат Хуснуллин провёл заседание наблюдательного совета «ДОМ.РФ»,http://government.ru/news/59794/,—,Экономика,Низкий,"Марат Хуснуллин провёл заседание наблюдательного совета «ДОМ.РФ», на котором рассмотрены итоги работы госкомпании за первое полугодие 2026 года. Группа выполнила ключевые показатели эффективности: сдано около 4,2 млн кв. м жилья, чистая прибыль достигла 57,2 млрд рублей, выплачены дивиденды в размере 44,4 млрд рублей. Совет утвердил отчёт об исполнении плана деятельности «ДОМ.РФ».",5 сентября 2026,"Марат Хуснуллин, наблюдательный совет «ДОМ.РФ», Виталий Мутко",Состоялось заседание наблюдательного совета «ДОМ.РФ» и утверждён отчёт о работе компании за первое полугодие 2026 года,5 сентября 2026 года; отчётный период — I полугодие 2026 года,Для телеком-отрасли и рынка ПО последствий нет. Новость значима только для жилищного и финансового секторов.,ДОМ.РФ; жилищное строительство; ипотека; наблюдательный совет; Хуснуллин,noise,"Новость не связана с разработкой ПО для цифрового ТВ, OTT, CAS/DRM или регулированием телекома, поэтому для GS Labs это фоновый шум.",false,"Марат Хуснуллин провёл заседание наблюдательного совета «ДОМ.РФ»

Заместитель Председателя Правительства Марат Хуснуллин провёл заседание наблюдательного совета «ДОМ.РФ», на котором были рассмотрены итоги работы компании за первое полугодие 2026 года.

«По итогам шести месяцев группа “ДОМ.РФ„ полностью выполнила все установленные ключевые показатели эффективности. Компания сохраняет высокую операционную эффективность, успешно решает амбициозные задачи в жилищном строительстве и развитии инфраструктуры регионов. Так, в первом полугодии при участии “ДОМ.РФ„ в 50 регионах России сдано в эксплуатацию порядка 4,2 млн кв. м жилья, что на 22% больше, чем годом ранее. Хочу также поздравить коллектив “ДОМ.РФ„ с 29-летием компании. За эти годы институт развития стал одним из ключевых драйверов жилищной сферы, вносит значительный вклад в экономику регионов и реализует проекты, повышающие качество жизни людей – от финансовой поддержки семей при покупке жилья до комплексного освоения территорий. Безусловно, предстоит решать ещё более масштабные задачи, и для этого нужно удерживать темп работ», – сказал Марат Хуснуллин.

В ходе заседания стороны также обсудили ряд ключевых направлений деятельности института развития. Так, портфель проектного финансирования банка «ДОМ.РФ» демонстрирует рост, покрытие выборки на строительно-монтажные работы средствами на эскроу-счетах сохраняется на уровне 80%.

Также была рассмотрена ситуация на ипотечном рынке: за полугодие в России выдана 491 тыс. кредитов, банк «ДОМ.РФ» входит в топ-3 по объёму ипотечного кредитования. Особое внимание уделено развитию индивидуального жилищного строительства – выдачи ипотеки на ИЖС превысили показатели аналогичного периода прошлого года как по количеству кредитов, так и по объёму. Кроме того, рассмотрены итоги работы по секьюритизации ипотечных кредитов и размещению выпусков ипотечных ценных бумаг, а также прогресс по выборке средств в рамках инфраструктурных облигаций.

Были затронуты вопросы арендного жилья: заполняемость составила 98%. В рамках программы для ДФО и Арктической зоны профинансировано более 12 тыс. квартир в 13 регионах, заселено 5 тыс. квартир в 9 регионах.

«“ДОМ.РФ„ выполнил все поставленные цели, направленные на достижение финансовых показателей и развитие строительной отрасли. По итогам первого полугодия активы группы выросли до 6,8 трлн рублей, чистая прибыль – на 46% год к году и достигла 57,2 млрд рублей при рентабельности капитала 23,8%. В конце июня мы приняли решение о выплате дивидендов в размере 44,4 млрд рублей, все дивиденды уже выплачены и основному акционеру в лице государства, и розничным инвесторам, число которых превысило 129 тысяч. Ожидаем, что чистая прибыль “ДОМ.РФ„ за 2026 год вырастет более чем на 30% год к году и достигнет 117 млрд рублей при высокой рентабельности капитала», – отметил генеральный директор компании «ДОМ.PФ» Виталий Мутко.

По итогам обсуждения наблюдательный совет утвердил отчёт об исполнении плана деятельности «ДОМ.РФ» и его дочерних организаций за шесть месяцев 2026 года.",government.ru,deepseek/deepseek-v4-flash
government.ru,Правительство включило более 70 объектов транспортной инфраструктуры в схему территориального планирования РФ,Правительство расширило схему территориального планирования в области федерального транспорта и автомобильных дорог федерального значения,http://government.ru/news/59788/,—,Экономика,Низкий,"Распоряжением от 31 августа 2026 года №2354-р правительство расширило схему территориального планирования в области федерального транспорта и автомобильных дорог, включив более 70 новых объектов. Речь идет о строительстве и реконструкции железнодорожной, воздушной, морской и автодорожной инфраструктуры в разных регионах. Отдельно упоминается создание в порту Диксон объектов глобальной морской системы связи для обеспечения безопасности Северного морского пути.",5 сентября 2026,"Правительство РФ, Председатель Правительства Михаил Мишустин, Минтранс (подразумевается), регионы",Расширение схемы территориального планирования РФ новыми объектами транспортной инфраструктуры,"Распоряжение от 31 августа 2026 года, опубликовано 5 сентября 2026 года","Для GS Labs значимых последствий нет. Возможно лишь косвенное влияние через развитие транспортной инфраструктуры, но без прямой связи с продуктами компании. Новость носит общий характер.",транспортная инфраструктура; территориальное планирование; госинвестиции,noise,"Новость о транспортной инфраструктуре не связана с телекомом, цифровым ТВ, защитой контента или реестром российского ПО, поэтому не имеет значения для GS Labs.",false,"Распоряжение от 31 августа 2026 года №2354-р

В схему территориального планирования России в области федерального транспорта и автомобильных дорог федерального значения включено более 70 новых объектов транспортной инфраструктуры. Распоряжение об этом подписал Председатель Правительства Михаил Мишустин.

В схему добавлены позиции, предполагающие строительство и реконструкцию инфраструктуры железнодорожного, воздушного, морского и внутреннего водного транспорта, а также автомобильных дорог в различных регионах страны.

В их числе – мероприятия по развитию железнодорожной инфраструктуры Центрального, Санкт-Петербургского, Пермского и Мурманского транспортных узлов и на подходах к морским портам Северо-Западного бассейна, строительство Западного обхода Саратовского узла Приволжской железной дороги, новой железнодорожной линии от аэропорта Анапы, модернизация инфраструктуры Байкало-Амурской и Транссибирской железнодорожных магистралей, а также Северной и Свердловской железных дорог для увеличения грузооборота.

В рамках развития инфраструктуры воздушного транспорта запланировано строительство аэропортового комплекса Архыз в Карачаево-Черкесской Республике, аэровокзального комплекса в международном аэропорту Оренбурга, аэропорта Зырянка в Якутии. Также предусмотрена реконструкция инфраструктуры международного аэропорта в Казани, аэропортов Шереметьево в Московской области, Экимчан в Амурской области, Хатанга и Диксон в Красноярском крае, Угольный в Анадыре.

Для развития торгового мореплавания предполагается построить и реконструировать терминалы в морских портах, в том числе зерновые терминалы в Махачкале и Новороссийске, контейнерные терминалы во Владивостоке, Находке, Астраханской области и терминал для отгрузки нефти в Красноярском крае. В целях обеспечения безопасности перевозок по Северному морскому пути и оперативной передачи информации в красноярском порту Диксон будут построены объекты глобальной морской системы связи, которая сможет обслуживать до 200 абонентских станций на судах.

Кроме того, в схему включено более 20 автомобильных дорог федерального значения и их отдельные участки, которые планируется реконструировать или построить в Якутии, Югре, Дагестане, Краснодарском и Красноярском краях, Архангельской, Брянской, Курской, Ленинградской, Московской, Новосибирской и Орловской областях.

Объём средств, необходимых для реализации таких проектов, будет определяться при принятии решений о направлении федеральных бюджетных инвестиций на эти цели в рамках формирования проекта федерального бюджета на очередной финансовый год и плановый период.

Схемы территориального планирования необходимы для создания правовых оснований для принятия решений о резервировании земель, переводе земель из одной категории в другую, разработке документации по планировке территории в целях строительства и реконструкции объектов.

Подписанным документом вносятся изменения в распоряжение Правительства от 1 апреля 2026 года №714-р .",government.ru,deepseek/deepseek-v4-flash
government.ru,"Правительство подвело итоги ВЭФ-2026: подписано 328 соглашений на 6,8 трлн рублей",Юрий Трутнев: Подведены итоги Восточного экономического форума – 2026,http://government.ru/news/59792/,—,Экономика,Низкий,"Во Владивостоке 1–4 сентября 2026 года прошёл Восточный экономический форум. Участие приняли представители 78 стран, более 9300 человек. По итогам форума подписано 328 соглашений на общую сумму почти 6,8 трлн рублей. Новость носит общеэкономический характер и не содержит отраслевых решений для ИТ и телекома.",4 сентября 2026,"Правительство РФ, фонд «Росконгресс», Владимир Путин, Юрий Трутнев, Антон Кобяков, делегации 78 стран",Завершился Восточный экономический форум – 2026 с рекордным объёмом подписанных соглашений,"1–4 сентября 2026 года, итоги подведены 4 сентября 2026 года","Прямых регуляторных или отраслевых последствий для разработки ПО, цифрового ТВ и телекома нет. Форум обозначил общие приоритеты развития Дальнего Востока, но конкретных норм или мер поддержки, затрагивающих GS Labs, в материале не приводится.",ВЭФ-2026; Дальний Восток; экономика; инвестиции; Росконгресс,noise,"Новость не касается GS Labs: нет упоминаний ИТ-отрасли, телекома, цифрового ТВ, защиты контента или реестра российского ПО. Это фоновое общеэкономическое событие без прямого влияния на деятельность компании.",false,"Во Владивостоке 1–4 сентября проходил Восточный экономический форум – 2026. На площадке кампуса Дальневосточного федерального университета собрались представители федеральных и региональных органов власти, российского и зарубежного бизнеса, учёные, ведущие эксперты в сфере экономики и управления. Главная тема ВЭФ в этом году: «Дальний Восток – развитие во благо людей». Организатор форума – фонд «Росконгресс» при поддержке Правительства Российской Федерации.

Ключевым мероприятием форума стало пленарное заседание, участие в котором приняли Президент Российской Федерации Владимир Путин, Президент Индонезии Прабово Субианто, Премьер-министр Монголии Ням-Осорын Учрал, вице-президент Мьянмы Ньоу Со и Заместитель Премьера Государственного совета Китайской Народной Республики Дин Сюэсян. В своём выступлении российский лидер затронул вопросы поступательного развития Дальнего Востока и укрепления международного сотрудничества, а также обозначил перспективы развития экономики.

«Динамика основных макропоказателей Дальнего Востока превышает среднероссийские значения. Именно к этому мы и стремились, когда объявляли развитие региона стратегическим приоритетом России на весь XXI век. И это наш общий успех, это реальный результат, текущий итог системных усилий органов власти, бизнеса, предпринимателей и, конечно, прежде всего всех дальневосточников. Хочу поблагодарить каждого, кто внёс и продолжает вносить вклад в эту большую работу – такую значимую для нашей страны. Мы высоко ценим и участие зарубежных партнёров, инвесторов, которые вкладывают капиталы, технологии в проекты развития, причём не только на Дальнем Востоке и в Арктике, но и по всей России», – подчеркнул Владимир Путин.

Представители иностранных государств в ходе пленарного заседания отметили важность Восточного экономического форума как площадки для развития международных отношений.

Президент Индонезии Прабово Субианто: «Прежде всего я хотел бы выразить признательность Президенту Путину, Правительству Российской Федерации и фонду „Росконгресс“ за честь, оказанную мне, и приглашение присутствовать и выступить на этом форуме. Господин Президент, кажется, [будто это было] буквально вчера – в июне прошлого года Вы приглашали меня выступить на Петербургском международном экономическом форуме, ПМЭФ. И тогда я назвал Петербургский форум сердцем формирующейся многополярной экономики. А здесь, во Владивостоке, мы находимся у Тихоокеанских ворот».

Премьер-министр Монголии Ням-Осорын Учрал: «Прежде всего хочу от имени монгольского народа сердечно приветствовать и пожелать всем вам благополучия и всего самого наилучшего. Рад участвовать в ежегодном Восточном экономическом форуме, который проходит на Дальнем Востоке, занимающем особое место в Азиатско-Тихоокеанском регионе, являющемся одним из новых центров мирового экономического роста. Выражаю искреннюю благодарность Вам, уважаемый Владимир Владимирович Путин, за приглашение Монголии принять участие в столь авторитетном форуме. Проведение нынешнего форума под содержательным девизом „Дальний Восток – развитие во благо людей“ является ярким выражением того, что конечная цель развития – это человек, его достойная жизнь и возможности для будущего».

Заместитель Премьера Государственного совета Китайской Народной Республики Дин Сюэсян: «Рад вновь прибыть во Владивосток для участия в XI Восточном экономическом форуме. Пользуясь случаем, от имени Правительства Китая выражаю сердечные поздравления с открытием форума. Восточный экономический форум – это ведущая платформа для совместного планирования сотрудничества и продвижения развития. По приглашению Президента Путина Председатель Си Цзиньпин дважды принимал участие в форуме и выступал с большой речью, комплексно излагал позиции Китая по развитию регионального сотрудничества в Северо-Восточной Азии, что получило широкий отклик международного сообщества».

Вице-президент Мьянмы Ньоу Со: «Для меня большая честь и радость участвовать в пленарном заседании XI Восточного экономического форума. Прежде всего хочу выразить искреннюю благодарность Президенту Путину, Правительству России и оргкомитету форума. Вы создали по‑настоящему важную платформу для диалога, сотрудничества и развития наших стран. Восточный экономический форум стал важнейшей площадкой для экономического сотрудничества, инвестиций, инноваций и региональных связей в Азиатско-Тихоокеанском регионе. В условиях глобальных перемен именно этот форум даёт мощный импульс для укрепления партнёрства и поиска новых путей устойчивого развития. Тема нынешнего форума „Дальний Восток – развитие во благо народа“ отражает главную мысль развития региона и должна служить интересам людей. И важную роль в этом играет сотрудничество между Дальним Востоком и нашими странами. В настоящее время Мьянма реализует совместные проекты с фондом „РК-Инвестиции“ в нефтегазовом и производственном секторах. Кроме того, две страны обсуждают и реализуют ряд проектов, включая металлургический завод, завод по производству удобрений, глубоководный порт в особой экономической зоне „Давэй“, экспорт топлива».

Деловая программа была разделена на пять тематических треков: «Жить и работать на Дальнем Востоке», «Механизмы привлечения частных инвестиций», «Дальний Восток – полюс международного взаимодействия», «Технологии настоящего и будущего», «Логистика и инфраструктура для роста экономики».

«Президент России Владимир Владимирович Путин ещё раз подтвердил, что развитие Дальнего Востока является безусловным приоритетом нашей страны. Это наш мандат доверия. Благодаря ему и решениям главы государства Дальний Восток демонстрирует опережающие темпы социально-экономического развития. Восточный экономический форум – эффективный инструмент развития. На площадке форума встречаются бизнесмены, политики, ведущие эксперты в сфере экономики и по социальным вопросам. Форум, собрав представителей 78 стран, ещё раз подтвердил свою значимость на мировом уровне. Также форум – это отчёт перед Президентом о том, что сделано для развития макрорегиона, и доклад, как мы планируем двигаться дальше, чтобы Дальний Восток продолжал активно развиваться, чтобы запускались предприятия, реализовывались инвестиционные проекты, модернизировались и строились социальные объекты – школы, детские сады, больницы, поликлиники, библиотеки, спортивные сооружения – и в конечном итоге улучшалось качество жизни дальневосточников. И конечно, форум – это не просто отчёт полпредства или Министерства о выполненной работе. Это доклад о том, какой вклад в развитие страны внёс каждый дальневосточник. Потому что только от совместной работы зависит то, каким будет Дальний Восток завтра и в какой стране будут жить наши дети», – сказал Заместитель Председателя Правительства Российской Федерации – полномочный представитель Президента Российской Федерации в Дальневосточном федеральном округе, председатель организационного комитета по подготовке и проведению ВЭФ Юрий Трутнев.

В программу ВЭФ вошло более 150 деловых мероприятий с участием более тысячи спикеров.

В рамках форума прошли встречи представителей деловых кругов России и стран Азиатско-Тихоокеанского региона: состоялись бизнес-диалоги «Россия – Китай», «Россия – Индия», «Россия – Монголия», «Россия – АСЕАН».

Также состоялись четвёртый международный форум «День сокола», Форум креативных индустрий, Международная конференция АТЭС по сотрудничеству в сфере высшего образования, Форум МСП, международная конференция «Перекрёстки цивилизаций: роль транспортной интеграции в истории АТР».

На полях ВЭФ состоялось 23-е заседание Межправительственной российско-китайской комиссии по энергетическому сотрудничеству. В нём приняли участие Заместитель Председателя Правительства России Александр Новак и Заместитель Премьера Государственного совета Китайской Народной Республики Дин Сюэсян.

В форуме приняли участие более 9300 человек, в том числе 1244 представителя СМИ и более 2000 экспонентов из 78 стран, включая Россию. Среди них также более 850 участников молодёжного дня ВЭФ «День будущего».

«Переход экономических, финансовых, технологических центров в Азиатско-Тихоокеанский регион состоялся. Поэтому для России ВЭФ – это прежде всего окно в мир широких возможностей и развития. Всё, что обсуждается на форуме, подчинено одной цели – сделать жизнь людей лучше. От успехов в этом направлении будет зависеть и выполнение других государственных целей, связанных с Дальним Востоком. Сказанное на ВЭФ всегда имеет практическое значение и учитывается в поручениях главы государства по итогам форума. Мы вправе сегодня называть ВЭФ одним из важнейших деловых событий года для нашей страны. Форум уже далеко вышел за рамки просто экономического форума. Принятые здесь решения, касаются всего региона, уже ставшего локомотивом мировой экономики. Это подтверждается в том числе тем, что на прошедшем ВЭФ были подписаны соглашения на рекордную сумму – почти 7 трлн рублей», – отметил советник Президента Российской Федерации, ответственный секретарь оргкомитета по подготовке и проведению ВЭФ Антон Кобяков.

Самые многочисленные делегации представляли Китай, Индонезию, Японию, Вьетнам, Республику Корея, Индию, Мьянму.

В числе высокопоставленных зарубежных официальных лиц в форуме приняли участие Президент Индонезии Прабово Субианто, Премьер-министр Монголии Ням-Осорын Учрал, вице-президент Республики Союз Мьянма Ньоу Со, Заместитель Премьера Государственного совета Китайской Народной Республики Дин Сюэсян.

На ВЭФ прибыли следующие иностранные министры:

Министр финансов Вьетнама Ван Туан Нго, Союзный министр электроэнергетики и энергетики Мьянмы Ко Ко Лвин, Министр промышленности и минеральных ресурсов Монголии Дамдинням Гонгор, Министр дорог и транспорта Монголии Дэлгэрсайхан Борхуу, Министр энергетики Монголии Бадрах Найдалаа, Министр продовольствия, сельского хозяйства и легкой промышленности Монголии Идэрбат Цагаанхуу, Министр-координатор по экономическим вопросам Индонезии Хартарто Аирлангга, Министр иностранных дел Индонезии Сугионо, Министр высшего образования, науки и технологий Индонезии Бриан Юлиарто, Министр инвестиций и перерабатывающей промышленности Индонезии Розан Перкаса Роузлани.

В числе глав международных организаций и объединений в форуме принимала участие Генеральный секретарь Международного органа по морскому дну Летисия Карвальо Кремер.

Также среди иностранных гостей ВЭФ были Генеральный прокурор Таиланда Иттипорн Каевтип и Губернатор провинции Палаван (Филиппины) Ами Алварез.

Генеральный секретарь Ассоциации региональных администраций стран Северо-Восточной Азии Бен Джин Лим и Ответственный секретарь, Руководитель секретариата Парламентской Ассамблеи Организации Договора о коллективной безопасности Сергей Поспелов приняли участие в формате ВКС.

В форуме приняли участие 15 глав дипломатических корпусов, а также порядка 2400 представителей российского и иностранного бизнеса из более чем 1050 компаний.

На форуме подписано 328 соглашений, договоров, меморандумов, планов и «дорожных карт». Общая сумма подписанных документов составляет почти 6 трлн 814 млрд 693 млн рублей.

● Республика Саха (Якутия), АО «Корпорация развития Дальнего Востока и Арктики» и АО «Корпорация развития Республики Саха (Якутия)» подписали соглашение о сотрудничестве при реализации проекта международного транспортного коридора «Мохэ – Найба», закрепляющее координацию усилий по созданию транспортно-логистической инфраструктуры на территории Якутии, которая свяжет территорию Китайской Народной Республики с российской республикой через Амурскую область. Проект предусматривает создание международного совмещённого пограничного перехода с КНР, строительство глубоководного порта Найба, новой железнодорожной линии Нижний Бестях – Найба протяжённостью около 1,3 тыс. км с выходом к порту, а также линии до Магадана протяжённостью около 1,67 тыс. км – суммарно более 2,9 тыс. км железнодорожной инфраструктуры. Коридор сформирует новый меридиональный маршрут, связывающий страны Азиатско-Тихоокеанского региона и Юго-Восточной Азии с Трансарктическим транспортным коридором; объём грузов оценивается в 2 млн тонн в год. КРДВ и Корпорация развития Республики Саха (Якутия) займутся согласованием взаимодействия сторон и формированием концепции проекта, помогут подобрать земельные участки, обеспечить их инфраструктурой, привлечь финансирование и получить меры государственной поддержки. Завершено предварительное технико-экономическое обоснование проекта, подтвердившее возможность его реализации без привлечения средств федерального бюджета; формируется международный консорциум инвесторов. Объём инвестиций составляет более 1 трлн 130 млрд рублей.

● АО «Корпорация развития Дальнего Востока и Арктики», АО «ВИС» и АО «Фонд „Кристалл роста“» подписали соглашение о формировании инвестиционного механизма реализации комплексного проекта развития Арктики и Трансарктического транспортного коридора. Соглашение направлено на объединение усилий сторон по привлечению и структурированию инвестиций в проекты, связанные с развитием транспортной, портовой, логистической и иной инфраструктуры Арктической зоны Российской Федерации. В рамках взаимодействия предполагается формирование механизмов финансирования комплексных инфраструктурных проектов, определение потенциальных источников капитала и координация действий участников для обеспечения реализации проектов Трансарктического транспортного коридора. Сумма инвестиций составила 1 трлн рублей.

● Государственная корпорация по атомной энергии «Росатом» и АО «Корпорация развития Дальнего Востока и Арктики» подписали соглашение о взаимодействии в рамках реализации проектов развития Арктической зоны Российской Федерации и Трансарктического транспортного коридора. Стороны договорились о координации усилий в сфере развития арктической транспортной инфраструктуры, в том числе по вопросам формирования ледокольно-транспортной модели, развития Северного морского пути и создания условий для реализации инвестиционных проектов в Арктике. В рамках соглашения предполагается взаимодействие по привлечению инвестиций, подготовке и реализации инфраструктурных проектов, а также обеспечению их комплексного сопровождения с использованием механизмов государственной поддержки. Объём инвестиций по соглашению – 724,3 млрд рублей.

● АО СПК «Глубоководный порт Архангельск» и АО «Корпорация развития Дальнего Востока и Арктики» подписали соглашение о реализации проекта по строительству глубоководного района морского порта Архангельск. Проект предусматривает создание современной портовой инфраструктуры, которая должна повысить транспортно-логистический потенциал Архангельской области и усилить роль региона в обслуживании грузопотоков по северным направлениям. Объём инвестиций составляет 466,6 млрд рублей.

● АО «Корпорация развития Дальнего Востока и Арктики» и ООО «СОЛАР ЗК» подписали соглашение о реализации инвестиционного проекта. Объём заявленных инвестиций составляет 212,5 млрд рублей.

● АО «Корпорация развития Дальнего Востока и Арктики» и ООО «ВЛТ „КОРФ“» подписали соглашение о реализации первого этапа проекта по строительству высокоширотного логистического терминала в Олюторском районе Камчатского края. Терминал предназначен для перевалки сухих и наливных грузов с судов ледового класса на суда, не предназначенные для работы в ледовых условиях. Проект предусматривает использование незамерзающей бухты Корф, обладающей стратегическим значением для организации морской логистики в восточной части Арктики и на Дальнем Востоке. Объём инвестиций составляет 139,1 млрд рублей.

● АО «Корпорация развития Дальнего Востока и Арктики» и МИК «Инновационные технологии» подписали соглашение о создании единого межрегионального промышленного кластера по глубокой переработке нефтехимического сырья на территории Хабаровского края, Приморского края и Амурской области. Кластер объединит переработчиков, поставщиков сырья и экспортёров в трёх субъектах Дальнего Востока для формирования экосистемы глубокой переработки полимеров. Реализация проекта запланирована на период с 2026 по 2032 год, суммарная мощность переработки предприятиями-резидентами составит более 100 тыс. тонн полимерного сырья в год. Предполагаемый ассортимент включает трубы и фитинги, промышленную, пищевую, потребительскую и транспортную упаковку, контейнеры для твёрдых бытовых отходов, литьевые изделия и продукцию для агропромышленного комплекса. Выпуск ориентирован как на внутренний рынок, так и на экспорт в страны Латинской Америки, Африки и Юго-Восточной Азии. Ведётся подбор земельных участков на трёх площадках: Западная в Приморском крае, Ровное в Амурской области и «Вектор» в Хабаровском крае. Объём инвестиций составляет 100 млрд рублей.

● Республика Бурятия, АО «Корпорация развития Дальнего Востока и Арктики» и ООО «Байкал Недра Гео» подписали соглашение на 85,9 млрд рублей о сотрудничестве в целях реализации инвестиционного проекта по строительству Новоуоянского калийного комбината на базе месторождения сынныритов «Калюмное» в Северо-Байкальском районе Республики Бурятия. Проект предполагает создание предприятия полного цикла по добыче и комплексной переработке сынныритовой руды – комплексного калий-алюмосиликатного минерального сырья; рудная база месторождения оценивается в 2 млрд тонн, что позволит обеспечивать производственный процесс на протяжении более 100 лет. Производственный портфель предприятия будет включать калийную группу (сульфат калия, калимагнезия, гидроксид калия), группу металлов (металлургический глинозём, железорудный концентрат) и группу диоксида кремния. Предполагаемые объёмы годового производства составят 1 млн тонн по калийной группе и 0,7 млн тонн по группе металлов, поэтапный выход на производственную мощность планируется на 2030–2031 годы. Стороны будут координировать усилия в процессе предпроектных мероприятий: формирование концепции проекта с учётом потребностей и экономического потенциала региона, выбор земельных участков, проработку инфраструктурного обеспечения, взаимодействие с региональными органами власти и институтами развития. Реализация проекта позволит создать порядка 1 тыс. новых рабочих мест. КРДВ обеспечит комплексное сопровождение и окажет содействие в получении статуса резидента территории опережающего развития «Бурятия».

Восточный экономический форум вновь стал значимой площадкой для развития международного сотрудничества в спорте. Во Владивосток приехали спортсмены и руководители спорта из 10 стран. Министр спорта, председатель ОКР Михаил Дегтярёв провёл рабочие встречи с президентом Южноафриканской спортивной конфедерации, Олимпийского и Паралимпийского комитета ЮАР Барри Хендриксом и первым вице-президентом Олимпийского комитета Монголии Наранбаатором Чойжаваа.

Гребцы из России, Китая, Казахстана, Узбекистана, Армении, Киргизии и Афганистана приняли участие в Международной Владивостокской регате. На «Улице Дальнего Востока» состоялся матч сборных России и Монголии по мас-рестлингу.

Олимпийский чемпион по лыжным гонкам Никита Крюков наградил участников забега «Борись и побеждай, в котором приняли участие более тысячи человек. Егор Титов, Дмитрий Аленичев, Андрей Тихонов и другие звезды футбола сыграли в товарищеском матче и провели мастер-классы для юных футболистов Приморья. В акватории Амурского залива был организован первый Кубок ВЭФ по плаванию на открытой воде. Традиционно состоялся международный «Парад парусов». В стартовый день форума завершился автомарафон «Выборг – Владивосток», экипаж которого преодолел около 10 тыс. км менее чем за пять суток. Также гости ВЭФ приняли участие в турнирах по шахматам и настольному теннису. Официальной страховой компанией Спортивных игр ВЭФ-2026 выступило «СберСтрахование».

Ф естиваль культуры « Владивостокские сезоны»

Фестиваль проходил уже в пятый раз. Он объединил более 40 выставочных, концертных и просветительских проектов, которые были доступны для участников форума, жителей и гостей города. Программа познакомила посетителей с историей, искусством и культурным наследием Дальнего Востока.

Ключевым событием фестиваля стал грандиозный гала-концерт «Мелодии Тихого» для жителей и гостей города на площади Борцов Революции. Среди участников концерта – духовые оркестры Военно-Морского Флота и лучшие творческие коллективы из регионов Дальнего Востока.

1 сентября состоялся арт-коктейль «Владивостокские сезоны».

Яркая концертная программа регионов Дальнего Востока прошла в рамках выставки «Улица Дальнего Востока», которая позволила продемонстрировать национальные традиции, современное исполнительское искусство и культурное многообразие каждого субъекта ДФО. Концертная программа в этом году была посвящена Году единства народов России, объявленному Президентом России, и объединила многонациональное искусство, народы и народности, населяющие Дальний Восток.

Большое внимание было уделено тематическим экспозициям. Началом фестиваля культуры «Владивостокские сезоны» стало открытие выставки «Русский импрессионизм. Стихии цвета» в Приморской государственной картинной галерее. Выставка будет доступна жителям и гостям города до 29 ноября. А в музее-заповеднике истории Дальнего Востока им. Арсеньева до 20 сентября работает выставка «Четыре упряжки Льва Толстого». Среди ключевых проектов – выставки «120 лет под водой» и «Взгляд на Восток», а также экспозиции музея-заповедника «Владивостокская крепость», раскрывающие историю морского форпоста России на Тихом океане.

Важное место в программе занял проект «От алеутов до якутов. Дальневосточный вектор», посвящённый богатству и культурному разнообразию региона и раскрывающий тему Года единства народов России.

На ВЭФ-2026 традиционно состоялась выставка «Улица Дальнего Востока». На ней 11 дальневосточных регионов представили свои ключевые проекты и достижения в сфере экономики, культуры и туризма.

На площадке также работали стенды Минспорта России «Дом спорта» и «Арена ГТО», совместный павильон Министерства Российской Федерации по развитию Дальнего Востока и Арктики и Корпорации развития Дальнего Востока и Арктики «Развиваем Дальний», павильон корпорации «Туризм.РФ», пространство «Дом сокола», Арабская деревня и экспозиция центра «Воин». Также Приморский край организовал работу Рыбного рынка. Выставка продолжит работу до 7 сентября для жителей и гостей Приморья.

IV Международный форум «День сокола» состоялся 1 сентября, в стартовый день ВЭФ. Представители органов власти, международных природоохранных организаций, научного сообщества и профильных экспертов из России и других стран обсудили вопросы международного сотрудничества в сфере сохранения редких видов птиц, восстановление природных популяций соколиных и дрофиных, применение современных технологий, экологическое просвещение и развитие природоохранных инициатив.

В мероприятиях форума приняли участие порядка 1250 человек из 44 стран.

Ключевое мероприятие – пленарная сессия «Живые символы: сохранение соколиных – от традиций до современных программ». Эксперты обсудили промежуточные итоги реализации Рамочной декларации о намерениях по сохранению популяции кречета и международный опыт сохранения соколиных птиц.

В рамках форума было заявлено, что в Московской области будет создана постоянная площадка для международных конференций по соколиной охоте – российско-арабская деревня «Соколиный двор».

Тематический павильон «Дом сокола» открылся на выставке «Улица Дальнего Востока». В церемонии открытия экспозиции приняли участие представители делегации Объединённых Арабских Эмиратов. На площадке павильона прошло выступление фольклорного ансамбля «Аль-Мазьюд Аль-Харбия» из ОАЭ. В павильоне представили сапсана, балобана и кречета, выращенных в питомнике Peregrinus Falcon. Посетители смогли познакомиться со специалистами-птицеводами и задать им вопросы. В этом году также открылся кинозал, где можно было посмотреть фильмы о редких видах птиц и особо охраняемых природных территориях России.

Эксперты из России, Китая, Индии, Индонезии, ОАЭ, Республики Корея и других стран обсудили развитие креативной экономики, международную кооперацию, инвестиции в интеллектуальную собственность, роль медиа в развитии территорий, новые форматы контента, подготовку кадров для экономики будущего и креативные индустрии как инструмент социальной интеграции.

Центральным событием стала пленарная дискуссия «Креатив как стратегия: экономика смыслов и международного влияния», посвящённая экспорту культурных продуктов и интеллектуальной собственности, развитию международной кооперации и продвижению российских креативных проектов на зарубежных рынках.

Среди тем форума – развитие новых форматов контента, роль медиа в позиционировании Дальнего Востока, а также международная кооперация в сфере креативных индустрий.

В рамках основной деловой программы ВЭФ состоялись дискуссии, посвящённые социокреативной повестке. 2 сентября прошла сессия «К общему будущему: инклюзия как ресурс развития Дальнего Востока», посвящённая созданию среды равных возможностей, развитию человеческого капитала и вовлечению разных групп граждан в экономическую и общественную жизнь. 3 сентября на сессиях «Вдохновляющие инвестиции: стратегия развития для роста и масштабирования» и «Креативный Дальний: от локальных брендов до экспорта в АТР» обсуждались механизмы финансирования креативных проектов, их экспортный потенциал и возможности выхода на внешние рынки.

Фонд «Росконгресс» представил масштабный проект «Душа России», объединивший народные художественные промыслы, современное искусство, региональные бренды, культурные инициативы и деловую программу, посвящённую развитию креативной экономики и продвижению гуманитарного потенциала России. Генеральными партнёрами проекта выступили платёжная система А7 и ПАО «Банк ПСБ».

На стенде «Душа России» состоялись дискуссии, посвящённые креативной индустрии, платформенной экономике, превращению народных промыслов в глобальные бренды, социальным инвестициям в развитие Дальнего Востока. Была организована питч-сессия для молодых театральных деятелей.

Отдельную зону занял новый совместный выставочный проект «Народные художественные промыслы – Душа России», впервые организованный на форуме Минпромторгом России и фондом «Росконгресс» при поддержке Совета Федерации и Государственной Думы. В экспозиции было представлено более 50 изделий народных художественных промыслов и произведений современного искусства.

Кроме того, в рамках программы проекта «Душа России» на площадке ВЭФ представили одну из уникальных работ Александра Дейнеки «У моря». После завершения форума она экспонируется в Приморской государственной картинной галерее. Также в программу вошли выставка работ художников Дальнего Востока, посвящённых морской тематике, и большой концерт «Душа России. Язык, который понимают все» с участием звёзд российской эстрады, местных и зарубежных творческих коллективов.

Форум впервые состоялся на полях ВЭФ. В его программу вошли четыре тематические сессии, которые были посвящены туристическому потенциалу Дальнего Востока, внедрению систем информационной безопасности в работу малого и среднего бизнеса, наращиванию взаимодействия МСП со странами Азии и повышению производительности сотрудников как новому ресурсу развития и масштабирования.

Р оссийско-китайский онлайн-фестиваль «С делано в России»

На площадке форума во Владивостоке Российский экспортный центр организовал российско-китайский онлайн-фестиваль «Сделано в России». Мероприятие нацелено на развитие российского экспорта по онлайн-каналам в Китай. Фестиваль представляет собой серию онлайн-стримов популярных китайских блогеров с прямыми продажами российских товаров на китайских электронных торговых площадках. Главный стрим провела одна из самых влиятельных китайских инфлюенсеров в сфере электронной коммерции Ян Жуньсинь, известная под псевдонимом Даньдань. Её аудитория на платформе социальной коммерции Kuaishou составляет около 100 миллионов подписчиков.

Площадка «Росконгресс Урбан Хаб» объединила актуальную повестку пространственного и городского развития: за три дня состоялось 11 тематических сессий, презентация Дальневосточной архитектурной премии, презентация специального аналитического исследования для девелоперов и студенческая профориентационная клаузура «Градостроительный вызов». Представители федеральной и региональной власти, бизнеса, институтов развития и экспертного сообщества обсудили демографию, мастер-планирование и КРТ, развитие индустриальных и арктических городов, ИЖС, туризм, цифровизацию строительства и инвестиции в городскую среду. Сквозным результатом работы площадки стал общий подход к развитию территорий как единой системы, где долгосрочное планирование, партнёрство государства и бизнеса, инфраструктурная подготовка проектов и качество городской среды напрямую связаны со способностью городов привлекать и удерживать людей.

«Территория инноваций» фонда «Росконгресс» впервые предстала на ВЭФ в новом статусе, не только как ведущая дискуссионная площадка по вопросам технологического предпринимательства и наукоёмких отраслей, но и как соучредитель ряда перспективных проектов в сфере искусственного интеллекта, строительного мониторинга, биометрии, распределённой энергетики, роботизации, строительства и экологичных материалов. Все представленные на площадке решения уже доказали свою эффективность на практике и могут успешно применяться для решения вызовов, стоящих перед Дальним Востоком.

В рамках программы «Территория инноваций» состоялась питч-сессия инновационных и технологических проектов, победителями которой стали производитель премиальных аксессуаров для мобильных телефонов Magssory, компания «Фабрика Каркасов» с проектом развития регионов через строительную технологию «ЛСТК 3.0» и Лаборатория искусственного интеллекта Якутии, разработавшая систему детекции особо крупных алмазов «Сверхкрупный».

Партнёр «Территории инноваций» – компания «Интеррос» – провела интерактивную игру «Гении русского бизнеса», посвящённую выдающимся русским предпринимателям и бизнес-кейсам от XV века до современности.

Также на выставке «Территория инноваций» работали объединённый стенд Корпорации развития Республики Саха (Якутия), где можно было познакомиться с передовыми цифровыми и креативными решениями региона, и стенд МИИГАиК с демонстрацией работы цифровой платформы всероссийского масштаба «Национальная система пространственных данных».

Отдельный интерес у участников ВЭФ вызвала продукция компании «Аэрохит», являющейся резидентом ТОР «Хабаровск» и специализирующейся на выпуске БПЛА, оснащённых волоконно-оптической связью и продвинутыми ИИ-системами.

На территории «Гостиной губернаторов» состоялась 41 встреча. Был подписан ряд соглашений, прошли презентация инвестиционных проектов фонда «РК-Инвестиции» и награждение субъектов Российской Федерации, продемонстрировавших наивысшие темпы роста в Национальном рейтинге состояния инвестиционного климата.

Roscongress Club выступил площадкой для приёма лидеров бизнеса, глав компаний и делегаций, партнёров (в числе которых ООО «Сибур» и ООО «Амур Минералс»). На территории пространства было проведено более 20 деловых встреч разного уровня. В рамках работы Roscongress Club состоялись церемонии подписания и деловые мероприятия, направленные на укрепление партнёрских связей и развитие сотрудничества между российскими и международными компаниями.

На площадке Восточного экономического форума была организована секция «ВЭФ.Юниор» для старшеклассников и «Академия ВЭФ» для студентов, в рамках которой на площадке собрались 60 школьников из разных регионов России и 30 студентов из ведущих вузов России. Для участников была подготовлена программа из девяти образовательных, дискуссионных и практико-ориентированных мероприятий, направленных на развитие компетенций, необходимых молодым людям для дальнейшей учебы, профессиональной реализации и запуска собственных проектов.

На площадке форума был размещён ряд выставочных экспозиций. Среди них – выставка портретов ведущих учёных России «Наука в лицах», лучшие фотоработы ХХ Международного фестиваля дикой природы «Золотая черепаха», выставки «Добрые соседи» и «Морской город Владивосток». Открыта скульптура «Амурский тигр», а также представлены мозаичные панно А.А.Голобокова. Была организована фотовыставка «Тени исчезают сегодня» и открыта экспозиция Музея спичечной этикетки.

Экспертно-аналитическое сопровождение форума опирается на многолетний опыт и непрерывную цифровую трансформацию. Аналитический контур ВЭФ-2026 основан на усовершенствованном интеллектуальном сервисе «Саммари», который успешно используется на крупнейших деловых мероприятиях. В ходе модернизации сервиса была автоматизирована генерация кратких обобщений дискуссий с выделением ключевых выводов, проблем и решений. Новые технологии позволяют в реальном времени создавать визуальные «облака смыслов» и выделять основные цитаты спикеров.

Все оперативные материалы и экспресс-аналитика подготовлены на базе передовой ИИ-технологии «ИнФорум».

Главным итоговым документом форума станет масштабный отчёт «Итоги Восточного экономического форума – 2026». Электронная версия исследования будет доступна для скачивания в информационно-аналитической системе ROSCONGRESS.RU .

Аналитическое сопровождение ВЭФ-2026 объединило ключевые научные и образовательные центры страны. В экспертную группу вошли ведущие специалисты из Дальневосточного федерального университета, Национального исследовательского университета «Высшая школа экономики», МГУ им. М.В.Ломоносова, Российско-китайского научно-исследовательского Центра цифровой экономики, Дальневосточного отделения Российской академии наук, Института проблем региональной экономики РАН, Дирекции научно-технических программ, Тихоокеанского государственного университета имени М.П.Даниловского, Морского государственного университета имени адмирала Г.И.Невельского, Санкт-Петербургского государственного экономического университета, Российского экономического университета имени Г.В.Плеханова, золотые медалисты олимпиады «Я – профессионал».

Важной частью аналитики ВЭФ-2026 стало непрерывное социологическое сопровождение, реализованное фондом «Росконгресс» совместно с Аналитическим центром ВЦИОМ. Фокус исследования этого года был направлен на экспресс-мониторинг мнений участников форума о перспективах развития Дальнего Востока, ситуации в жилищной сфере в макрорегионе и потенциале сотрудничества России со странами АТР, а также на оценку эффективности площадки и качества деловых контактов.

Титульные партнёры ВЭФ-2026 – А7, «ВЭБ.РФ». Генеральный спонсор – ВТБ. Генеральные партнёры – «Газпром», «РусГидро», «Эльга». Стратегический партнёр – ПАО «Россети». Официальный авиаперевозчик форума – ПАО «Аэрофлот». ГигаПартнёр – «Сбер». Официальные партнёры – «Росатом», «Удоканская медь».

Информационными партнёрами форума выступили: ТК «Россия 24», РБК, МИЦ «Известия» (газета «Известия», РенТВ, Пятый канал), ТК «Russia Today», Lenta.ru, Газета.ru, Чемпионат.ру, ИА «ТАСС», МИА «Россия сегодня» (РИА «Новости», Sputnik), холдинг «Газпром-медиа», радио «Бизнес ФМ», ИА «Интерфакс», «Российская газета», ИД «Коммерсантъ», ТК «НТВ», «Ведомости», газета «Аргументы и факты», News Media, ИД «Комсомольская правда», Холдинг 1MI, журнал «Эксперт», Шкулёв Медиа Холдинг, сетевое издание News.ru, журнал «Региональная Россия», EcoStandard.journal, ИА «Восток России», телеканал «Звезда», газета «Советский спорт», RuTube, мажоритарная государственная телевизионная сеть Phoenix Television (Китай), телеканал VTV (Вьетнам), Вьетнамское информационное агентство — VNA (Вьетнам), газета Nhan Dan (Вьетнам), радиостанция VOV (Вьетнам), ИД «Магаданская правда», ИА «Лидер» – «Аргументы и факты – Дальинформ», телеканал «Губерния», РИА «Биробиджан», ИА «Восток-Телеинформ», Общественное телевидение Приморья, сетевое издание PrimaMedia, ИА «Восток-Медиа», «Аргументы и факты. Приморье», ИА «Хабаровский край сегодня», газета «Приамурские ведомости», ИД «Буряад Унэн», журнал «РБК-Приморье», телерадиокомпания «Тивиком», Амурское областное телевидение, РИА «АмурМедиа», ИА «Якутское-Саха информационное агентство», «ТВ-Колыма-Плюс», ИД «Биробиджан», ИА «Чукотка» («ПроЧукотку»), деловой еженедельник «Конкурент», ТК Якутия 24 (НВК «Саха»).",government.ru,deepseek/deepseek-v4-flash
government.ru,Татьяна Голикова провела обсуждение традиционных ценностей и развития культуры на встрече «Наши ценности»,Татьяна Голикова: Наша главная ценность – это люди,http://government.ru/news/59790/,—,Общество,Низкий,"В Национальном центре «Россия» прошла встреча цикла «Родина — это люди» на тему «Наши ценности». Заместитель Председателя Правительства Татьяна Голикова и участники обсудили традиционные духовно-нравственные ценности, сохранение исторического наследия, поддержку культуры и молодых талантов. В рамках мероприятия также вручили ведомственные медали Александра Твардовского.",4 сентября 2026,"Татьяна Голикова, Ольга Любимова, Михаил Развожаев, деятели культуры и участники проекта","Обсуждение традиционных ценностей, культурного наследия и поддержки культуры на встрече «Родина — это люди»",4 сентября 2026,"Для GS Labs значимых последствий нет. Новость не затрагивает регулирование ИТ/телекома, реестр российского ПО, защиту контента или IT-аккредитацию.",Голикова; культура; традиционные ценности; культурное наследие; Родина — это люди; Пушкинская карта,noise,"Материал не связан с ИТ, телекомом, CAS/DRM или реестром российского ПО; для GS Labs это фоновый общественно-политический шум.",false,"Татьяна Голикова выступила на тему «Наши ценности» на встрече из цикла «Родина – это люди» в рамках всероссийского проекта «С чего начинается Родина»

В Национальном центре «Россия» в рамках всероссийского проекта «С чего начинается Родина» состоялась новая встреча из цикла «Родина – это люди» на тему «Наши ценности». Участники говорили о духовно-нравственных ориентирах России, сохранении исторического наследия, традиционных ценностей и о том, как государство, общество и конкретные люди помогают передавать эти важные ценности будущим поколениям.

Ключевым спикером мероприятия выступила Заместитель Председателя Правительства Татьяна Голикова.

«Сильным и суверенным государство может быть, только опираясь на прочный ценностный фундамент. Такие ценности складываются веками, становясь частью исторического опыта, культуры и мировоззрения нации. Уникальная идентичность нашей страны – это вклад 194 проживающих в ней народов, а 2026 год, объявленный главой государства Годом единства народов России, призван ещё раз напомнить, что в основе нашего единства, вне зависимости от национальности и вероисповедания, находятся общие духовно-нравственные ценности», – сказала Татьяна Голикова.

На государственном уровне эти ценности закреплены указом Президента страны. В их числе – жизнь, крепкая семья, достоинство, права и свободы человека, патриотизм, созидательный труд, милосердие, – всего их 17.

Вице-премьер отметила, что крепкая семья всегда выделяется среди главных традиционных российских ценностей. Это подтвердили 68% россиян в ходе исследования Аналитического центра ВЦИОМа и Национального центра «Россия». Кроме того, по итогам опроса граждане выделяют такие ценности, как историческая память и преемственность поколений, жизнь, достоинство, права и свободы человека, а также единство народов России.

Защита традиционных ценностей является стратегическим национальным приоритетом. В рамках этой деятельности при Государственном совете действует комиссия по направлению «Культура и традиционные духовно-нравственные ценности». В реализацию государственной политики вовлечены федеральные и региональные органы власти, институты гражданского общества, религиозные организации. Работа в этом направлении охватывает практически все сферы – образование, воспитание, работу с молодёжью, науку, средства массовой информации, архивные учреждения, сохраняющие историко-документальное наследие, и культуру.

«Сегодня по всей стране реализуются десятки тысяч культурных и просветительских проектов. Особое внимание – сохранению исторической памяти, возрождению малой родины, событиям специальной военной операции, отечественному кинематографу, театральному и музыкальному искусству и другим направлениям. Наша задача – не просто сохранять достоверные знания о прошлом, но и передавать их будущим поколениям», – отметила вице-премьер.

Для того чтобы почувствовать интересы молодёжной аудитории в возрасте 14–22 лет, была запущена «Пушкинская карта». В работу по карте вовлечено более 12 тыс. учреждений культуры – от крупнейших федеральных театров до муниципальных библиотек. За пять лет по карте приобретено более 115 млн билетов, из которых 13 млн – только с начала этого года.

«Карта наиболее востребована у школьников до 17 лет. Самым популярным выбором из года в год традиционно остаётся кино, но мы видим интерес молодых людей к известным на весь мир музеям и театрам – Третьяковской галерее, Исаакиевскому собору, Эрмитажу, Русскому музею, Мариинскому театру, МХТ имени Чехова. Отмечаем высокую популярность не только столичных учреждений: в число лидеров по посещаемости входят Астраханский государственный театр оперы и балета, Башкирская государственная филармония, Новосибирский театр оперы и балета», – сказала вице-премьер.

Татьяна Голикова подчеркнула, что появление качественного и содержательного культурного продукта невозможно без создания условий для развития отрасли, её инфраструктуры.

«За предыдущее десятилетие в стране на 20% увеличилось число музеев. За последние четыре года на территориях исторических регионов число кинозалов увеличилось с двух до 101. Благодаря проекту “Всероссийский виртуальный концертный зал„ жители более 500 населённых пунктов, в том числе удалённых от крупных городов, получили возможность смотреть концерты ведущих исполнителей в реальном времени и в отличном качестве. В декабре 2024 года завершился национальный проект “Культура„, сегодня мы продолжаем начатую работу в рамках федерального проекта “Семейные ценности и инфраструктура культуры„ нацпроекта “Семья„. К 2030 году будет модернизировано и оснащено около 11 тыс. учреждений культуры, в том числе отремонтируем или оснастим все филармонии страны», – отметила вице-премьер.

Она добавила, что важное направление – возрождение малой родины. На это нацелен совместный с партией «Единая Россия» федеральный проект «Культура малой Родины», который предусматривает ремонт и оснащение учреждений культуры в сёлах и малых городах. Кроме этого, уделяется внимание развитию коммунальной, транспортной инфраструктуры, созданию и модернизации объектов образования, здравоохранения, спорта, благоустройству парков, набережных, общественных пространств. Для этого реализуются программы развития сельских территорий и опорных населённых пунктов. Эти меры позволяют повысить привлекательность глубинки, создать точки притяжения как для самих жителей, так и для туристов.

«Но ничего не было бы возможно без наших людей – тех, кто формирует сегодняшний облик культуры, сохраняет традиции и передаёт их молодому поколению. Это 600 тысяч человек, которые трудятся в более чем 90 тыс. учреждений культуры по всей стране», – подчеркнула Татьяна Голикова.

В рамках мероприятия вице-премьер Татьяна Голикова и Министр культуры Ольга Любимова вручили ведомственные награды – медали Александра Твардовского. Награда вручается деятелям культуры, искусства и креативных индустрий за значимый вклад в реализацию творческих проектов в условиях военных действий и при других обстоятельствах, сопряжённых с риском для жизни, а также за заслуги в реализации творческих проектов, отражающих силу искусства в поднятии духа и укреплении нравственных ориентиров общества.

«Для Министерства культуры, для отрасли культуры Родина – это люди, это наши зрители, наши читатели, наши слушатели и деятели культуры. Мы все – большая семья, наполненная талантливыми людьми. Сегодня мы вручаем ведомственную награду – медаль имени Александра Трифоновича Твардовского. В последние годы его стихи звучат особенно трепетно. Мы вручаем эту награду тем деятелям культуры, которые в самое сложное время посчитали своим долгом отправиться на фронт, в госпитали, приехать с концертами в новые исторические регионы, где так сложно встретиться со своим зрителем, подарить своё творчество», – отметила Ольга Любимова.

В рамках встречи губернатор Севастополя, председатель комиссии Государственного совета по направлению культуры и традиционных духовно-нравственных ценностей Михаил Развожаев поделился опытом своего региона, где сама история определяет его роль духовного ориентира. Он также рассказал об уникальных музейных проектах, которые стали точками опоры для сохранения исторической памяти и воспитания молодёжи. По словам Михаила Развожаева, задача сегодня – сохранять наследие, наполнять его новыми смыслами и делать опорой для будущего страны.

Руководитель Национального центра исторической памяти при Президенте Российской Федерации Елена Малышева рассказала, как сегодня в России формируется система сохранения исторической памяти, какие инструменты и технологии для этого используются и почему защита исторической правды становится одной из главных задач государства и общества.

Также в мероприятии приняли участие известные деятели культуры. Директор Государственного архива Российской Федерации Лариса Роговая подчеркнула, что важно защищать достоверное знание о прошлом, основанное на архивных источниках, бережно относиться к архивным документам и вести системную просветительскую работу. Актёр театра и кино, руководитель Московского губернского театра, художественный руководитель МХАТ им. М.Горького Сергей Безруков рассказал о традиционной школе русского психологического театра. Участник СВО и поэт Сергей Лобанов представил свою позицию в вопросе о художественном осмыслении исторических событий.

Кроме того, к сессии присоединились художественный руководитель балетной труппы Мариинского театра Андриан Фадеев, композитор, директор хора Сретенского монастыря Фёдор Степанов, художественный руководитель и главный дирижёр Московского государственного академического симфонического оркестра Иван Никифорчин.

Отдельное внимание на встрече было уделено поддержке молодых талантов. На примере личного опыта спикеры рассказали, как в стране решаются вопросы организации бесплатного и доступного дополнительного образования для детей в школах искусств, что нужно для формирования у молодого поколения профессиональных и творческих компетенций, какие кадровые возможности может создать отрасль для молодых руководителей. Своими практиками поделились создатель народного культурно-выставочного проекта «Сысертский завод-музей» Александр Савичев и директор Детской художественной школы №1 города Тольятти Лариса Кабина.

«Главная ценность – это люди. Наша ключевая задача – обеспечить каждому россиянину, независимо от возраста и места, где он живёт, возможность приобщиться к нашему общему культурному и духовному наследию», – отметила в заключение Татьяна Голикова.",government.ru,deepseek/deepseek-v4-flash
government.ru,Михаил Мишустин и члены Правительства участвовали в совещании у Президента с членами Совета Безопасности,Михаил Мишустин и члены Правительства приняли участие в оперативном совещании у Президента России с членами Совета Безопасности,http://government.ru/news/59793/,—,Политика,Низкий,"Опубликовано краткое сообщение о том, что Михаил Мишустин и члены Правительства приняли участие в оперативном совещании у Президента России с членами Совета Безопасности. Совещание прошло в режиме видеоконференции. Содержание и повестка совещания в публикации не раскрыты.",4 сентября 2026,"Михаил Мишустин, члены Правительства РФ, Президент РФ, Совет Безопасности",Правительство РФ участвовало в оперативном совещании с Президентом и Советом Безопасности в формате видеоконференции.,"4 сентября 2026 года (дата публикации), подробности не указаны","Содержание совещания не раскрыто, поэтому определить возможные последствия для отрасли или GS Labs невозможно.",Правительство РФ; Совет Безопасности; Михаил Мишустин; оперативное совещание,noise,"Новость не связана с деятельностью GS Labs: в ней отсутствуют темы ИТ, телекома, регулирования или реестра российского ПО, поэтому для компании это информационный шум.",false,"Совещание прошло в режиме видеоконференции.

Подробности – http://www.kremlin.ru/events/president/news/80690 .",government.ru,deepseek/deepseek-v4-flash
government.ru,"Вице-премьер Новак в интервью рассказал о развитии Дальнего Востока, топливном рынке и газификации",Александр Новак дал интервью телеканалу «Россия 24»,http://government.ru/news/59787/,—,Экономика,Низкий,"Вице-премьер Александр Новак в интервью телеканалу «Россия 24» сообщил о развитии Дальнего Востока, ситуации на топливном рынке и планах по газификации. Он отметил рост ВРП региона, наличие дефицита бензина и продление запрета на его экспорт до конца января 2027 года, снижение инфляции до 6,3% и строительство газовой перемычки «Сила Сибири – 1» и Сахалин – Хабаровск – Владивосток в первой половине 2027 года.",4 сентября 2026,"Александр Новак, Правительство РФ, телеканал «Россия 24»",Вице-премьер дал интервью об экономической ситуации и энергетике,4 сентября 2026 года (дата публикации); событие — интервью,"Для GS Labs и отрасли цифрового ТВ/OTT прямых последствий нет. Возможно косвенное влияние макроэкономических факторов (инфляция, ключевая ставка) на инвестиционный климат в IT.",экономика; энергетика; Дальний Восток; топливо; газификация,noise,"Новость не касается разработки ПО, телевещания, CAS/DRM или регулирования IT-отрасли. Это общеэкономический обзор, поэтому для мониторинга GS Labs является шумом.",false,"Вице-премьер рассказал об экономическом развитии Дальнего Востока, ситуации на топливном рынке, процессе газификации страны, переориентации энергетических потоков страны.

— Дальний Восток – уникальный регион, который обладает своими преимуществами: богатые природные ресурсы, близость к рынкам сбыта и, конечно, человеческий капитал – люди, которые здесь живут и работают. Регион развивается более активно: объём регионального продукта растёт примерно на 50%, индекс промышленного производства и объём инвестиций также выше.

— Сегодня внутренний рынок полностью обеспечен дизельным топливом и авиакеросином. Что касается автомобильного бензина, то сейчас действительно есть небольшой дефицит. Правительство принимает все необходимые меры для балансировки внутреннего рынка: на днях было принято решение о продлении запрета на экспорт дизельного топлива. По бензину запрет экспорта будет действовать до конца января 2027 года.

— Уровень инфляции сегодня снизился примерно до 6,3%. Поэтому мы и дальше надеемся, что ключевая ставка будет снижаться и по мере этого станут возвращаться инвестиционные стимулы предприятий и частного сектора, для того чтобы обеспечивать рост инвестиций, который даст дополнительный экономический рост.

— С учётом текущей ситуации и трансформации нашей внешнеэкономической деятельности в сторону дружественных стран и стран, растущих экономически более быстрыми темпами, в приоритете у России Азиатско-Тихоокеанский регион. Туда поставляется примерно 80% российской нефти, значительное количество газа, в том числе и трубопроводного: только в Китайскую Народную Республику в этом году поставим примерно 50 млрд кубометров – по «Силе Сибири – 1» и через Казахстан – 10 млрд кубометров. Поставляется также сжиженный природный газ, уголь – примерно 170 млн т.

— В первой половине 2027 года будет построена перемычка между газопроводами «Сила Сибири – 1» и Сахалин – Хабаровск – Владивосток, что позволит газифицировать новые регионы: Еврейская автономная область, регионы; дополнительные объёмы пойдут также на Дальний Восток.

«Будем и дальше реализовывать программу развития газовой отрасли Дальневосточного федерального округа и реализацию задач, поставленных Президентом по социальной газификации», – подчеркнул Александр Новак.",government.ru,deepseek/deepseek-v4-flash
government.ru,Дмитрий Григоренко в ходе рабочей поездки на Сахалин оценил внедрение ИИ и цифровых технологий,Дмитрий Григоренко: Сахалинская область – среди лидеров по внедрению искусственного интеллекта в стране,http://government.ru/news/59786/,—,Технологии,Низкий,"Заместитель председателя правительства Дмитрий Григоренко посетил Сахалинскую область и ознакомился с результатами внедрения цифровых технологий на основе данных и ИИ. Регион занимает второе место в рейтинге цифровой трансформации и реализует около 90 ИИ-решений в различных сферах. Григоренко отметил высокую эффективность региона, привели примеры использования ИИ в мониторинге лесных пожаров и системе «Безопасный город». Также обсуждались развитие беспилотных авиационных систем и подготовка ИТ-кадров.",4 сентября 2026,"Дмитрий Григоренко, Сахалинская область, Валерий Лимаренко, Сахалинский центр ИИ, научно-производственный центр «Крылья Сахалина»",Заместитель председателя правительства Дмитрий Григоренко посетил Сахалинскую область для ознакомления с внедрением ИИ и цифровых технологий.,4 сентября 2026 года,"Новость не содержит прямых последствий для GS Labs. Она может свидетельствовать о растущем внимании государства к практическому применению ИИ и цифровых технологий в регионах, что в перспективе способно повлиять на государственную политику в области технологий и создавать спрос на интеграцию ИИ в различные отрасли.",искусственный интеллект; цифровая трансформация; Сахалинская область; государственное управление; беспилотные авиационные системы; подготовка ИТ-кадров,noise,"Новость не связана с деятельностью GS Labs: не упоминаются цифровое ТВ, OTT, CAS/DRM, реестр российского ПО или телеком-регулирование; речь идет о применении ИИ в госуправлении, региональных сервисах и беспилотниках.",false,"Дмитрий Григоренко посетил с рабочей поездкой Сахалинскую область. Справа - губернатор Сахалинской области Валерий Лимаренко

Заместитель Председателя Правительства – Руководитель Аппарата Правительства Дмитрий Григоренко посетил с рабочей поездкой Сахалинскую область и ознакомился с результатами внедрения цифровых технологий. Вице-премьеру были представлены системы для управления регионом на основе данных, разработки Сахалинского центра ИИ и научно-производственного центра «Крылья Сахалина», который внедряет беспилотные авиационные системы в различные сферы – от транспорта и сельского хозяйства до мониторинга природных угроз.

Сахалинская область занимает второе место в рейтинге цифровой трансформации субъектов России и уже третий год подряд входит в десятку регионов-лидеров. Сегодня в регионе реализуется около 90 ИИ-решений в различных сферах – от государственного управления и здравоохранения до образования, транспорта и городского хозяйства. Для сравнения: в среднем по России на один регион приходится порядка 10 таких решений. Кроме того, на Сахалине разработано более 70 сценариев применения беспилотников – в том числе для экологического мониторинга и предупреждения природных угроз.

«Сахалинская область – среди лидеров цифровизации в стране, в том числе по внедрению технологий ИИ. В регионе цифровые решения применяются практически во всех отраслях – от госуправления до медицины. Здесь научились не просто работать с данными, а использовать их так, чтобы они приносили пользу каждому жителю. Это даёт конкретный, измеримый эффект: цифровизация в регионе ускоряет процессы, помогает сокращать бюрократические процедуры. Но её главное преимущество в том, что при грамотной работе с большими данными сервисы и услуги можно адаптировать под реальные потребности человека», – отметил Дмитрий Григоренко.

Один из ключевых принципов цифровой трансформации региона – переход от применения отдельных технологий к управлению на основе данных. При этом решения оцениваются прежде всего по конкретному измеримому эффекту, оценке которого уделяют особое внимание при внедрении технологий. Так, благодаря видеомониторингу лесных пожаров с использованием искусственного интеллекта в 2025 году были ликвидированы 100% лесных пожаров в течение суток с момента обнаружения. Система «Безопасный город» с применением ИИ в 2026 году помогла раскрыть почти 400 преступлений.

Практический эффект от применения технологий получают и в экологическом мониторинге и городском хозяйстве. Беспилотники используются для контроля завалов на реках, незаконной вырубки и стихийных свалок. ИИ в системе «Безопасный город» выявляет потенциально опасные события и автоматически передаёт информацию в центр реагирования. С помощью дронов также обследуют фасады и крыши зданий, а тепловизоры позволяют выявлять утечки тепла и отклонения в работе линий электропередачи.

«Главная цель цифровой трансформации – чтобы сахалинцы и курильчане становились счастливее. К примеру, раньше технические средства реабилитации для инвалидов изготавливали два года – сейчас за месяц. Был запрос жителей на свежевыловленную рыбу – сейчас на телефон приходит уведомление, где и когда её можно купить. Система управления регионом стала работать в разы быстрее и эффективнее, и все эти процессы нацелены на одно – заботу о людях», – сказал губернатор Сахалинской области Валерий Лимаренко.

Высокие темпы цифровой трансформации поддерживаются развитием региональной ИТ-отрасли и подготовкой кадров. На Сахалине создаются условия для развития технологического бизнеса, в том числе в рамках территории опережающего развития «Курилы». Регион также сотрудничает с бизнесом в подготовке специалистов по ИТ и искусственному интеллекту. Один из примеров – «Школа 21» «Сбера» в Южно-Сахалинске, где бесплатно получить ИТ-образование могут люди независимо от возраста и предыдущего опыта. Обучение ориентировано на практику и разработку цифровых решений для конкретных задач региона и бизнеса.",government.ru,deepseek/deepseek-v4-flash
government.ru,Денис Мантуров посетил Иркутский завод тяжёлого машиностроения,Денис Мантуров ознакомился с производственными мощностями Иркутского завода тяжёлого машиностроения,http://government.ru/news/59785/,—,Экономика,Низкий,"Первый вице-премьер Денис Мантуров вместе с региональными чиновниками посетил Иркутский завод тяжёлого машиностроения. Предприятие производит оборудование для горнодобывающей и металлургической отраслей и увеличило мощности в 1,6 раза после модернизации. Визит подчеркнул курс на импортозамещение в тяжёлом машиностроении.",4 сентября 2026,"Денис Мантуров, Анатолий Серышев, Игорь Кобзев, Сергей Тен, Иркутский завод тяжёлого машиностроения",Первый вице-премьер Денис Мантуров посетил Иркутский завод тяжёлого машиностроения и обсудил развитие промышленности,4 сентября 2026,"Для GS Labs новость не имеет последствий, так как описывает событие в тяжёлом машиностроении без связи с ИТ-отраслью, цифровым ТВ или телекомом.",Мантуров; Иркутский завод тяжёлого машиностроения; импортозамещение; промышленность; машиностроение,noise,"Новость не касается GS Labs: ИТ, телеком, цифровое ТВ и CAS/DRM не упоминаются. Это событие из сферы тяжёлой промышленности, не пересекающееся с деятельностью компании.",false,"Денис Мантуров ознакомился с производственными мощностями Иркутского завода тяжелого машиностроения. Слева - полномочный представитель Президента в Сибирском федеральном округе Анатолий Серышев, губернатор Иркутской области Игорь Кобзев, кандидат в депутаты Государственной думы Сергей Тен

Первый заместитель Председателя Правительства Денис Мантуров ознакомился с производственными мощностями Иркутского завода тяжёлого машиностроения. Вместе с ним завод посетили полномочный представитель Президента в Сибирском федеральном округе Анатолий Серышев, губернатор Иркутской области Игорь Кобзев, кандидат в депутаты Государственной Думы Сергей Тен.

Иркутский завод тяжёлого машиностроения производит оборудование для золотодобывающей отрасли, чёрной и цветной металлургии, горно-обогатительной промышленности. Сегодня сфера деятельности ИЗТМ охватывает весь цикл создания сложного промышленного оборудования – от разработки проекта и внедрения его в производственную цепочку заказчика до пусконаладочных работ и обучения персонала. Производственная база предприятия включает цеха, оснащённые металлообрабатывающим, литейным и сборочным оборудованием. Первый вице-премьер подчеркнул, что проекты в металлургической и горно-обогатительной промышленности должны реализовываться с опорой на российские компетенции.

Предприятие активно развивается, используя меры государственной поддержки. Так, в рамках участия в федеральном проекте «Производительность труда» ИЗТМ увеличил выработку на одного сотрудника в месяц на 21% за счёт организации производственных ячеек и предварительной комплектации заказов.

В начале 2026 года Иркутский завод тяжёлого машиностроения увеличил производственные мощности по выпуску специального промышленного оборудования для недропользования и металлургии. В результате модернизации объём производства вырос в 1,6 раза, что позволит заместить на рынке часть импортной продукции. Общий объём инвестиций в обновление станочного парка составил 112 млн рублей. Из них 67,5 млн рублей предоставил федеральный Фонд развития промышленности, ещё 7,5 млн – ФРП Иркутской области. Финансирование осуществлялось в рамках совместной федерально-региональной программы «Проекты развития».",government.ru,deepseek/deepseek-v4-flash
government.ru,Заместитель председателя правительства Александр Новак выступил на открытии VIII Российско-Китайского энергетического бизнес-форума во Владивостоке,Александр Новак выступил на открытии восьмого Российско-Китайского энергетического бизнес-форума,http://government.ru/news/59783/,—,Экономика,Низкий,"4 сентября 2026 года во Владивостоке открылся VIII Российско-Китайский энергетический бизнес-форум. Заместитель председателя правительства Александр Новак выступил на церемонии открытия, отметив важность укрепления энергетической безопасности и стабильности поставок. Он также пригласил китайских коллег на форум «Российская энергетическая неделя» в октябре 2026 года. В мероприятии участвуют представители крупнейших энергетических компаний и банков.",4 сентября 2026,"Александр Новак, Дин Сюэсян, Игорь Сечин, Сергей Цивилев, представители отраслевых компаний, банков, институтов развития",Открытие VIII Российско-Китайского энергетического бизнес-форума с речью Александра Новака,"4 сентября 2026 года, Владивосток","Для GS Labs последствий нет. Событие не связано с телекомом, IT-отраслью или регулированием ПО. Возможное влияние для энергетической отрасли: расширение сотрудничества России и Китая в энергетике.",энергетика; Россия-Китай; форум; Александр Новак; Владивосток,noise,"Новость относится к энергетической отрасли и международному сотрудничеству, не связана с продуктами GS Labs (цифровое ТВ, OTT, защита контента), реестром российского ПО или регулированием IT. Для компании это информационный шум.",false,"Александр Новак выступил на открытии VIII Российско-Китайского энергетического бизнес-форума

Заместитель Председателя Правительства Александр Новак выступил на открытии восьмого Российско-Китайского энергетического бизнес-форума, который стартовал во Владивостоке. В мероприятии приняли участие Заместитель Премьера Госсовета КНР Дин Сюэсян, главный исполнительный директор компании «Роснефть» Игорь Сечин, Министр энергетики Сергей Цивилев, руководители отраслевых компаний, банков, представители институтов развития.

Целью работы форума является развитие диалога между Россией и Китаем в области энергетики, повышение эффективности и расширение портфеля совместных проектов, привлечение инвестиций.

«Наша общая задача – укреплять энергетическую безопасность, гарантировать стабильность отгрузок, наращивать инфраструктуру, технологии и инвестиции. Россия настроена на самое тесное взаимодействие с китайскими друзьями по всем направлениям – от традиционных ресурсов до новых технологических и климатических решений. Главное, что Россия предлагает рынку вместе с ресурсами, – надёжность. Даже в условиях внешнего давления российский ТЭК в полном объёме выполняет обязательства, играя стабилизирующую роль на мировом рынке энергоресурсов. Уверен, что бизнес-форум позволит предметно обсудить все сопутствующие вопросы и определить дальнейшие шаги», – отметил вице-премьер.

В завершение выступления Александр Новак пригласил китайских коллег принять участие в международном форуме «Российская энергетическая неделя», который состоится в октябре 2026 года в Москве.",government.ru,deepseek/deepseek-v4-flash
government.ru,"Вице-премьер Хуснуллин сообщил о привлечении 1,8 трлн рублей инвестиций в ЦФО через инфраструктурные кредиты","Марат Хуснуллин: Инфраструктурные кредиты обеспечили привлечение более 1,8 трлн рублей внебюджетных инвестиций в ЦФО",http://government.ru/news/59784/,—,Экономика,Низкий,"Марат Хуснуллин доложил, что с 2022 года в Центральном федеральном округе благодаря инфраструктурным кредитам (ИБК, СКК, КИК) введено 12,7 млн кв. м жилья и привлечено более 1,8 трлн рублей внебюджетных инвестиций. Также построено и реконструировано порядка 130 объектов ЖКХ и более 560 км коммунальных сетей. Оператором программ выступает Фонд развития территорий под кураторством Минстроя России.",4 сентября 2026,"Марат Хуснуллин, Фонд развития территорий, Минстрой России",Отчёт о результатах инфраструктурных кредитов в Центральном федеральном округе,"4 сентября 2026 года, данные с 2022 года нарастающим итогом","Новость не связана с IT, телекомом или регулированием ПО. Для GS Labs прямых последствий нет; косвенно может означать развитие региональной инфраструктуры, но без влияния на продукты компании.",инфраструктурные кредиты; ЦФО; жильё; ЖКХ; Марат Хуснуллин; Фонд развития территорий,noise,"Это шум для GS Labs: новость о жилищном строительстве и ЖКХ, не содержит упоминаний IT, связи, цифровых технологий или регулирования, затрагивающего телеком-отрасль.",false,"С помощью механизмов инфраструктурных бюджетных (ИБК), специальных казначейских (СКК) и казначейских инфраструктурных (КИК) кредитов в Центральном федеральном округе введено около 12,7 млн кв. м жилья и привлечено более 1,8 трлн рублей внебюджетных средств. Об этом сообщил Заместитель Председателя Правительства Марат Хуснуллин.

«Инфраструктурные кредиты остаются одним из наиболее эффективных инструментов для развития регионов. Так, в Центральном федеральном округе нарастающим итогом с 2022 года введено около 12,7 млн кв. м жилья, привлечено более 1,8 трлн рублей внебюджетных инвестиций и создано 75 тыс. рабочих мест. В рамках ИБК план на 2026 год по внебюджетным средствам перевыполнен на 34%, а по рабочим местам – в полтора раза. Там, где создаётся современная инфраструктура, появляются новые рабочие места, формируется комфортная среда, растёт уровень качества жизни, а территории получают импульс для долгосрочного развития», – отметил Марат Хуснуллин.

Фонд развития территорий – оператор программ инфраструктурных кредитов под кураторством Минстроя России.

«Большое внимание в регионах ЦФО уделяется модернизации жилищно-коммунального хозяйства, которая осуществляется в том числе благодаря инфраструктурным кредитам. К примеру, с 2022 года с их помощью в округе построено и реконструировано порядка 130 объектов ЖКХ, в том числе более 560 км коммунальных сетей. Реализация этих проектов направлена на повышение качества жизни граждан. ФРТ продолжит обеспечивать поддержку регионов для достижения целевых показателей в рамках нацпроекта “Инфраструктура для жизни„», – отметил генеральный директор ФРТ Василий Купызин.

Всего для ЦФО одобрены средства ИБК, СКК и КИК на 271 объекта ЖКХ, из которых 130 завершены.",government.ru,deepseek/deepseek-v4-flash
government.ru,Вице-премьер Дмитрий Григоренко провёл встречу с ИТ-компаниями Приморского края по мерам поддержки отрасли,Дмитрий Григоренко провёл встречу с ИТ-компаниями Приморского края,http://government.ru/news/59782/,—,Регулирование,Низкий,"В рамках Восточного экономического форума – 2026 вице-премьер Дмитрий Григоренко встретился с ИТ-компаниями Приморского края. Обсуждались поддержка ИТ-отрасли, снятие регуляторных барьеров, развитие ИИ и ИТ-кадров. По итогам встречи дано поручение АНО «Цифровая экономика» рассмотреть предложения компаний, включая упрощение внесения ПО в профильные реестры и предоставление ИТ-льгот для ИБ-интеграторов.",4 сентября 2026,"Дмитрий Григоренко, АНО «Цифровая экономика», ИТ-компании Приморского края (Key Point, МТС, ДВИП, Аврора СИА и другие)","Встреча вице-премьера с ИТ-компаниями региона, обсуждение мер поддержки и поручения по снятию административных барьеров","4 сентября 2026 года, в рамках ВЭФ-2026","Возможное упрощение процедур внесения ПО в реестры российского ПО, что может снизить бюрократическую нагрузку на ИТ-компании, включая GS Labs. Также обсуждаются льготы для ИБ-интеграторов и доступ малых компаний к ИИ-инфраструктуре, что может повлиять на партнёрскую экосистему, но носит предварительный характер.",реестр российского ПО; поддержка ИТ; регуляторные барьеры; ИТ-кадры; ИИ; Приморский край; ВЭФ,low,"Новость косвенно касается GS Labs: упоминается упрощение внесения ПО в реестры, а продукты GS Labs в нём находятся, однако конкретных мер для компании или телеком-отрасли не предлагается.",true,"Дмитрий Григоренко провёл встречу с ИТ-компаниями Приморского края

Заместитель Председателя Правительства – Руководитель Аппарата Правительства Дмитрий Григоренко в рамках Восточного экономического форума – 2026 провёл встречу с ИТ-компаниями Приморского края. Встреча была организована при участии АНО «Цифровая экономика» на площадке ЦОД Key Point. Главными темами стали обсуждение вопросов поддержки ИТ-компаний в регионе, снятие регуляторных барьеров, а также поддержка ИТ-кадров и возможности для развития ИИ.

Сегодня в Приморском крае 936 организаций, занятых в ИТ-секторе региона, 115 из которых входят в реестр аккредитованных. Общий объём выручки аккредитованных ИТ-компаний Приморского края в первом полугодии 2026 года оценивается в 6,4 млрд рублей, что на 14% больше, чем в первом полугодии 2025 года (5,6 млрд рублей). Число занятых в секторе составило 10,8 тысячи человек (это порядка 2% от общей численности занятых в экономике края).

По итогам встречи Дмитрий Григоренко поручил АНО «Цифровая экономика» рассмотреть предложения компаний по ряду вопросов. В частности, по упрощению бюрократических процедур при внесении ПО в профильные реестры, предоставлению малым компаниям доступа к инфраструктуре и мощностям для развития и дообучения ИИ-моделей, возможности предоставления ИТ-льгот для сертифицированных ИБ-интеграторов.

«Развитие ИТ-отрасли невозможно без сильных региональных компаний. Наша задача – создавать условия для их роста и развития конкурентоспособных российских решений. Поэтому мы регулярно встречаемся с бизнесом, в том числе в регионах, чтобы понимать его потребности и находить конкретные решения для снятия административных барьеров», – сказал Дмитрий Григоренко.

Во встрече приняли участие представители «Кей Поинт» (ГК «Свободные технологии»), филиала ПАО «МТС» в Приморском крае, компаний «ДВИП», «Аврора СИА», «Швачер», «ДНС Технологии», «Информационный центр», «Кейсистемс-Владивосток», краевого государственного казённого учреждения «Цифровая лаборатория Правительства Приморского края» (КГКУ «Примлаб»).

Встречи вице-премьера с региональными ИТ-компаниями проходят регулярно при экспертной и организационной поддержке АНО «Цифровая экономика».

«Как отмечает сам бизнес, эти мероприятия позволяют не только выдвинуть свои предложения в адрес курирующего отрасль вице-премьера, но и познакомиться друг с другом, сформировать ИТ-сообщество внутри региона», – прокомментировала генеральный директор АНО «Цифровая экономика» Чулпан Госсамова.",government.ru,deepseek/deepseek-v4-flash
government.ru,Вице-премьер Юрий Трутнев анонсировал премьеру телецикла о дальневосточных путешествиях на канале «Моя планета»,"Юрий Трутнев объявил о запуске телевизионного проекта, посвящённого конкурсу «Дальний Восток – земля приключений», на телеканале «Моя планета»",http://government.ru/news/59780/,—,Общество,Низкий,"Вице-премьер Юрий Трутнев на полях Восточного экономического форума объявил о запуске телевизионного цикла «Дальний Восток. Земля приключений», основанного на фильмах участников одноимённого конкурса. Премьера состоится 5 сентября на канале «Моя планета». Цикл включает 16 выпусков, рассказывающих о природе и путешествиях по Дальнему Востоку и Арктике.",4 сентября 2026,"Юрий Трутнев, телеканал «Моя планета», участники конкурса «Дальний Восток – земля приключений»",Анонс запуска телевизионного цикла о путешествиях по Дальнему Востоку,"Премьера 5 сентября 2026 года, далее по субботам; конкурс IV сезона открыт до 15 января 2027 года","Для отрасли IT и GS Labs последствий нет, так как событие относится к сфере телевещания и туризма, не затрагивает разработку ПО, защиту контента или регулирование телекома.",телевещание; Дальний Восток; конкурс; Моя планета; Трутнев; туризм; noise,noise,"Новость целиком относится к телевизионному контенту и конкурсу путешествий, не связана с продуктами GS Labs (CAS/DRM, OTT, EPG) или реестром российского ПО, поэтому не влияет на компанию.",false,"5 сентября на телеканале «Моя планета» состоится премьера программы, объединившей фильмы участников всероссийского конкурса на лучшее путешествие по Дальнему Востоку и Арктике «Дальний Восток – земля приключений». Проект анонсировал на полях XI Восточного экономического форума инициатор конкурса, Заместитель Председателя Правительства – полномочный представитель Президента в Дальневосточном федеральном округе Юрий Трутнев. Ранее, по итогам церемонии награждения победителей и призёров третьего сезона конкурса в марте текущего года, Юрий Трутнев давал соответствующее поручение о создании цикла передач с фильмами конкурсантов.

Юрий Трутнев объявил о запуске телевизионного проекта, посвященного конкурсу «Дальний Восток — Земля приключений» на телеканале «Моя планета»

«Мы хотим, чтобы как можно больше людей узнали про удивительные территории Дальнего Востока и захотели приехать в Приморье и Магаданскую область, на Камчатку и Сахалин, Забайкалье и Якутию. Каждый фильм, присланный на конкурс, – это открытия путешественника, впечатления и, конечно, испытание силы воли, потому что зачастую выбранные маршруты довольно сложные. В городе нельзя увидеть кита, ощутить свежесть тайги и почувствовать бескрайние просторы тундры. Любовь к Родине, на мой взгляд, начинается именно с того, что узнаёшь её лучше, и для этого нужно совершить своё путешествие, увидеть, как прекрасна наша Россия», – сказал Юрий Трутнев.

«Дальний Восток. Земля приключений!» – новый цикл программ, созданный на основе лучших видеоработ участников всероссийского конкурса на лучшее путешествие по Дальнему Востоку и Арктике. За несколько лет в оргкомитет поступило более 1,5 тыс. заявок, и самые интересные истории вошли в документальный проект телеканала «Моя планета». Каждую из них прокомментировал ведущий Константин Буше – путешественник, объехавший 90 стран.

Цикл состоит из 16 выпусков. В каждом – несколько коротких фильмов, снятых участниками конкурса в самых разных регионах Дальнего Востока: от Бурятии до Чукотки, Камчатки, Сахалина и Курильских островов. Авторы отправлялись в уникальные и труднодоступные места, снимая природу такой, какой увидели сами, – без профессиональной съёмочной группы.

В фильмах– все богатства дальневосточной земли: гейзеры, сопки, тайга, а также уникальные кадры живой природы: медведи, киты, редкие виды птиц. Ради этих съёмок участники проходили сотни километров пешком, сплавлялись по рекам, совершали сложные восхождения.

Премьерный выпуск объединит четыре истории – о Курильских островах, Камчатке, Забайкальском крае и Якутии. Геолог, сотрудник Московского государственного университета, отправится на озеро Онекотан, которое находится в жерле потухшего вулкана; уроженец Петропавловска-Камчатского, исходивший всю Камчатку вдоль и поперёк, покажет полуостров глазами местного жителя; пара пенсионеров совершат путешествие на байдарках по рекам Якутии; жительница Ставрополя сделает остановку во время поездки по Транссибирской магистрали в одном из самых загадочных мест России – Чарской пустыне.

Выпуски программы будут выходить на телеканале «Моя планета» по субботам. Премьера проекта состоится 5 сентября в 10:00 по московскому времени. Также в течение недели будут показаны повторы выпуска (время повторных показов можно уточнить в программе передач телеканала).

IV сезон всероссийского конкурса на лучшее путешествие по Дальнему Востоку и Арктике «Дальний Восток – земля приключений» стартовал 1 мая 2026 года. Чтобы стать участником, необходимо снять короткометражный фильм длительностью до 8 минут о своём путешествии на Дальний Восток или в Арктику и направить его через сайт путешественникдв.рф до 15 января 2027 года.

Конкурс проводится при поддержке аппарата полномочного представителя Президента в Дальневосточном федеральном округе, Минвостокразвития, АО «Корпорация развития Дальнего Востока и Арктики» и НКО «Фонд развития социальных инициатив».",government.ru,deepseek/deepseek-v4-flash
government.ru,Вице-премьер Трутнев доложил президенту Путину о развитии Дальнего Востока на ВЭФ-2026,Юрий Трутнев: Могущество России будет прирастать Дальним Востоком,http://government.ru/news/59781/,—,Политика,Низкий,"Заместитель председателя правительства Юрий Трутнев представил Владимиру Путину доклад о социально-экономическом развитии Дальнего Востока на Восточном экономическом форуме 2026 года. Он сообщил о значительном росте инвестиций, промышленного производства и строительных работ, перечислил достижения в ключевых отраслях — газохимии, горнорудной промышленности, судостроении, авиастроении, агропромышленном комплексе и туризме. В докладе также затронуты проблемы энергоснабжения и транспортной доступности, а также перспективы развития микроэлектроники и ИНТЦ на острове Русский.",4 сентября 2026,"Юрий Трутнев, Владимир Путин",Доклад о развитии Дальнего Востока с презентацией ключевых показателей,4 сентября 2026 года,"Для GS Labs прямых последствий нет. Доклад носит общий характер и не содержит новых нормативных требований, мер поддержки ИТ или изменений в телеком-регулировании. Возможно косвенное влияние на деловой климат в ДФО.",Дальний Восток; ВЭФ-2026; Юрий Трутнев; экономика; региональное развитие,noise,"Новость не касается GS Labs: речь идёт об общих итогах развития региона, без упоминания ПО, цифрового ТВ, телекома или реестра российского ПО. Для компании это шум.",false,"Доклад Заместителя Председателя Правительства – полномочного представителя Президента в ДФО Юрия Трутнева Президенту России Владимиру Путину на интерактивной презентации развития Дальнего Востока в ходе ВЭФ-2026

В соответствии с Вашими поручениями продолжаем работу по развитию Дальнего Востока. Прежде всего позвольте напомнить об основах нашей работы в макрорегионе. Она базируется на 91 федеральном законе, 543 указах Президента и актах Правительства Российской Федерации, которые были приняты при Вашей постоянной поддержке и внимании.

Основные показатели развития на Дальнем Востоке растут существенно выше среднероссийского уровня. За 2014–2025 годы рост инвестиций в основной капитал составляет 469%. Это в полтора раза превышает среднероссийские показатели. Промышленное производство – 330%. Обрабатывающее производство – выше в 1,4 раза. Объём строительных работ – в 1,5 раза. На Дальний Восток с 2015 года привлечено 6,8 трлн рублей частных инвестиций. Построено и уже введено в действие 1118 предприятий. Создана 191 тыс. рабочих мест.

Владимир Владимирович, на X Восточном экономическом форуме Вы поставили перед нами цель – выйти на уровень 12 трлн рублей вложенных инвестиций к 2030 году. Это достаточно высокий уровень. Мы стараемся на него выйти. На сегодняшний день показатели на 1 трлн превышают плановые.

Специальный административный режим помог вернуть в Россию активы 138 компаний на общую сумму 6,2 трлн рублей. С 2018 года резидентами САР уплачено 86 млрд рублей налогов.

Остановлюсь на основных отраслях, обеспечивающих развитие Дальнего Востока.

Прежде всего это газохимия. Объём переработки природного газа с 2023 года вырос с 24 млрд до почти 40 млрд куб. м. Появилась возможность производить целый ряд производных газохимии: этан, полиэтилен, пропан, бутан, гелий и др. Построены огромные предприятия, преобразившие экономику регионов, такие как Амурский газоперерабатывающий кластер, комплекс перегрузки СПГ на Камчатке, Находкинский завод минеральных удобрений.

Одной из базовых отраслей на Дальнем Востоке остаётся горнорудная промышленность. В то же время горнорудная промышленность тоже не стоит на месте: внедряются новые технологии, строятся предприятия, такие как Баимский и Малмыжский горно-обогатительные комбинаты, горно-металлургический комбинат «Удокан». Как результат, объёмы добычи меди на Дальнем Востоке за шесть лет увеличились в 9,4 раза, угля – в 1,7 раза, золота – в 1,3 раза.

Важным направлением работы является транспорт. Мощность морских портов Дальнего Востока увеличилась в 1,5 раза – до 403 млн т. Увеличивается провозная способность Восточного полигона. Значительно – в два с лишним раза – увеличилась площадь складских помещений. Началось строительство таких исторических объектов, как второй Северомуйский тоннель.

Судостроение. Владимир Владимирович, благодаря Вашим решениям на Дальнем Востоке возродилось судостроение. Если с 2016 по 2021 год было построено 10 судов водоизмещением чуть более 200 тыс. т, то с 2022 по 2025 год построено 31 судно общим водоизмещением 2,7 млн т. Построен судостроительный комплекс «Звезда». Строятся Находкинский судоремонтный завод, Восточная верфь и другие предприятия.

Традиционным для Дальнего Востока является авиастроение. Продукция Комсомольского-на-Амуре авиационного завода имени Ю.А.Гагарина широко известна во всём мире. Строятся боевые машины, Sukhoi Superjet. В Улан-Удэ строятся вертолёты Ми-171, Ми-8. Арсеньевская авиационная компания также строит воздушные суда.

Дальний Восток продолжает кормить рыбой всю Россию, а также ряд окружающих стран. Растёт количество рыбоперерабатывающих заводов. В три раза возрос объём производства аквакультуры. С выловом лосося несколько более сложная ситуация. Лосось цикличен. В этом году не лучшие показатели. Мы отдельно доложим.

Агропромышленный комплекс. Для территории, составляющей более 40% площади России, агропромышленный комплекс является важной отраслью. Мы производим выращивание овощей в закрытом грунте. Объём их растёт – вырос почти в два раза. Это важно для обеспечения жителей Дальнего Востока свежими овощами. Также увеличивается количество зерна, сои, животноводческой продукции. Строятся новые агропромышленные предприятия.

Туризм стал важной отраслью для Дальнего Востока. Количество иностранных туристов выросло более чем в пять раз за последние три года. Наши земляки, россияне, тоже стали понимать, что на Дальнем Востоке отдыхать хорошо. Увеличивается номерной фонд. Строится уникальный комплекс «Горный воздух» на Сахалине. На острове Завьялова в Магаданской области – замечательный комплекс. Строятся туристические объекты на Курильских островах.

Для того чтобы поддерживать туризм, мы создали конкурс «Дальний Восток – земля приключений». Ежегодно в нём участвуют тысячи фильмов. Владимир Владимирович, большое спасибо за Ваше поручение средствам массовой информации, онлайн-платформам, которое помогло выводить эти фильмы на экран, чтобы путешественники не только сами видели, как они прошли маршруты, но и могли привлечь других желающих пройтись по дорогам Дальнего Востока.

Отдельным проектом стало обустройство троп в дальневосточных регионах. Мы обустраиваем 18 маршрутов. Это объекты, которые позволяют людям не только путешествовать по родным краям, но и знакомиться с культурой и природой регионов.

Понимаем, что развитие высоких технологий является сегодня во многом конкурентным преимуществом страны, а часто и влияет на безопасность. На Дальнем Востоке строится два новых завода микроэлектроники. Мы занимаемся подготовкой специалистов в наукоёмких отраслях, создаём ИНТЦ на острове Русский.

Важнейшей задачей для любого жителя России считаем поддержку специальной военной операции. Мы создали отдельную оболочку – ТОР «Патриотическая». Благодаря этому производятся различные изделия в разных регионах – более 600 тыс. изделий уже произведено и направлено в зону СВО. Мы не только помогаем нашей армии, но и учимся производить новую продукцию.

Свыше 4,7 тысячи государственных и муниципальных служащих субъектов ДФО приняли участие в боевых действиях. Более 2,7 тысячи человек и сегодня находятся в зоне специальной военной операции.

Владимир Владимирович, докладывая об успехах в развитии Дальнего Востока, я обязан сказать и о трудностях, с которыми мы сталкиваемся. Прежде всего это потребность Дальнего Востока в электроэнергии. Реализация новых инвестиционных проектов требует на 3 ГВт больше, чем предусмотрено текущим планом развития энергосистемы. К 2020 году этот разрыв скажется на потенциале роста, если мы не решим эту проблему. Минэнерго совместно с Минвостокразвития подготовлена программа развития энергетики Дальнего Востока до 2030 года с прогнозом до 2050 года, реализация которой должна покрыть дефицит энергии.

Транспортная доступность Дальнего Востока также крайне важна. Она даёт возможность людям не только передвигаться по территории Дальнего Востока, но и быть связанными со всей территорией нашей страны. Мы поднимались на Ил-114 в аэропорту Владивосток. Хорошая машина. На наших предприятиях строятся суда вертикального взлёта и посадки, вертолёты. С малыми судами для местных воздушных линий всё сложнее, но предложения тоже есть.

Мы развиваем транспортную инфраструктуру. Считаем важным строительство и реконструкцию сухопутных погранпереходов. Ввод новых пяти погранпереходов в 2026 году позволит увеличить пропускную способность на 20 млн т грузов.

Уважаемый Владимир Владимирович, хотел бы закончить тем, что мы уверены: могущество России будет прирастать Дальним Востоком.",government.ru,deepseek/deepseek-v4-flash
government.ru,"Подведены предварительные итоги ВЭФ-2026: 285 соглашений на 6,66 трлн рублей",Юрий Трутнев подвёл предварительные итоги ВЭФ-2026 за три дня: в форуме приняли участие представители 78 стран,http://government.ru/news/59778/,—,Экономика,Низкий,"Во Владивостоке на ВЭФ-2026 подведены предварительные итоги форума: участие приняли более 7 тысяч человек из 78 стран, подписано 285 соглашений на сумму 6,66 трлн рублей. Обсуждались стратегии развития Дальнего Востока и Арктики, технологии и инвестиционные проекты.",4 сентября 2026,"Правительство РФ, Юрий Трутнев, Алексей Чекунков, фонд «Росконгресс», участники форума",Подведение предварительных итогов Восточного экономического форума 2026 и подписание соглашений,"1–4 сентября 2026 года, предварительные итоги за первые три дня (3 сентября 2026)","Возможное влияние на развитие Дальнего Востока и Арктики, включая цифровизацию, но прямых последствий для отрасли цифрового ТВ и ПО не ожидается.",ВЭФ; Дальний Восток; инвестиции; соглашения; экономика; технологии,noise,"Новость не касается GS Labs: не упоминаются телеком, цифровое ТВ, защита контента или регулирование ПО. Это общеэкономическое событие, не влияющее на текущую деятельность компании.",false,"Во Владивостоке 1–4 сентября проходит Восточный экономический форум – 2026. На площадке кампуса Дальневосточного федерального университета собрались представители федеральных и региональных органов власти, российского и зарубежного бизнеса, ведущие эксперты в сфере экономики и управления. Главная тема ВЭФ-2026 – «Дальний Восток – развитие во благо людей». Организатор форума – фонд «Росконгресс» при поддержке Правительства России.

Заместитель Председателя Правительства – полномочный представитель Президента в Дальневосточном федеральном округе, председатель организационного комитета Восточного экономического форума Юрий Трутнев подвёл предварительные итоги ВЭФ за три дня.

«В форуме за три дня приняли участие более 7 тысяч человек из 78 стран мира. По количеству людей это примерно такая же цифра, как в прошлом году. Самые многочисленные делегации: Китай, Индонезия, Япония, Вьетнам, Республика Корея, Индия, Мьянма. Приняли участие 2,4 тысячи представителей российского и иностранного бизнеса из более чем тысячи компаний, 15 глав дипломатического корпуса, 9 министров Российской Федерации, 10 руководителей федеральных служб и агентств, 13 глав субъектов Российской Федерации. В программе форума прошли более 150 деловых мероприятий с участием более тысячи выступающих. Были проведены 1,2 тыс. бизнес-переговоров по проектам развития ДФО. Состоялись бизнес-диалоги с предпринимателями из Китая, Индии, Монголии и стран АСЕАН. В рамках ВЭФ прошёл четвёртый международный форум «День сокола», Форум креативных индустрий, Форум МСП. Традиционно мы организуем выставку “Улица Дальнего Востока„, спортивные и культурные мероприятия», – сказал Юрий Трутнев.

На площадке фонда «Росконгресс» «Территория инноваций» были представлены технологические проекты, нацеленные на опережающее развитие Дальнего Востока. Они призваны решить ключевые вызовы макрорегиона: сложную логистику, особенные климатические условия, энергетический дефицит, необходимость цифровизации и ускоренного строительства.

Юрий Трутнев рассказал об экономических итогах ВЭФ-2026. За три дня форума подписано 285 соглашений на общую сумму 6,66 трлн рублей. Среди крупнейших и значимых публичных соглашений – создание международного транспортного коридора Мохэ – Найба в Республике Саха (Якутия), формирование инвестиционного механизма реализации комплексного проекта развития Арктики и Трансарктического транспортного коридора и другие. «Это большие объёмы работ. Это большой объём финансирования. Эти проекты скажутся на всём развитии Дальнего Востока», – подчеркнул Юрий Трутнев.

Основной темой доклада Президенту России Владимиру Путину на полях ВЭФ-2026 стало формирование целостной системы развития Дальнего Востока.

«К форуму была разработана и согласована в Правительстве, а сейчас на подписании Михаила Владимировича Мишустина находится Стратегия развития Дальнего Востока до 2036 года, которая является результатом годовой работы всего Правительства, Федерального Собрания, экспертного сообщества, всех регионов Дальнего Востока. И она разрабатывалась по поручению Президента, данного на ВЭФ. Совет Безопасности Российской Федерации рассмотрел и согласовал Стратегию развития Арктической зоны до 2050 года. На ВЭФ сейчас много обсуждался Трансарктический транспортный коридор. Можно сказать, что состоялась сшивка Дальнего Востока и Арктики в единый геостратегический макрорегион России с площадью более половины территории страны», – отметил Министр по развитию Дальнего Востока и Арктики Алексей Чекунков.

На ВЭФ-2026 традиционно обсуждались меры государственной поддержки опережающего развития экономики и социальной сферы – повышения качества жизни людей. Сквозной темой форума стали технологии. Архитектура форума, многие сессии и деловые мероприятия касались темы привлечения и развития технологий.

На форуме обсуждалась демографическая политика, в том числе поддержка многодетных семей.

В целом Президентом поддержаны подготовленные Правительством предложения по параметрам единого преференциального режима на всей территории Дальнего Востока и Арктики. На совещании под руководством Президента поднимались вопросы обеспечения Дальнего Востока электроэнергией, развития авиаперевозок, строительства погранпереходов.

Под руководством Президента были запущены в работу девять новых предприятий, представляющих горнорудную промышленность, газохимию, логистику, высокие технологии и энергетику.

Восточный экономический форум проходит 1–4 сентября на площадке кампуса Дальневосточного федерального университета. Главная тема в этом году – «Дальний Восток – развитие во благо людей». Организатор ВЭФ – фонд «Росконгресс» при поддержке Правительства России.",government.ru,deepseek/deepseek-v4-flash
government.ru,Новак и Дин Сюэсян на ВЭФ провели встречу и заседание российско-китайской комиссии по энергетике,Александр Новак принял участие в четвёртом дне Восточного экономического форума,http://government.ru/news/59779/,—,Политика,Низкий,"Вице-премьер РФ Александр Новак на Восточном экономическом форуме встретился с заместителем премьера Госсовета КНР Дин Сюэсяном и провёл в качестве сопредседателя 23-е заседание Межправительственной Российско-Китайской комиссии по энергетическому сотрудничеству. Обсуждались поставки нефти, газа, угля, совместные атомные проекты, а также новые направления: ВИЭ, цифровое управление энергосистемами, климатические решения и взаимное признание зелёных сертификатов.",4 сентября 2026,"Александр Новак, Дин Сюэсян, Правительство РФ, Госсовет КНР",Проведены рабочая встреча и 23-е заседание российско-китайской комиссии по энергетическому сотрудничеству на полях ВЭФ,"4 сентября 2026 года, в рамках четвёртого дня Восточного экономического форума","Прямых последствий для телекома, ИТ и реестра российского ПО в тексте не описано. Для GS Labs новость носит справочный характер; отраслевых решений, влияющих на деятельность компании, не принято.",Россия-Китай; ВЭФ-2026; энергетическое сотрудничество; межправительственная комиссия; нефть и газ; атомная энергетика; цифровое управление энергосистемами,noise,"Новость о межправительственном энергетическом сотрудничестве не связана с разработкой ПО для ТВ/OTT, CAS/DRM, телекомом или реестром российского ПО, поэтому для GS Labs это шум. Упоминание цифрового управления энергосистемами не относится к профилю компании.",false,"Заместитель Председателя Правительства России Александр Новак на площадке Восточного экономического форума провёл рабочую встречу с Заместителем Премьера Госсовета Китайской Народной Республики Дин Сюэсяном.

23‑е заседание Межправительственной Российско-Китайской комиссии по энергетическому сотрудничеству в узком составе

«Россия и Китай рассматривают друг друга в качестве приоритетных партнёров, неизменно придерживаются принципов уважительного, равноправного, доверительного взаимодействия, решительной двусторонней поддержки по ключевым для обеих сторон вопросам. Удовлетворены поступательным развитием российско-китайских отношений всеобъемлющего партнёрства и стратегического взаимодействия», – сказал Александр Новак.

Он отметил, что главной движущей силой двустороннего сотрудничества остаётся личный контакт лидеров двух стран.

Также вице-премьер в качестве сопредседателя провёл 23‑е заседание Межправительственной Российско-Китайской комиссии по энергетическому сотрудничеству.

«Устойчивые торгово-экономические связи формируют прочную материальную базу отношений между Россией и Китаем. Особое место в них занимает энергетика. КНР является крупнейшим зарубежным партнёром России в этой сфере. На российские энергоресурсы приходится большая часть всего товарооборота между нашими странами – за 2025 год эта доля составила порядка 30%. Россия со своей стороны надёжно выполняет контрактные обязательства, обеспечивает стабильные поставки энергоносителей и вносит вклад в устойчивость мирового энергетического рынка», – подчеркнул Александр Новак.

Вице-премьер добавил, что Россия сохраняет лидирующие позиции среди поставщиков нефти в Китай. Прорабатывается возможность увеличения объёмов поставок энергоресурсов через Казахстан, а также повышение устойчивости логистики.

Стабильно растёт экспорт трубопроводного газа по газопроводу «Сила Сибири», Россия надёжно обеспечивает поставки на максимальном контрактном уровне. Готовится к запуску дальневосточный маршрут, продолжается диалог по другим перспективным направлениям поставок российского газа в КНР, включая проект «Сила Байкала». Новые маршруты расширят возможности взаимовыгодной торговли и повысят устойчивость общей энергетической инфраструктуры.

Кроме того, развиваются совместные проекты по добыче и сжижению газа в Арктической зоне, строительству комплекса по переработке этансодержащего газа на Балтике, освоению Зашуланского угольного месторождения в Забайкальском крае.

Было отмечено, что Россия остаётся одним из ведущих поставщиков угля на китайский рынок и заинтересована в стабильных поставках, а также развитии транспортной инфраструктуры.

Стратегическое значение сохраняет мирный атом. По контрактным графикам поставляется оборудование для блоков 7–8 Тяньваньской АЭС и блоков 3–4 АЭС «Сюйдапу». Завершены поставки основного оборудования для китайского реактора на быстрых нейтронах. Россия готова обсуждать новые совместные проекты, подготовку специалистов и исследования по перспективным ядерным технологиям.

Александр Новак отметил, что в повестке работы комиссии всё большее место занимают новые направления: возобновляемая энергетика, цифровое управление энергосистемами, климатические решения, а также взаимное признание зелёных сертификатов.",government.ru,deepseek/deepseek-v4-flash
government.ru,Правительство анонсировало запуск 95 новых кластеров «Профессионалитета» в 42 регионах в 2027 году,Дмитрий Чернышенко: 95 новых кластеров «Профессионалитета» начнут работу в 2027 году,http://government.ru/news/59775/,—,Общество,Низкий,"В Калуге прошло совещание по подготовке к запуску 95 новых кластеров федерального проекта «Профессионалитет» нацпроекта «Молодёжь и дети» в 2027 году. Отобрано 389 заявок, к проекту присоединятся 430 колледжей и более 620 предприятий-работодателей. К 2030 году проект должен охватить 100% колледжей и техникумов России.",4 сентября 2026,"Правительство РФ, Дмитрий Чернышенко, Минпросвещения, Сергей Кравцов, регионы и образовательные организации",Отобраны и готовятся к запуску 95 новых образовательных кластеров среднего профессионального образования по проекту «Профессионалитет»,"Запуск кластеров в 2027 году, отбор завершён в 2026 году, полный охват колледжей планируется к 2030 году","Расширение практико-ориентированного среднего профессионального образования, привлечение бизнеса к подготовке кадров. Для GS Labs прямых последствий нет; возможен лишь отдалённый кадровый эффект на IT-рынок.",Профессионалитет; среднее профессиональное образование; Чернышенко; Кравцов; Минпросвещения; нацпроект Молодёжь и дети,noise,"Новость посвящена развитию системы среднего профессионального образования и не затрагивает разработку ПО, телеком-рынок, защиту контента или регулирование отрасли GS Labs. Для PR/GR-задач это шумовая новость без практического влияния на компанию.",false,"В Федеральном технопарке профессионального образования в Калуге прошло совещание с командами кластеров федерального проекта «Профессионалитет» нацпроекта «Молодёжь и дети», которые начнут работу в 2027 году. Заместитель Председателя Правительства Дмитрий Чернышенко и Министр просвещения Сергей Кравцов прокомментировали результаты отбора и планы на предстоящий период.

«В 2027 году благодаря федеральному проекту “Профессионалитет„ нацпроекта “Молодёжь и дети„ в 42 регионах России начнут работать 95 новых кластеров. Это позволит укрепить связь между образовательными организациями и предприятиями, усилить практико-ориентированность среднего профессионального образования по 19 отраслям. Важно, что регионы видят эффект от проекта и активно участвуют в отборах. Как подчёркивает Президент Владимир Владимирович Путин, мы по праву гордимся историей отечественного профессионального образования. Создание новых и успешная работа уже созданных кластеров показывают, что эта история продолжается», – заявил Дмитрий Чернышенко.

Всего на конкурс поступило 389 заявок по 22 отраслям. Благодаря новым кластерам к «Профессионалитету» присоединятся ещё 430 колледжей, более 620 предприятий-работодателей. Ожидается, что к 2030 году в федеральный проект войдут 100% колледжей и техникумов.

«Расширение сети кластеров “Профессионалитета„ в 2027 году представляет собой реальное укрепление кадрового каркаса регионов. Проект уже доказал свою эффективность: он стал точкой притяжения для бизнеса и ориентиром для молодёжи, которая хочет получить востребованную профессию. Мы видим, что система СПО меняется – она становится более гибкой, современной и тесно связанной с реальным сектором экономики. Важно, что к проекту присоединяются новые субъекты, где раньше такой модели не было. Это значит, что у ребят по всей стране появляется больше возможностей для самореализации, а у работодателей – доступ к подготовленным кадрам прямо на местах. Уверен, что каждый новый кластер внесёт свой вклад в развитие региональной экономики и страны в целом», – прокомментировал Министр просвещения Сергей Кравцов.

Наибольшее количество кластеров в 2027 году откроется в Башкортостане – 8, Якутии и Челябинской области – по 7, Нижегородской области – 6, в Вологодской, Новосибирской и Смоленской областях, Пермском и Хабаровском краях, а также в Республике Татарстан – по 4.

Шестой раз подряд в число победителей конкурса попадают Кемеровская, Нижегородская, Омская, Оренбургская, Свердловская, Челябинская области, Пермский и Хабаровский края, республики Башкортостан, Бурятия и Татарстан.

Республика Калмыкия впервые в 2027 году присоединится к федеральному проекту «Профессионалитет». Первый образовательный кластер по направлению «Строительная отрасль» будет создан на базе Элистинского политехнического колледжа имени И.Н.Эльвартынова. Проектная команда региона представила «дорожную карту» запуска на установочном совещании с представителями Института развития профессионального образования.

Главной задачей встречи стала подготовка региональных команд к запуску кластеров. Участники обсудили создание современных мастерских, внедрение практико-ориентированных программ, защиту стратегии работы кластера до 2029 года, а также проведение Единого дня открытых дверей для привлечения абитуриентов.

До открытия кластеров региональным командам предстоит пройти весь цикл подготовки, чтобы к началу приёмной кампании 2027 года кластер был готов к работе – от инфраструктуры до обновлённых образовательных программ под запрос работодателей-партнёров.",government.ru,deepseek/deepseek-v4-flash
regulation.gov.ru,ФАС утверждает предельные максимальные тарифы «Севастополь Телеком» на фиксированную телефонную связь и телеграммы,"Об утверждении предельных максимальных уровней тарифов на услуги местной телефонной связи, услугу по предоставлению внутризонового телефонного соединения абоненту (пользователю) сети фиксированной телефонной связи для передачи голосовой информации, факсимильных сообщений и данных и тарифов на услугу по передаче внутренней телеграммы, предоставляемые акционерным обществом «Севастополь Телеком» на территории г. Севастополя",https://regulation.gov.ru/projects/168717/,ФАС России,Регулирование,Низкий,"На regulation.gov.ru опубликован проект НПА об утверждении предельных максимальных уровней тарифов на услуги местной телефонной связи, внутризоновые соединения и передачу внутренних телеграмм для АО «Севастополь Телеком» на территории Севастополя. Документ ограничивает стоимость услуг фиксированной связи регионального оператора. Коснется только абонентов «Севастополь Телеком» и не затрагивает рынки цифрового ТВ, OTT или защиты контента.",2026-06-26T18:09:17.873Z,"ФАС России, АО «Севастополь Телеком», regulation.gov.ru",Утверждение предельных максимальных уровней тарифов для «Севастополь Телеком» на услуги фиксированной телефонной связи и телеграф,"2026-06-26 (публикация на regulation.gov.ru), стадия проекта — текст не предоставлен","Для отрасли — ограничение тарифов отдельного регионального оператора связи, не влияет на конкурентную среду в масштабах страны. Для GS Labs последствий нет, так как документ не касается разработки ПО, лицензирования, реестра или телеком-рынка в целом.",тарифы; фиксированная связь; Севастополь Телеком; ФАС,noise,"Шум для GS Labs: документ регулирует тарифы одного регионального фиксированного оператора и не затрагивает разработку ПО для ТВ/OTT, CAS/DRM или рынок, где работает компания.",false,"Об утверждении предельных максимальных уровней тарифов на услуги местной телефонной связи, услугу по предоставлению внутризонового телефонного соединения абоненту (пользователю) сети фиксированной телефонной связи для передачи голосовой информации, факсимильных сообщений и данных и тарифов на услугу по передаче внутренней телеграммы, предоставляемые акционерным обществом «Севастополь Телеком» на территории г. Севастополя",regulation.gov.ru,deepseek/deepseek-v4-flash
regulation.gov.ru,Размещён проект предельных тарифов «Космической связи» на доставку сигналов обязательных телерадиоканалов до эфирного оборудования,"Об утверждении предельных максимальных уровней тарифов на услугу по доставке сигналов общероссийских обязательных общедоступных телеканалов и радиоканалов до радиоэлектронных средств, предназначенных для передачи сигнала в эфир, предоставляемую ФГУП «Космическая связь",https://regulation.gov.ru/projects/161225/,ФАС России,Регулирование,Низкий,"На regulation.gov.ru размещён проект акта об утверждении предельных максимальных уровней тарифов на услуги ФГУП «Космическая связь» по доставке сигналов общероссийских обязательных телеканалов и радиоканалов до оборудования, передающего сигнал в эфир. Документ находится на стадии публичного обсуждения; тарифные значения в предоставленном тексте не раскрыты.",2025-10-13T13:36:50.881Z,"ФГУП «Космическая связь», телерадиовещатели/операторы; инициатор проекта не указан",Установление предельных тарифов на доставку сигналов обязательных телерадиоканалов до эфирных передатчиков,Проект опубликован 13.10.2025; сроки принятия не указаны,После принятия будет зафиксирован максимальный уровень оплаты спутниковой доставки сигналов обязательных каналов до эфирного оборудования. Прямых последствий для GS Labs и её продуктов не прослеживается.,регулирование; тарифы; «Космическая связь»; спутниковая доставка; телевещание,noise,"Новость не связана с разработкой ПО, реестром российского ПО, CAS/DRM или IT-аккредитацией; это тарифное регулирование государственного спутникового оператора, поэтому для GS Labs это шум.",false,"Об утверждении предельных максимальных уровней тарифов на услугу по доставке сигналов общероссийских обязательных общедоступных телеканалов и радиоканалов до радиоэлектронных средств, предназначенных для передачи сигнала в эфир, предоставляемую ФГУП «Космическая связь",regulation.gov.ru,deepseek/deepseek-v4-flash
regulation.gov.ru,Проект об утверждении предельных тарифов на доставку сигналов обязательных телеканалов ФГУП «Космическая связь»,"Об утверждении предельных максимальных уровней тарифов на услугу по доставке сигналов общероссийских обязательных общедоступных телеканалов и радиоканалов до радиоэлектронных средств, предназначенных для передачи сигнала в эфир, предоставляемую ФГУП «Космическая связь",https://regulation.gov.ru/projects/153173/,ФАС России,Регулирование,Низкий,На портале regulation.gov.ru размещён проект нормативного акта о предельных максимальных уровнях тарифов на услуги ФГУП «Космическая связь» по доставке сигналов общероссийских обязательных телеканалов и радиоканалов до оборудования эфирного вещания. Документ опубликован 16 декабря 2024 года; конкретные тарифные параметры не раскрываются. Проект затрагивает механизм распространения обязательных каналов через спутниковую инфраструктуру.,2024-12-16T15:21:33.973Z,"ФГУП «Космическая связь», уполномоченный федеральный орган (не указан)",Нормативное установление верхней границы тарифов на услугу доставки сигналов обязательных телерадиоканалов спутниковым оператором до эфирных передатчиков,2024-12-16 — публикация проекта на regulation.gov.ru; стадия обсуждения не указана,"Для отрасли телевещания: тарифы определяют стоимость доставки обязательных каналов до наземных эфирных передатчиков. Для GS Labs прямых последствий нет; возможно незначительное косвенное влияние на экономику операторов, использующих решения компании.",телевидение; тарифы; космическая связь; обязательные телеканалы; регулирование,low,"Прямого влияния на продукты и реестр GS Labs нет. Регулирование связано с деятельностью спутникового оператора и не касается разработки ПО для CAS/DRM/OTT, однако может затрагивать условия работы операторов — клиентов компании.",true,"Об утверждении предельных максимальных уровней тарифов на услугу по доставке сигналов общероссийских обязательных общедоступных телеканалов и радиоканалов до радиоэлектронных средств, предназначенных для передачи сигнала в эфир, предоставляемую ФГУП «Космическая связь",regulation.gov.ru,deepseek/deepseek-v4-flash
regulation.gov.ru,Опубликован проект предельных тарифов «Космической связи» на доставку сигналов обязательных телеканалов до эфирных передатчиков,"Об утверждении предельных максимальных уровней тарифов на услугу по доставке сигналов общероссийских обязательных общедоступных телеканалов и радиоканалов до радиоэлектронных средств, предназначенных для передачи сигнала в эфир, предоставляемую ФГУП «Космическая связь»",https://regulation.gov.ru/projects/144139/,ФАС России,Регулирование,Низкий,"На портале regulation.gov.ru размещён проект документа об утверждении предельных максимальных уровней тарифов на услуги ФГУП «Космическая связь» по доставке сигналов общероссийских обязательных общедоступных телеканалов и радиоканалов до радиоэлектронных средств, предназначенных для эфирной передачи. Дата публикации — 08.12.2023. Документ находится на стадии публичного обсуждения, дата вступления в силу не указана.",2023-12-08T14:19:44Z,"ФГУП «Космическая связь» (оказывает услугу), телерадиовещатели и операторы эфирного вещания, разработчик проекта НПА (не указан в заголовке)",Утверждение предельных максимальных уровней тарифов на спутниковую доставку сигналов обязательных телеканалов и радиоканалов до эфирных передатчиков,Проект опубликован 08.12.2023; стадия — общественное обсуждение; дата вступления в силу не указана,Для отрасли регулирование тарифов «Космической связи» может повлиять на затраты вещателей и операторов эфирных сетей. Для GS Labs как разработчика ПО для цифрового ТВ и OTT прямых последствий нет; возможен лишь косвенный эффект через изменение стоимости спутниковой инфраструктуры у клиентов-операторов.,тарифы; Космическая связь; спутниковая доставка; обязательные телеканалы; эфирное вещание; регулирование; regulation.gov.ru,noise,"Событие не связано с продуктами GS Labs: регулируются тарифы на спутниковую доставку сигналов, а не требования к ПО, системам условного доступа, DRM или реестру российского ПО. Для компании это фоновый шум.",false,"Об утверждении предельных максимальных уровней тарифов на услугу по доставке сигналов общероссийских обязательных общедоступных телеканалов и радиоканалов до радиоэлектронных средств, предназначенных для передачи сигнала в эфир, предоставляемую ФГУП «Космическая связь»",regulation.gov.ru,deepseek/deepseek-v4-flash
regulation.gov.ru,На портале regulation.gov.ru размещён проект акта о предельных тарифах на услуги ФГУП «Космическая связь» по доставке сигналов телеканалов,"Об утверждении предельных максимальных уровней тарифов на услугу по доставке сигналов общероссийских обязательных общедоступных телеканалов и радиоканалов до радиоэлектронных средств, предназначенных для передачи сигнала в эфир, предоставляемую ФГУП «Космическая связь",https://regulation.gov.ru/projects/132758/,ФАС России,Регулирование,Низкий,"Опубликован проект нормативного акта, устанавливающего предельные максимальные уровни тарифов на услуги ФГУП «Космическая связь» по доставке сигналов общероссийских обязательных общедоступных телеканалов и радиоканалов до радиоэлектронных средств для эфирного вещания. Документ направлен на государственное регулирование стоимости спутниковой доставки телесигналов.",2022-10-31T16:30:22Z,"ФГУП «Космическая связь», уполномоченный федеральный орган (инициатор проекта)",Установление предельных уровней тарифов на услуги спутниковой доставки сигналов обязательных телеканалов,"2022-10-31, стадия проекта","Возможное изменение стоимости доставки сигналов для операторов связи и вещателей; косвенное влияние на рынок телевидения, но не на продукты разработчика ПО.",тарифное регулирование; ФГУП «Космическая связь»; спутниковая связь; телерадиовещание; обязательные телеканалы,low,"Акт регулирует тарифы на спутниковую доставку сигналов и не затрагивает разработку ПО для цифрового ТВ, CAS/DRM или реестр российского ПО, поэтому для GS Labs имеет лишь фоновое значение.",true,"Об утверждении предельных максимальных уровней тарифов на услугу по доставке сигналов общероссийских обязательных общедоступных телеканалов и радиоканалов до радиоэлектронных средств, предназначенных для передачи сигнала в эфир, предоставляемую ФГУП «Космическая связь",regulation.gov.ru,deepseek/deepseek-v4-flash
regulation.gov.ru,Опубликован проект приказа об утверждении ФГОС СПО по специальности «Почтовая связь»,"Об утверждении федерального государственного образовательного 
стандарта среднего профессионального образования 
по специальности 11.02.12 Почтовая связь",https://regulation.gov.ru/projects/132083/,—,Регулирование,Низкий,"На regulation.gov.ru размещён проект акта об утверждении федерального государственного образовательного стандарта среднего профессионального образования по специальности 11.02.12 «Почтовая связь». Материал представляет собой только заголовок документа; содержание, разработчик и сроки обсуждения в тексте не приведены. Для деятельности GS Labs, связанной с разработкой ПО для цифрового ТВ и защитой контента, документ нерелевантен.",2022-10-07T11:27:20Z,Не указан,Публикация проекта об утверждении ФГОС СПО по специальности 11.02.12 «Почтовая связь»,2022-10-07T11:27:20Z,В случае принятия стандарт будет применяться при подготовке специалистов почтовой связи. На GS Labs и рынок ПО для цифрового ТВ/OTT документ прямого влияния не окажет.,ФГОС СПО; Почтовая связь; регулирование; образование; regulation.gov.ru,noise,"Это образовательный стандарт для специальности «Почтовая связь»: он не регулирует разработку ПО, телеком-услуги, ОТТ, защиту контента или реестр российского ПО, поэтому для GS Labs является шумом.",false,"Об утверждении федерального государственного образовательного 
стандарта среднего профессионального образования 
по специальности 11.02.12 Почтовая связь",regulation.gov.ru,deepseek/deepseek-v4-flash
regulation.gov.ru,ФАС опубликовала проект тарифов на доставку сигналов обязательных телеканалов до эфирных средств «Космической связи»,"приказ ФАС России Об утверждении предельных максимальных уровней тарифов на услугу по доставке сигналов общероссийских обязательных общедоступных телеканалов и радиоканалов до радиоэлектронных средств, предназначенных для передачи сигнала в эфир, предоставляемую ФГУП «Космическая связь»",https://regulation.gov.ru/projects/121085/,ФАС России,Регулирование,Низкий,"На regulation.gov.ru размещён проект приказа ФАС России об утверждении предельных максимальных тарифов на услугу доставки сигналов общероссийских обязательных общедоступных телеканалов и радиоканалов до радиоэлектронных средств, предназначенных для эфирного вещания. Исполнителем услуги указано ФГУП «Космическая связь». Конкретные значения тарифов и сроки действия в публикации не раскрыты.",2021-10-05T17:31:41Z,"ФАС России, ФГУП «Космическая связь»","Утверждение предельных максимальных тарифов на услугу по доставке сигналов обязательных телеканалов и радиоканалов до эфирных радиоэлектронных средств, оказываемую ФГУП «Космическая связь».",05.10.2021 — публикация проекта на regulation.gov.ru; сроки принятия и действия не указаны.,"Ограничение верхнего уровня тарифов на доставку сигналов обязательных каналов может повлиять на затраты участников эфирного и спутникового вещания. Для GS Labs прямых последствий не ожидается: регулирование не затрагивает ПО, CAS/DRM, EPG или OTT-продукты.",ФАС; тарифы; обязательные телеканалы; Космическая связь; спутниковая доставка; регулирование ТВ,low,"Это ценовое регулирование услуг спутникового оператора, а не IT-продуктов; может касаться GS Labs только косвенно через общий контекст телеком-регулирования. Для компании носит фоновый характер.",true,"приказ ФАС России Об утверждении предельных максимальных уровней тарифов на услугу по доставке сигналов общероссийских обязательных общедоступных телеканалов и радиоканалов до радиоэлектронных средств, предназначенных для передачи сигнала в эфир, предоставляемую ФГУП «Космическая связь»",regulation.gov.ru,deepseek/deepseek-v4-flash
regulation.gov.ru,На regulation.gov.ru размещён проект новых Правил радиосвязи морской подвижной и спутниковой службы,Об утверждении Правил радиосвязи морской подвижной службы и морской подвижной спутниковой службы,https://regulation.gov.ru/projects/118200/,Минтранс России,Регулирование,Низкий,"На regulation.gov.ru размещён проект новых Правил радиосвязи морской подвижной и спутниковой службы. Действующие правила 2000 года признаны устаревшими и не соответствующими международным нормам МСЭ и Конвенции по охране человеческой жизни на море. Обновление необходимо для обеспечения безопасности мореплавания, управления судами и передачи информации, включая навигационные данные. Это отраслевой нормативный акт в сфере морской радиосвязи, не затрагивающий цифровое ТВ и OTT.",2021-07-20T15:00:58Z,"Минтранс России, Минсвязи России, Госкомрыболовство России",Обновление устаревших правил радиосвязи морской подвижной службы и спутниковой службы.,20.07.2021 – публикация на regulation.gov.ru (проект №118200); сроки не указаны.,"Для морской отрасли: актуализация нормативной базы в соответствии с международными стандартами. Для GS Labs: прямых последствий нет; изменения не затрагивают телеком-регулирование, реестр российского ПО или рынок цифрового ТВ/OTT.",регулирование; радиосвязь; морская подвижная служба; спутниковая связь; Минтранс; Минсвязи; МСЭ,noise,"Тема относится к морской радиосвязи, что не пересекается с продуктами GS Labs (цифровое ТВ, OTT, CAS/DRM). Изменения правил не повлияют ни на реестр российского ПО, ни на ИТ-аккредитацию, ни на деятельность операторов связи в существующих сегментах.",false,"Регулирование, предусмотренное Правилами радиосвязи морской подвижной службы и морской подвижной спутниковой службы Российской Федерации, утвержденными совместным приказом Минтранса России № 137, Минсвязи России № 190, Госкомрыболовства России № 291 от 4 ноября 2000 г. , в значительной степени устарело и требует обновления.

В настоящее время порядок осуществления радиосвязи на море регулируется международными договорами Российской Федерации (в частности Международной конвенцией по охране человеческой жизни на море 1974 года, правилами и рекомендациями Международного союза электросвязи (далее – МСЭ), содержащимися в Регламенте радиосвязи и Руководстве по радиосвязи морской подвижной службы и морской подвижной спутниковой службы, издаваемых МСЭ, постановлением Правительства Российской Федерации от 3 июля 1997 г. № 813 «О создании и функционировании Глобальной морской системы связи при бедствии и для обеспечения безопасности (далее – Постановление 813), а также изданными в соответствии с пунктом 1 Постановления 813 Правилами радиосвязи морской подвижной службы и морской подвижной спутниковой службы Российской Федерации, утвержденными совместным приказом Минтранса России № 137, Минсвязи России № 190, Госкомрыболовства России № 291 от 4 ноября 2000 г. 
Регулирование, предусмотренное упомянутыми Правилами радиосвязи на море, в значительной степени устарело и требует обновления.

Радиосвязь в целях торгового мореплавания обеспечивает безопасность мореплавания и охрану человеческой жизни, оперативное управление деятельностью судов и организаций, связанных с эксплуатацией судов, управление движением судов, передачу информации по безопасности мореплавания;
гидрометеорологической и навигационной информации, информации по поиску и спасанию людей на море;
корректурных данных для электронных навигационных карт, данных для автоматизированных систем управления, а также обмен информацией.",regulation.gov.ru,deepseek/deepseek-v4-flash
regulation.gov.ru,Минэкономразвития подготовило проект приказа о расширении перечня труднодоступных территорий для переписи населения,"Приказ Минэкономразвития России ""О внесении изменений в Перечень отдаленных и труднодоступных территорий и сроки проведения в них Всероссийской переписи населения 2020 года, утвержденный приказом Минэкономразвития России от 31 августа 2020 г. № 563""",https://regulation.gov.ru/projects/110769/,Минцифры России,Регулирование,Низкий,"Минэкономразвития России подготовило проект изменений в перечень отдаленных и труднодоступных территорий для проведения Всероссийской переписи населения 2020 года. Расширение перечня обосновано отсутствием постоянного транспортного сообщения, связи, устойчивого доступа в интернет, а также сложными природно-климатическими условиями. Учтены предложения субъектов Российской Федерации.",2020-11-23T18:03:42Z,"Минэкономразвития России, субъекты Российской Федерации",Расширение перечня отдаленных и труднодоступных территорий для Всероссийской переписи населения 2020 года,"Проект опубликован 23 ноября 2020 года, стадия — публичное обсуждение","Уточнение перечня влияет на организацию переписи населения в труднодоступных территориях, но не затрагивает регулирование IT, телекома или цифрового ТВ. Для GS Labs прямых последствий нет.",перепись населения; Минэкономразвития; труднодоступные территории; регулирование,noise,"Новость не связана с деятельностью GS Labs: проект касается статистической переписи населения и критериев удаленности территорий, а не разработки ПО, телеком-регулирования или реестра российского ПО.",false,"Необходимость расширения перечня отдаленных и труднодоступных территорий, утвержденного приказом Минэкономразвития России от 31 августа 2020 г. № 563, при учете следующих условий: 
– наличие или отсутствие постоянного транспортного сообщения;
– нестабильность водной и воздушной навигации и связанное с этим отсутствие постоянной связи с населенными пунктами;
– отсутствие радио- и телефонной связи;
– отсутствие устойчивого покрытия сетей сотовой связи;
– отсутствие устойчивого доступа к информационно-телекоммуникационной сети «Интернет»;
– особенности географического расположения – значительная удаленность населенных пунктов, связь с которыми осуществляется только воздушным транспортом, специальными рейсами, организуемыми согласно фактической погоде один или два раза в месяц по предварительным заказам организаций;
– природно-климатические условия местности – высокогорные районы, стабильно сложные неблагоприятные метеоусловия (шквальные ветры, обильные дожди, начало ледостава, закрытие горных перевалов и т.п.);
– отсутствие связи с оленеводческими, животноводческими бригадами (выход   на удаленные зимние пастбища), рыболовецкими и охотоведческими бригадами (сезонный лов рыбы и охота), геологическими партиями, приисками и метеорологическими станциями;
– разлив рек, отсутствие переправы в период весеннего половодья, возможность использования транспортных средств на реках и болотах только по зимним дорогам (автозимникам) в период ледостава.

Предложения субъектов Российской Федерации

Всероссийская перепись населения представляет собой сбор сведений о лицах, находящихся на определенную дату на территории Российской Федерации, и проводится на всей территории
Российской Федерации в соответствии с официальной статистической методологией в целях формирования официальной статистической информации о демографических, об экономических и о социальных процессах.",regulation.gov.ru,deepseek/deepseek-v4-flash
regulation.gov.ru,Опубликован проект о предельных максимальных тарифах на услуги местной телефонной связи ООО «УЭХК-ТЕЛЕКОМ» в Свердловской области,"Об утверждении предельных максимальных уровней тарифов на услуги местной телефонной связи, предоставляемые ООО «УЭХК-ТЕЛЕКОМ» на территории Свердловской области",https://regulation.gov.ru/projects/164445/,ФАС России,Регулирование,Низкий,"На портале regulation.gov.ru размещён проект нормативного правового акта об утверждении предельных максимальных уровней тарифов на услуги местной телефонной связи, предоставляемые ООО «УЭХК-ТЕЛЕКОМ» на территории Свердловской области. Согласно заголовку, регулирование касается одного регионального оператора фиксированной телефонной связи. Детали и стадия документа в публикации не раскрыты.",2026-01-26T13:21:37.161Z,"ООО «УЭХК-ТЕЛЕКОМ», уполномоченный орган по регулированию тарифов, портал regulation.gov.ru",Разработка проекта об утверждении предельных максимальных тарифов на местную телефонную связь для свердловского оператора,27 января 2026 года? (дата публикации 2026-01-26T13:21:37.161Z); стадия точно не указана,"Возможное изменение цен на услуги местной телефонной связи для абонентов ООО «УЭХК-ТЕЛЕКОМ». Для GS Labs последствий не видно, так как тема не связана с цифровым ТВ, OTT, защитой контента и реестром российского ПО.",тарифы на связь; местная телефонная связь; Свердловская область; ООО УЭХК-ТЕЛЕКОМ; государственное регулирование,noise,"Для GS Labs это шум: регулирование тарифов одного регионального оператора местной телефонной связи не затрагивает продукты CAS/DRM, OTT, цифровое ТВ и IT-аккредитацию компании.",false,"Об утверждении предельных максимальных уровней тарифов на услуги местной телефонной связи, предоставляемые ООО «УЭХК-ТЕЛЕКОМ» на территории Свердловской области",regulation.gov.ru,deepseek/deepseek-v4-flash
regulation.gov.ru,"Утверждение предельных тарифов «Севастополь Телеком» на услуги местной, внутризоновой связи и телеграммы","Об утверждении предельных максимальных уровней тарифов на услуги местной телефонной связи, услугу по предоставлению внутризонового телефонного соединения абоненту (пользователю) сети фиксированной телефонной связи для передачи голосовой информации, факсимильных сообщений и данных и тарифов на услугу по передаче внутренней телеграммы, предоставляемые акционерным обществом «Севастополь Телеком» на территории г. Севастополя",https://regulation.gov.ru/projects/164444/,ФАС России,Регулирование,Низкий,"На regulation.gov.ru опубликован проект акта об утверждении предельных максимальных уровней тарифов на услуги местной телефонной связи, внутризонового соединения и внутренней телеграммы, предоставляемые АО «Севастополь Телеком» на территории Севастополя. Сроки вступления в силу и детали процедуры в тексте не раскрыты.",2026-01-26T13:22:53.615Z,"АО «Севастополь Телеком», регулирующий орган (не указан)",Утверждение предельных тарифов на фиксированную телефонную связь и телеграммы для «Севастополь Телеком»,"2026-01-26 (публикация на regulation.gov.ru), сроки не указаны","При принятии акта возможна корректировка тарифов указанного оператора в Севастополе. Для GS Labs прямых последствий нет, так как вопрос касается фиксированной голосовой связи и телеграфа, а не сегмента цифрового ТВ/OTT и защиты контента.",тарифы; Севастополь Телеком; фиксированная телефонная связь; телеграмма; регулирование телекома,noise,"Новость не связана с продуктами GS Labs для цифрового ТВ, OTT, CAS/DRM, EPG или реестром российского ПО. Это тарифное регулирование одного регионального фиксированного оператора — шум.",false,"Об утверждении предельных максимальных уровней тарифов на услуги местной телефонной связи, услугу по предоставлению внутризонового телефонного соединения абоненту (пользователю) сети фиксированной телефонной связи для передачи голосовой информации, факсимильных сообщений и данных и тарифов на услугу по передаче внутренней телеграммы, предоставляемые акционерным обществом «Севастополь Телеком» на территории г. Севастополя",regulation.gov.ru,deepseek/deepseek-v4-flash
regulation.gov.ru,ФАС утверждает предельные тарифы на фиксированную телефонную связь для АО «Норильск-Телеком» в Красноярском крае,"Об утверждении предельных максимальных уровней тарифов на услуги местной телефонной связи, услугу по предоставлению внутризонового телефонного соединения абоненту (пользователю) сети фиксированной телефонной связи для передачи голосовой информации, факсимильных сообщений и данных, предоставляемые АО «Норильск-Телеком» на территории Красноярского края",https://regulation.gov.ru/projects/157746/,ФАС России,Регулирование,Низкий,"На regulation.gov.ru опубликован проект приказа ФАС об утверждении предельных максимальных уровней тарифов на услуги местной телефонной связи, внутризоновые соединения и передачу данных для абонентов фиксированной сети АО «Норильск-Телеком» на территории Красноярского края. Документ находится на стадии обсуждения. Тарифное регулирование касается оператора связи в конкретном регионе и не связано напрямую с разработкой ПО для ТВ или защитой контента.",2025-06-25T13:27:21Z,"ФАС России, АО «Норильск-Телеком», абоненты фиксированной телефонной связи в Красноярском крае",Утверждение предельных тарифов на услуги фиксированной телефонной связи АО «Норильск-Телеком»,"Опубликовано 25.06.2025 на regulation.gov.ru; стадия — проект приказа, дата вступления не указана","Для GS Labs прямых последствий нет. Новость касается тарифного регулирования регионального фиксированного оператора и не затрагивает телеком-рынок широкополосного доступа, цифровое ТВ или OTT-направление.",тарифы; фиксированная связь; ФАС; Норильск-Телеком,noise,"Регулирование тарифов традиционной фиксированной телефонии не относится к направлениям GS Labs (ПО для цифрового ТВ, OTT, DRM/CAS). Прямого или косвенного влияния на реестр российского ПО, лицензии или налоги нет.",false,"Об утверждении предельных максимальных уровней тарифов на услуги местной телефонной связи, услугу по предоставлению внутризонового телефонного соединения абоненту (пользователю) сети фиксированной телефонной связи для передачи голосовой информации, факсимильных сообщений и данных, предоставляемые АО «Норильск-Телеком» на территории Красноярского края",regulation.gov.ru,deepseek/deepseek-v4-flash
regulation.gov.ru,Регулирующий орган утверждает предельные тарифы на местную телефонную связь ООО «УЭХК-Телеком» в Свердловской области,"Об утверждении предельных максимальных уровней тарифов на услуги местной телефонной связи, предоставляемые ООО «УЭХК-Телеком» на территории Свердловской области",https://regulation.gov.ru/projects/155151/,ФАС России,Регулирование,Низкий,"На портале regulation.gov.ru размещён проект акта об утверждении предельных максимальных уровней тарифов на услуги местной телефонной связи, предоставляемые ООО «УЭХК-Телеком» на территории Свердловской области. Документ касается одного оператора фиксированной телефонной связи. Подробности и обоснование в публикации не раскрываются.",2025-03-03T11:53:36.023Z,"ООО «УЭХК-Телеком», регулирующий орган (проект на regulation.gov.ru)",Установление предельных максимальных тарифов на местную телефонную связь для ООО «УЭХК-Телеком» в Свердловской области,2025-03-03 — дата размещения; стадия — проект,"Для ООО «УЭХК-Телеком» будут ограничены максимальные тарифы на местную телефонную связь. Для GS Labs, отрасли цифрового ТВ, OTT и программного обеспечения значимых последствий не прослеживается.",тарифы; местная телефонная связь; Свердловская область; УЭХК-Телеком; регулирование,noise,"Документ касается тарифов одного оператора фиксированной телефонной связи и не затрагивает продукты GS Labs, реестр российского ПО, DRM/CAS/OTT или телеком-регулирование. Для компании это шум.",false,"Об утверждении предельных максимальных уровней тарифов на услуги местной телефонной связи, предоставляемые ООО «УЭХК-Телеком» на территории Свердловской области",regulation.gov.ru,deepseek/deepseek-v4-flash
regulation.gov.ru,"Проект акта утверждает предельные тарифы «Севастополь Телеком» на местную, внутризоновую связь и телеграммы","Об утверждении предельных максимальных уровней тарифов на услуги местной телефонной связи, услугу по предоставлению внутризонового телефонного соединения абоненту (пользователю) сети фиксированной телефонной связи для передачи голосовой информации, факсимильных сообщений и данных и тарифов на услугу по передаче внутренней телеграммы, предоставляемые акционерным обществом 
«Севастополь Телеком» на территории г. Севастополя",https://regulation.gov.ru/projects/143281/,ФАС России,Регулирование,Низкий,"На regulation.gov.ru размещён проект акта об установлении предельных максимальных тарифов АО «Севастополь Телеком» на услуги местной телефонной связи, внутризоновые соединения для передачи голоса, факсимильных сообщений и данных, а также на внутренние телеграммы в Севастополе. Документ касается одного регионального оператора фиксированной связи. Содержание тарифов и сроки в представленном тексте отсутствуют.",2023-11-03T21:37:42Z,АО «Севастополь Телеком»; регулирующий орган в тексте не указан,Проект утверждения предельных максимальных тарифов «Севастополь Телеком» на местную и внутризоновую телефонную связь и телеграммы,Дата публикации на regulation.gov.ru — 2023-11-03; сроки и стадия принятия не указаны,"Возможна корректировка тарифов и для абонентов «Севастополь Телеком» на территории Севастополя. Для GS Labs прямых последствий нет, так как регулируется традиционная фиксированная телефония, а не рынок цифрового ТВ, OTT или DRM.",тарифы; фиксированная связь; Севастополь Телеком; внутризоновая связь; телеграммы; регулирование,noise,"Шум для GS Labs: документ не затрагивает ИТ-продукты компании (CAS/DRM, OTT, EPG) и не связан с реестром российского ПО или деятельностью телеком-операторов, использующих решения GS Labs.",false,"Об утверждении предельных максимальных уровней тарифов на услуги местной телефонной связи, услугу по предоставлению внутризонового телефонного соединения абоненту (пользователю) сети фиксированной телефонной связи для передачи голосовой информации, факсимильных сообщений и данных и тарифов на услугу по передаче внутренней телеграммы, предоставляемые акционерным обществом 
«Севастополь Телеком» на территории г. Севастополя",regulation.gov.ru,deepseek/deepseek-v4-flash
regulation.gov.ru,Опубликован проект административного регламента ФСБ о лицензировании деятельности с шифровальными средствами,"Об утверждении Административного регламента Федеральной службы безопасности Российской Федерации по предоставлению государственной услуги по лицензированию деятельности по разработке, производству, распространению шифровальных (криптографических) средств, информационных систем и телекоммуникационных систем, защищенных с использованием шифровальных (криптографических) средств, выполнению работ, оказанию услуг в области шифрования информации, техническому обслуживанию шифровальных (криптографических) средств, информационных систем и телекоммуникационных систем, защищенных с использованием шифровальных (криптографических) средств (за исключением случая, если техническое обслуживание шифровальных (криптографических) средств, информационных систем и телеком¬муникационных систем, защищенных с использованием шифровальных (криптографических) средств, осуществляется для обеспечения собственных нужд юридического лица или индивидуального предпринимателя)",https://regulation.gov.ru/projects/132843/,ФСБ России,Регулирование,Средний,"На портале regulation.gov.ru размещён проект административного регламента ФСБ России, определяющего порядок лицензирования деятельности по разработке, производству, распространению шифровальных (криптографических) средств и защищённых информационных и телекоммуникационных систем. Документ устанавливает состав и сроки административных процедур для соискателей лицензий. Для организаций, использующих криптографию, могут быть уточнены требования к получению лицензии ФСБ.",2022-11-02T12:24:16Z,"ФСБ России, организации-разработчики и распространители шифровальных средств",Опубликован проект административного регламента ФСБ по лицензированию деятельности с шифровальными средствами,"размещение проекта на regulation.gov.ru 02.11.2022, стадия не указана","Если регламент будет принят, уточнятся процедуры и сроки лицензирования ФСБ для разработчиков и дистрибьюторов шифровальных средств. GS Labs может столкнуться с дополнительными требованиями, если её DRM/CAS-решения классифицируются как шифровальные средства.",ФСБ; лицензирование; шифровальные средства; криптография; DRM; CAS; регулирование,medium,"Документ касается лицензирования деятельности с шифровальными средствами, что потенциально влияет на разработчиков DRM/CAS, включая GS Labs. Однако в тексте нет прямого упоминания компании или её продуктов, поэтому связь оценивается как вероятная, но не подтверждённая.",true,"Об утверждении Административного регламента Федеральной службы безопасности Российской Федерации по предоставлению государственной услуги по лицензированию деятельности по разработке, производству, распространению шифровальных (криптографических) средств, информационных систем и телекоммуникационных систем, защищенных с использованием шифровальных (криптографических) средств, выполнению работ, оказанию услуг в области шифрования информации, техническому обслуживанию шифровальных (криптографических) средств, информационных систем и телекоммуникационных систем, защищенных с использованием шифровальных (криптографических) средств (за исключением случая, если техническое обслуживание шифровальных (криптографических) средств, информационных систем и телеком¬муникационных систем, защищенных с использованием шифровальных (криптографических) средств, осуществляется для обеспечения собственных нужд юридического лица или индивидуального предпринимателя)",regulation.gov.ru,deepseek/deepseek-v4-flash
regulation.gov.ru,Утверждены тарифы на услуги общедоступной электросвязи АО «Севастополь Телеком» в Севастополе,"Об утверждении тарифов на услуги общедоступной электросвязи, предоставляемые акционерным обществом «Севастополь Телеком» на территории г. Севастополя",https://regulation.gov.ru/projects/103091/,ФАС России,Регулирование,Низкий,"На regulation.gov.ru опубликован проект акта об утверждении тарифов на услуги общедоступной электросвязи, предоставляемые АО «Севастополь Телеком» на территории Севастополя. Текст документа, конкретные значения тарифов и сроки не раскрыты, поэтому судить о влиянии можно только по заголовку.",2020-06-19T10:39:07Z,"АО «Севастополь Телеком», уполномоченный орган (в тексте не назван)",Проект акта об утверждении тарифов на услуги общедоступной электросвязи для АО «Севастополь Телеком» на территории Севастополя,"публикация — 19.06.2020, стадия проекта (рассмотрение)","Региональные тарифы на телефонную связь могут быть изменены для абонентов «Севастополь Телеком». Для компании GS Labs, работающей в сфере ПО для ТВ/OTT и защиты контента, прямых последствий не ожидается.",тарифы; электросвязь; Севастополь Телеком; регулирование; общедоступные услуги связи,noise,"Новость касается тарифов регионального фиксированного оператора связи и никак не затрагивает разработку ПО, условный доступ, DRM, IT-аккредитацию или реестр российского ПО, поэтому для GS Labs это информационный шум.",false,"Об утверждении тарифов на услуги общедоступной электросвязи, предоставляемые акционерным обществом «Севастополь Телеком» на территории г. Севастополя",regulation.gov.ru,deepseek/deepseek-v4-flash
