object_id,title,agency,kind,sozd_bill,regulation_project,regulation_npa_id,pravo_eo,pp_number,fz_number,news_count,n_events,event_types,first_date,last_date,last_stage,last_event,links
npa_529d7d7a42,Александр Новак принял участие в четвёртом дне Восточного экономического форума,—,,,,,,,,1,1,announcement,4 сентября 2026,4 сентября 2026,Александр Новак принял участие в четвёртом дне Восточного экономического форума,Александр Новак принял участие в четвёртом дне Восточного экономического форума,http://government.ru/news/59779/
npa_714273dae3,Дмитрий Григоренко провёл встречу с ИТ-компаниями Приморского края,—,,,,,,,,1,1,announcement,4 сентября 2026,4 сентября 2026,Дмитрий Григоренко провёл встречу с ИТ-компаниями Приморского края,Дмитрий Григоренко провёл встречу с ИТ-компаниями Приморского края,http://government.ru/news/59782/
npa_c66882e9f7,Юрий Трутнев: Могущество России будет прирастать Дальним Востоком,—,,,,,,,,1,1,announcement,4 сентября 2026,4 сентября 2026,Юрий Трутнев: Могущество России будет прирастать Дальним Востоком,Юрий Трутнев: Могущество России будет прирастать Дальним Востоком,http://government.ru/news/59781/
npa_5242cee76b,Юрий Трутнев: Подведены итоги Восточного экономического форума – 2026,—,,,,,,,,2,2,announcement,4 сентября 2026,4 сентября 2026,Юрий Трутнев подвёл предварительные итоги ВЭФ-2026 за три дня: в форуме приняли участие представители 78 стран,Юрий Трутнев подвёл предварительные итоги ВЭФ-2026 за три дня: в форуме приняли участие представители 78 стран,http://government.ru/news/59792/ | http://government.ru/news/59778/
npa_da2177e764,Денис Мантуров ознакомился с производственными мощностями Иркутского завода тяжёлого машиностроения,—,,,,,,,,1,1,announcement,4 сентября 2026,4 сентября 2026,Денис Мантуров ознакомился с производственными мощностями Иркутского завода тяжёлого машиностроения,Денис Мантуров ознакомился с производственными мощностями Иркутского завода тяжёлого машиностроения,http://government.ru/news/59785/
npa_e3ff035dd5,Александр Новак выступил на открытии восьмого Российско-Китайского энергетического бизнес-форума,—,,,,,,,,1,1,announcement,4 сентября 2026,4 сентября 2026,Александр Новак выступил на открытии восьмого Российско-Китайского энергетического бизнес-форума,Александр Новак выступил на открытии восьмого Российско-Китайского энергетического бизнес-форума,http://government.ru/news/59783/
npa_af1bb8812d,"Марат Хуснуллин: Инфраструктурные кредиты обеспечили привлечение более 1,8 трлн рублей внебюджетных инвестиций в ЦФО",—,,,,,,,,1,1,announcement,4 сентября 2026,4 сентября 2026,"Марат Хуснуллин: Инфраструктурные кредиты обеспечили привлечение более 1,8 трлн рублей внебюджетных инвестиций в ЦФО","Марат Хуснуллин: Инфраструктурные кредиты обеспечили привлечение более 1,8 трлн рублей внебюджетных инвестиций в ЦФО",http://government.ru/news/59784/
npa_c2f326385c,"Юрий Трутнев объявил о запуске телевизионного проекта, посвящённого конкурсу «Дальний Восток – земля приключений», на телеканале «Моя планета»",—,,,,,,,,1,1,announcement,4 сентября 2026,4 сентября 2026,"Юрий Трутнев объявил о запуске телевизионного проекта, посвящённого конкурсу «Дальний Восток – земля приключений», на телеканале «Моя планета»","Юрий Трутнев объявил о запуске телевизионного проекта, посвящённого конкурсу «Дальний Восток – земля приключений», на телеканале «Моя планета»",http://government.ru/news/59780/
npa_8be9771396,Дмитрий Чернышенко: 95 новых кластеров «Профессионалитета» начнут работу в 2027 году,—,,,,,,,,1,1,announcement,4 сентября 2026,4 сентября 2026,Дмитрий Чернышенко: 95 новых кластеров «Профессионалитета» начнут работу в 2027 году,Дмитрий Чернышенко: 95 новых кластеров «Профессионалитета» начнут работу в 2027 году,http://government.ru/news/59775/
npa_8e921dc9d4,Марат Хуснуллин принял участие в запуске движения по Южно-Лыткаринской автодороге,—,,,,,,,,1,1,announcement,3 сентября 2026,3 сентября 2026,Марат Хуснуллин принял участие в запуске движения по Южно-Лыткаринской автодороге,Марат Хуснуллин принял участие в запуске движения по Южно-Лыткаринской автодороге,http://government.ru/news/59777/
npa_09b1779fd5,Александр Новак принял участие в Восточном экономическом форуме,—,,,,,,,,1,1,announcement,3 сентября 2026,3 сентября 2026,Александр Новак принял участие в Восточном экономическом форуме,Александр Новак принял участие в Восточном экономическом форуме,http://government.ru/news/59774/
npa_sozd_bill_1271570-8,О поддержке развития технологий искусственного интеллекта в Российской Федерации,"Комитет Государственной Думы по информационной политике, информационным технологиям и связи",,1271570-8,,,,,,1,20,stage | introduced | published,03.07.2026 10:00:00,26.07.2026 23:59:59,8.2 Опубликование закона,8.2 Опубликование закона,https://sozd.duma.gov.ru/bill/1271570-8#1f189bf3-41bb-6596-86b1-451a900506e4 | https://sozd.duma.gov.ru/bill/1271570-8#1f189a0d-7274-6260-87b8-0f20bbaf1994 | https://sozd.duma.gov.ru/bill/1271570-8#1f184073-ddfe-6b5a-b09c-9992fc8acd95 | https://sozd.duma.gov.ru/bill/1271570-8#1f181a76-fe08-64c8-b0ad-e571f44ac064 | https://sozd.duma.gov.ru/bill/1271570-8#1f180336-4564-6c8e-b755-6902defd6768 | https://sozd.duma.gov.ru/bill/1271570-8#1f180336-420d-6612-93f4-6902defd6768 | https://sozd.duma.gov.ru/bill/1271570-8#1f17ac15-995c-60c6-a3d4-6d1fab2093f4 | https://sozd.duma.gov.ru/bill/1271570-8#1f17abe5-d59d-66e6-a41f-fd393967cc74 | https://sozd.duma.gov.ru/download/1f17a9c9-37e6-60ce-b1da-b5573dfed1ec | https://sozd.duma.gov.ru/download/1f17a9c9-2d80-6936-8592-b5573dfed1ec | https://sozd.duma.gov.ru/download/1f17a9c9-29d0-61ec-940d-b5573dfed1ec | https://sozd.duma.gov.ru/bill/1271570-8#1f17a9a5-4358-66b0-b9ff-e168e5a82e0c | https://sozd.duma.gov.ru/bill/1271570-8#1f17a044-3ecf-64e6-9aaf-1da2a8cbe8bb | https://sozd.duma.gov.ru/bill/1271570-8#1f17a043-8ed6-679c-b916-3bd86821f002 | https://sozd.duma.gov.ru/bill/1271570-8#1f179c36-25e6-6cfc-8412-0b9aba64c49e | https://sozd.duma.gov.ru/bill/1271570-8#1f176efe-889e-6b2a-8a39-034677b3b6cc | https://sozd.duma.gov.ru/bill/1271570-8#1f170adc-686f-6844-ba90-2508dbd34f1b | https://sozd.duma.gov.ru/bill/1271570-8#1f170a2b-eb4e-660e-94f7-4f4fb01d3545 | https://sozd.duma.gov.ru/bill/1271570-8#1f1709ed-ffa2-68c8-a2c7-2190866304b8 | https://sozd.duma.gov.ru/bill/1271570-8#1f170967-e15c-6444-a6ab-5905f515b399
npa_sozd_bill_1297057-8,Проект постановления №1297057-8 О внесении изменений в Регламент Государственной Думы Федерального Собрания Российской Федерации,—,,1297057-8,,,,,,2,8,introduced | stage,06.07.2026 15:53:09,23.07.2026 17:23:00,2.3 Рассмотрение проекта постановления Государственной Думой,2.3 Рассмотрение проекта постановления Государственной Думой,https://sozd.duma.gov.ru/bill/1297057-8#1f186a22-ea24-6a8c-bf5d-47020559d232 | https://sozd.duma.gov.ru/bill/1297057-8#1f185e9d-447e-6f5a-8f78-4fb0f03b5c85 | https://sozd.duma.gov.ru/bill/1297057-8#1f185e77-d418-6196-a699-85f85c29f72b | https://sozd.duma.gov.ru/bill/1297057-8#1f185e59-3064-6f9a-b14e-9705bf0b761a | https://sozd.duma.gov.ru/bill/1281480-8#1f17a10d-4b3b-608a-9cae-95dcb09fc211 | https://sozd.duma.gov.ru/bill/1281480-8#1f179c53-1bbf-6658-986f-0b9aba64c49e | https://sozd.duma.gov.ru/bill/1281480-8#1f179428-f372-66f0-81df-a58d7de180f7 | https://sozd.duma.gov.ru/bill/1281480-8#1f17939a-413d-6a04-a186-35d2232db76c
npa_sozd_bill_1290437-8,Проект постановления №1290437-8 О внесении изменения в статью 23 Регламента Государственной Думы Федерального Собрания Российской Федерации,—,,1290437-8,,,,,,1,4,introduced | stage,15.07.2026 15:47:08,21.07.2026 17:16:00,2.3 Рассмотрение проекта постановления Государственной Думой,2.3 Рассмотрение проекта постановления Государственной Думой,https://sozd.duma.gov.ru/bill/1290437-8#1f1850ef-b916-6afe-9cf6-63d642ded9e1 | https://sozd.duma.gov.ru/bill/1290437-8#1f184e43-51ff-60d6-9cb6-a79b077a7726 | https://sozd.duma.gov.ru/bill/1290437-8#1f18051f-1db5-6978-b47f-270617e43e35 | https://sozd.duma.gov.ru/bill/1290437-8#1f1804b4-a9e6-60b6-b0d2-b586ec2de6c7
npa_sozd_bill_1291789-8,Проект постановления №1291789-8 О реализации Стратегии пространственного развития Российской Федерации в части развития сельских территорий,—,,1291789-8,,,,,,1,5,introduced | stage | revision,16.07.2026 17:40:08,21.07.2026 17:15:00,2.3 Рассмотрение проекта постановления Государственной Думой,2.3 Рассмотрение проекта постановления Государственной Думой,https://sozd.duma.gov.ru/bill/1291789-8#1f1850ea-6307-6fbe-9871-77e92e79bcce | https://sozd.duma.gov.ru/bill/1291789-8#1f184da0-ca78-6718-b77a-d55101351a82 | https://sozd.duma.gov.ru/bill/1291789-8#1f184e43-2dc6-6ff2-9072-a79b077a7726 | https://sozd.duma.gov.ru/bill/1291789-8#1f184db5-ade8-6ef8-ad64-190b468cb993 | https://sozd.duma.gov.ru/bill/1291789-8#1f181243-eb1e-6fdc-b4b7-d1fec9ebdf01
npa_regulation_project_170835,О внесении изменений в некоторые акты Правительства Российской Федерации,Минтранс России,,,170835,,,,,1,2,draft | discussion,2026-09-04T09:55:27.29Z,2026-10-02T09:55:27.3Z,Текст,Публичное обсуждение: О внесении изменений в некоторые акты Правительства Российской Федерации,https://regulation.gov.ru/projects/170835/
npa_regulation_project_170819,"План проведения оценки применения обязательных требований, содержащихся в нормативных правовых актах, в том числе в нормативных правовых актах, в отношении которых не установлен срок действия, по сферам общественных отношений, в которых Министерством финансов Российской Федерации реализуются его полномочия, на 2027 год",Минфин России,,,170819,,,,,1,2,draft | discussion,2026-09-03T17:50:27.657Z,2026-10-01T17:50:27.668Z,Текст,"Публичное обсуждение: План проведения оценки применения обязательных требований, содержащихся в нормативных правовых актах, в том числе в нормативных правовых актах, в отношении которых не установлен срок действия, по сферам общественных отношений, в которых Министерством финансов Российской Федерации реализуются его полномочия, на 2027 год",https://regulation.gov.ru/projects/170819/
npa_regulation_project_170803,"План проведения оценки применения обязательных требований, содержащихся в нормативных правовых актах по сферам общественных отношений, в которых федеральным органом исполнительной власти, осуществляющим нормативно-правовое регулирование в соответствующей сфере общественных отношений, реализуются его полномочия, на 2027 год",МЧС России,,,170803,,,,,2,4,draft | discussion,2026-09-03T13:26:37.195Z,2026-10-01T13:39:39.605Z,Текст,"Публичное обсуждение: План проведения оценки применения обязательных требований, содержащихся в нормативных правовых актах по сферам общественных отношений, в которых федеральным органом исполнительной власти, осуществляющим нормативно-правовое регулирование в соответствующей сфере общественных отношений, реализуются его полномочия, на 2027 год",https://regulation.gov.ru/projects/170803/ | https://regulation.gov.ru/projects/170802/
npa_regulation_project_170771,"План проведения оценки применения обязательных требований, содержащихся в нормативных правовых актах по сферам общественных отношений, в которых федеральным органом исполнительной власти, осуществляющим нормативно-правовое регулирование 
в соответствующей сфере общественных отношений,  реализуются его полномочия, на 2027 год",Минпромторг России,,,170771,,,,,1,2,draft | discussion,2026-09-02T15:03:36.656Z,2026-09-30T15:03:36.666Z,Текст,"Публичное обсуждение: План проведения оценки применения обязательных требований, содержащихся в нормативных правовых актах по сферам общественных отношений, в которых федеральным органом исполнительной власти, осуществляющим нормативно-правовое регулирование 
в соответствующей сфере общественных отношений,  реализуются его полномочия, на 2027 год",https://regulation.gov.ru/projects/170771/
npa_regulation_project_170744,"О достижении целей введения обязательных требований в сфере уровня профессиональных и квалификационных требований, предъявляемых к работникам автомобильного транспорта",Минтранс России,,,170744,,,,,1,2,draft | discussion,2026-09-01T14:44:11.019Z,2026-09-29T15:10:55.847Z,Текст,"Публичное обсуждение: О достижении целей введения обязательных требований в сфере уровня профессиональных и квалификационных требований, предъявляемых к работникам автомобильного транспорта",https://regulation.gov.ru/projects/170744/
npa_regulation_project_170715,"Об утверждении Порядка ведения реестра медицинских организаций, уполномоченных на проведение медицинского освидетельствования иностранных граждан или лиц без гражданства на наличие или отсутствие факта употребления наркотических средств или психотропных веществ без назначения врача либо новых потенциально опасных психоактивных веществ, инфекционных заболеваний, представляющих опасность для окружающих, предусмотренных перечнем инфекционных заболеваний, представляющих опасность для окружающих, и заболевания, вызываемого вирусом иммунодефицита человека (ВИЧ-инфекции), и находящихся на территории Российской Федерации",Минздрав России,,,170715,,,,,1,2,draft | discussion,2026-08-31T18:39:39.496Z,2026-09-28T18:39:39.509Z,Текст,"Публичное обсуждение: Об утверждении Порядка ведения реестра медицинских организаций, уполномоченных на проведение медицинского освидетельствования иностранных граждан или лиц без гражданства на наличие или отсутствие факта употребления наркотических средств или психотропных веществ без назначения врача либо новых потенциально опасных психоактивных веществ, инфекционных заболеваний, представляющих опасность для окружающих, предусмотренных перечнем инфекционных заболеваний, представляющих опасность для окружающих, и заболевания, вызываемого вирусом иммунодефицита человека (ВИЧ-инфекции), и находящихся на территории Российской Федерации",https://regulation.gov.ru/projects/170715/
npa_regulation_project_170667,"Об утверждении требований к сертификатам безопасности национального удостоверяющего центра, порядку создания, выдачи, использования и прекращения действия таких сертификатов",Минцифры России,,,170667,,,,,1,2,draft | discussion,2026-08-28T16:00:19.715Z,2026-09-25T16:00:19.724Z,Текст,"Публичное обсуждение: Об утверждении требований к сертификатам безопасности национального удостоверяющего центра, порядку создания, выдачи, использования и прекращения действия таких сертификатов",https://regulation.gov.ru/projects/170667/
npa_regulation_project_170653,Об утверждении типовых дополнительных профессиональных программ в области подготовки авиационного персонала гражданской авиации,Росавиация,,,170653,,,,,1,2,draft | discussion,2026-08-28T11:14:52.085Z,2026-09-25T11:14:52.096Z,Уведомление,Публичное обсуждение: Об утверждении типовых дополнительных профессиональных программ в области подготовки авиационного персонала гражданской авиации,https://regulation.gov.ru/projects/170653/
npa_regulation_project_170625,"Об утверждении требований к производственно-технической базе оператора технического осмотра и перечня документов в области стандартизации, соблюдение требований которых лицами, претендующими на получение аттестата аккредитации оператора технического осмотра, и операторами технического осмотра обеспечивает их соответствие требованиям аккредитации",Минтранс России,,,170625,,,,,1,2,draft | discussion,2026-08-27T12:04:05.264Z,2026-09-24T12:04:05.275Z,Текст,"Публичное обсуждение: Об утверждении требований к производственно-технической базе оператора технического осмотра и перечня документов в области стандартизации, соблюдение требований которых лицами, претендующими на получение аттестата аккредитации оператора технического осмотра, и операторами технического осмотра обеспечивает их соответствие требованиям аккредитации",https://regulation.gov.ru/projects/170625/
npa_regulation_project_170624,"""Об утверждении форм и правил заполнения диагностической карты, оформленной по результатам проведения технического осмотра транспортных средств""",Минтранс России,,,170624,,,,,1,2,draft | discussion,2026-08-26T16:31:20.483Z,2026-09-23T16:31:20.494Z,Текст,"Публичное обсуждение: ""Об утверждении форм и правил заполнения диагностической карты, оформленной по результатам проведения технического осмотра транспортных средств""",https://regulation.gov.ru/projects/170624/
npa_regulation_project_170621,"Об утверждении методики
расчета значения пропускной способности пункта технического осмотра и типового перечня технологических операций по проведению технического диагностирования различных
категорий транспортных средств и (или) видов городского
наземного электрического транспорта",Минтранс России,,,170621,,,,,1,2,draft | discussion,2026-08-26T15:36:36.03Z,2026-09-23T15:36:36.042Z,Текст,"Публичное обсуждение: Об утверждении методики
расчета значения пропускной способности пункта технического осмотра и типового перечня технологических операций по проведению технического диагностирования различных
категорий транспортных средств и (или) видов городского
наземного электрического транспорта",https://regulation.gov.ru/projects/170621/
npa_regulation_project_170770,"О внесении изменений в технический регламент Таможенного союза «О требованиях к смазочным материалам, маслам и специальным жидкостям» (ТР ТС 030/2012)",Минэнерго России,,,170770,,,,,1,2,draft | discussion,2026-09-02T14:48:52.339Z,2026-09-23T14:48:52.349Z,Текст,"Публичное обсуждение: О внесении изменений в технический регламент Таможенного союза «О требованиях к смазочным материалам, маслам и специальным жидкостям» (ТР ТС 030/2012)",https://regulation.gov.ru/projects/170770/
npa_regulation_project_170698,«Об утверждении порядка и условий предоставления уполномоченным организациям полномочий по оформлению электронных паспортов самоходных машин и других видов техники»,Минпромторг России,,,170698,,,,,1,2,draft | discussion,2026-09-02T11:25:42.833Z,2026-09-23T11:25:42.845Z,Текст,Публичное обсуждение: «Об утверждении порядка и условий предоставления уполномоченным организациям полномочий по оформлению электронных паспортов самоходных машин и других видов техники»,https://regulation.gov.ru/projects/170698/
npa_regulation_project_170865,"Об утверждении требований по защите от несанкционированного доступа к техническим средствам, техническим и программным средствам информационных систем, программно-техническим средствам, используемым при проведении уполномоченными органами, осуществляющими оперативно-разыскную деятельность или обеспечение безопасности Российской Федерации, в случаях, установленных федеральными законами, оперативно-разыскных мероприятий в целях реализации возложенных на них задач",Минцифры России,,,170865,,,,,1,2,draft | discussion,2026-09-04T18:41:40.14Z,2026-09-19T18:41:40.154Z,Текст,"Публичное обсуждение: Об утверждении требований по защите от несанкционированного доступа к техническим средствам, техническим и программным средствам информационных систем, программно-техническим средствам, используемым при проведении уполномоченными органами, осуществляющими оперативно-разыскную деятельность или обеспечение безопасности Российской Федерации, в случаях, установленных федеральными законами, оперативно-разыскных мероприятий в целях реализации возложенных на них задач",https://regulation.gov.ru/projects/170865/
npa_regulation_project_170858,"О внесении изменений в постановление Правительства 
Российской Федерации от 9 февраля 2022 г. № 140",Минздрав России,,,170858,,,,,1,2,draft | discussion,2026-09-04T18:29:28.121Z,2026-09-19T18:29:28.136Z,Текст,"Публичное обсуждение: О внесении изменений в постановление Правительства 
Российской Федерации от 9 февраля 2022 г. № 140",https://regulation.gov.ru/projects/170858/
npa_regulation_project_170864,"Об утверждении Порядка уведомления федеральными государственными гражаднскими служащими Федерального агентства по рыболовству и его территориальных органов, работниками,  замещающими отдельные должности на основании трудового договора в организациях, создаваемых для выполнения задач, поставленных перед Федеральным агентством по рыболовству, о возникновении личной заинтересованности при исполнении должностных обязанностей, которая приводит или может привести к конфликту интересов",Росрыболовство,,,170864,,,,,1,2,draft | discussion,2026-09-04T17:21:57.143Z,2026-09-19T17:21:57.159Z,Текст,"Публичное обсуждение: Об утверждении Порядка уведомления федеральными государственными гражаднскими служащими Федерального агентства по рыболовству и его территориальных органов, работниками,  замещающими отдельные должности на основании трудового договора в организациях, создаваемых для выполнения задач, поставленных перед Федеральным агентством по рыболовству, о возникновении личной заинтересованности при исполнении должностных обязанностей, которая приводит или может привести к конфликту интересов",https://regulation.gov.ru/projects/170864/
npa_regulation_project_170863,"Об утверждении Порядка уведомления работодателя о фактах обращения в целях склонения федеральных государственных гражданских служащих Федерального агентства по рыболовству и его территориальных органов, работников, замещающих отдельные должности на основании трудового договора в организациях, создаваемых для выполнения задач, поставленных перед Федеральным агентством по рыболовству, к совершению коррупционных правонарушений",Росрыболовство,,,170863,,,,,1,2,draft | discussion,2026-09-04T17:15:09.94Z,2026-09-19T17:15:09.954Z,Текст,"Публичное обсуждение: Об утверждении Порядка уведомления работодателя о фактах обращения в целях склонения федеральных государственных гражданских служащих Федерального агентства по рыболовству и его территориальных органов, работников, замещающих отдельные должности на основании трудового договора в организациях, создаваемых для выполнения задач, поставленных перед Федеральным агентством по рыболовству, к совершению коррупционных правонарушений",https://regulation.gov.ru/projects/170863/
npa_regulation_project_170862,"О распространении на работников, замещающих отдельные должности на основании трудового договора в организациях, создаваемых для выполнения задач, поставленных перед Федеральным агентством по рыболовству, ограничений, запретов и обязанностей, установленных для федеральных государственных гражданских служащих",Росрыболовство,,,170862,,,,,1,2,draft | discussion,2026-09-04T17:09:30.18Z,2026-09-19T17:09:30.193Z,Текст,"Публичное обсуждение: О распространении на работников, замещающих отдельные должности на основании трудового договора в организациях, создаваемых для выполнения задач, поставленных перед Федеральным агентством по рыболовству, ограничений, запретов и обязанностей, установленных для федеральных государственных гражданских служащих",https://regulation.gov.ru/projects/170862/
npa_regulation_project_170844,О внесении изменений в постановление Правительства Российской Федерации от 6 августа 2015 г. № 813,Минцифры России,,,170844,,,,,1,2,draft | discussion,2026-09-04T17:00:23.735Z,2026-09-19T17:00:23.749Z,Текст,Публичное обсуждение: О внесении изменений в постановление Правительства Российской Федерации от 6 августа 2015 г. № 813,https://regulation.gov.ru/projects/170844/
npa_regulation_project_170861,"О внесении изменений в пункт 3 приказа 
Министерства транспорта Российской Федерации 
от 21 августа 2020 г. № 318 «Об утверждении Порядка выдачи свидетельств о соответствии нормам, установленным Соглашением о международных перевозках скоропортящихся пищевых продуктов и о специальных транспортных средствах, предназначенных для этих перевозок, подписанным в г. Женеве 1 сентября 1970 г., для изотермических транспортных средств, транспортных средств-ледников, транспортных средств-рефрижераторов или отапливаемых транспортных средств»",Минтранс России,,,170861,,,,,1,2,draft | discussion,2026-09-04T16:50:34.062Z,2026-09-19T16:50:34.075Z,Текст,"Публичное обсуждение: О внесении изменений в пункт 3 приказа 
Министерства транспорта Российской Федерации 
от 21 августа 2020 г. № 318 «Об утверждении Порядка выдачи свидетельств о соответствии нормам, установленным Соглашением о международных перевозках скоропортящихся пищевых продуктов и о специальных транспортных средствах, предназначенных для этих перевозок, подписанным в г. Женеве 1 сентября 1970 г., для изотермических транспортных средств, транспортных средств-ледников, транспортных средств-рефрижераторов или отапливаемых транспортных средств»",https://regulation.gov.ru/projects/170861/
npa_regulation_project_170860,"О внесении изменений в приказы 
Министерства транспорта Российской Федерации 
от 30 июля 2020 г. № 277 и от 21 августа 2020 г. № 319",Минтранс России,,,170860,,,,,1,2,draft | discussion,2026-09-04T16:49:51.302Z,2026-09-19T16:49:51.313Z,Текст,"Публичное обсуждение: О внесении изменений в приказы 
Министерства транспорта Российской Федерации 
от 30 июля 2020 г. № 277 и от 21 августа 2020 г. № 319",https://regulation.gov.ru/projects/170860/
npa_regulation_project_170859,"О внесении изменений в пункт 2 приказа 
Министерства транспорта Российской Федерации 
от 30 июля 2020 г. № 265 «Об утверждении Порядка выдачи свидетельств о подготовке водителей автотранспортных средств, перевозящих опасные грузы, и утверждения курсов такой подготовки»",Минтранс России,,,170859,,,,,1,2,draft | discussion,2026-09-04T16:47:52.744Z,2026-09-19T16:47:52.761Z,Текст,"Публичное обсуждение: О внесении изменений в пункт 2 приказа 
Министерства транспорта Российской Федерации 
от 30 июля 2020 г. № 265 «Об утверждении Порядка выдачи свидетельств о подготовке водителей автотранспортных средств, перевозящих опасные грузы, и утверждения курсов такой подготовки»",https://regulation.gov.ru/projects/170859/
npa_regulation_project_170857,"Об утверждении Положения о Комиссии Министерства транспорта Российской Федерации по соблюдению требований к служебному поведению федеральных
государственных гражданских служащих и работников
организаций, создаваемых для выполнения задач, поставленных перед Министерством транспорта Российской Федерации, и урегулированию конфликта интересов",Минтранс России,,,170857,,,,,1,2,draft | discussion,2026-09-04T16:36:07.261Z,2026-09-19T16:36:07.278Z,Текст,"Публичное обсуждение: Об утверждении Положения о Комиссии Министерства транспорта Российской Федерации по соблюдению требований к служебному поведению федеральных
государственных гражданских служащих и работников
организаций, создаваемых для выполнения задач, поставленных перед Министерством транспорта Российской Федерации, и урегулированию конфликта интересов",https://regulation.gov.ru/projects/170857/
npa_regulation_project_170855,"О внесении изменений в пункт 2 приказа 
Министерства транспорта Российской Федерации 
от 28 июля 2020 г. № 257 Об утверждении Порядка проведения экзамена и выдачи свидетельств о профессиональной подготовке консультантов 
по вопросам безопасности перевозки опасных грузов автомобильным транспортом»",Минтранс России,,,170855,,,,,1,2,draft | discussion,2026-09-04T16:30:00.077Z,2026-09-19T16:30:00.092Z,Текст,"Публичное обсуждение: О внесении изменений в пункт 2 приказа 
Министерства транспорта Российской Федерации 
от 28 июля 2020 г. № 257 Об утверждении Порядка проведения экзамена и выдачи свидетельств о профессиональной подготовке консультантов 
по вопросам безопасности перевозки опасных грузов автомобильным транспортом»",https://regulation.gov.ru/projects/170855/
npa_regulation_project_170854,"Об утверждении стандарта медицинской помощи взрослым при острых кишечных инфекциях (ОКИ) 
(диагностика, лечение и диспансерное наблюдение)",Минздрав России,,,170854,,,,,1,2,draft | discussion,2026-09-04T15:47:28.665Z,2026-09-19T15:47:28.678Z,Текст,"Публичное обсуждение: Об утверждении стандарта медицинской помощи взрослым при острых кишечных инфекциях (ОКИ) 
(диагностика, лечение и диспансерное наблюдение)",https://regulation.gov.ru/projects/170854/
npa_regulation_project_170851,"О внесении изменений в Порядок проведения конкурса по распределению контрольных цифр приема по специальностям и направлениям подготовки и (или) укрупненным группам специальностей и направлений подготовки для обучения по образовательным программам высшего образования, а также по группам научных специальностей и (или) научным специальностям для обучения по программам подготовки научных и научно-педагогических кадров в аспирантуре (адъюнктуре) за счет бюджетных ассигнований федерального бюджета, утвержденный приказом Министерства науки и высшего образования Российской Федерации от 28 августа 2023 г. № 824",Минобрнауки России,,,170851,,,,,1,2,draft | discussion,2026-09-04T15:00:52.908Z,2026-09-19T15:00:52.92Z,Текст,"Публичное обсуждение: О внесении изменений в Порядок проведения конкурса по распределению контрольных цифр приема по специальностям и направлениям подготовки и (или) укрупненным группам специальностей и направлений подготовки для обучения по образовательным программам высшего образования, а также по группам научных специальностей и (или) научным специальностям для обучения по программам подготовки научных и научно-педагогических кадров в аспирантуре (адъюнктуре) за счет бюджетных ассигнований федерального бюджета, утвержденный приказом Министерства науки и высшего образования Российской Федерации от 28 августа 2023 г. № 824",https://regulation.gov.ru/projects/170851/
npa_regulation_project_170853,"Об особенностях управления капитальными вложениями 
в отношении объектов государственной собственности субъектов Российской Федерации (муниципальной собственности), строительство (реконструкция) которых осуществляется в соответствии с концессионными соглашениями на основании Федерального закона «О концессионных соглашениях»",Минэкономразвития России,,,170853,,,,,1,2,draft | discussion,2026-09-04T14:56:38.034Z,2026-09-19T14:56:38.047Z,Текст,"Публичное обсуждение: Об особенностях управления капитальными вложениями 
в отношении объектов государственной собственности субъектов Российской Федерации (муниципальной собственности), строительство (реконструкция) которых осуществляется в соответствии с концессионными соглашениями на основании Федерального закона «О концессионных соглашениях»",https://regulation.gov.ru/projects/170853/
npa_regulation_project_170852,"Об установлении порядка ведения реестра разрешений
на строительство объектов капитального строительства, сведения о которых составляют государственную тайну, выдаваемых Государственной корпорацией по космической деятельности ""Роскосмос"", и порядка ведения реестра разрешений на ввод объектов капитального строительства в эксплуатацию, сведения о которых составляют государственную тайну, выдаваемых Государственной корпорацией по космической деятельности ""Роскосмос""","Госкорпорация ""Роскосмос""",,,170852,,,,,1,2,draft | discussion,2026-09-04T14:53:37.444Z,2026-09-19T14:53:37.457Z,Текст,"Публичное обсуждение: Об установлении порядка ведения реестра разрешений
на строительство объектов капитального строительства, сведения о которых составляют государственную тайну, выдаваемых Государственной корпорацией по космической деятельности ""Роскосмос"", и порядка ведения реестра разрешений на ввод объектов капитального строительства в эксплуатацию, сведения о которых составляют государственную тайну, выдаваемых Государственной корпорацией по космической деятельности ""Роскосмос""",https://regulation.gov.ru/projects/170852/
npa_regulation_project_170847,"О признании утратившими силу некоторых актов
Правительства Российской Федерации",Минстрой России,,,170847,,,,,1,2,draft | discussion,2026-09-04T13:41:21.175Z,2026-09-19T13:41:21.191Z,Текст,"Публичное обсуждение: О признании утратившими силу некоторых актов
Правительства Российской Федерации",https://regulation.gov.ru/projects/170847/
npa_regulation_project_170846,"О внесении изменений в Порядок подготовки, экспертизы, апробации и издания учебников и разработанных в комплекте с ними учебных пособий, включаемых в федеральный перечень учебников, допущенных 
к использованию при реализации имеющих государственную аккредитацию образовательных программ начального общего, основного общего, среднего общего образования, и используемых при реализации обязательной части основных общеобразовательных программ, а также имеющих государственную аккредитацию образовательных программ среднего профессионального образования, реализуемых на базе основного общего образования 
или интегрированных с образовательными программами основного общего и среднего общего образования, при освоении учебных предметов, курсов, дисциплин (модулей) основного общего образования и (или) среднего общего образования, утвержденный приказом Министерства просвещения Российской Федерации от 2 декабря 2022 г. № 1052",Минпросвещения России,,,170846,,,,,1,2,draft | discussion,2026-09-04T13:26:24.221Z,2026-09-19T13:26:24.235Z,Текст,"Публичное обсуждение: О внесении изменений в Порядок подготовки, экспертизы, апробации и издания учебников и разработанных в комплекте с ними учебных пособий, включаемых в федеральный перечень учебников, допущенных 
к использованию при реализации имеющих государственную аккредитацию образовательных программ начального общего, основного общего, среднего общего образования, и используемых при реализации обязательной части основных общеобразовательных программ, а также имеющих государственную аккредитацию образовательных программ среднего профессионального образования, реализуемых на базе основного общего образования 
или интегрированных с образовательными программами основного общего и среднего общего образования, при освоении учебных предметов, курсов, дисциплин (модулей) основного общего образования и (или) среднего общего образования, утвержденный приказом Министерства просвещения Российской Федерации от 2 декабря 2022 г. № 1052",https://regulation.gov.ru/projects/170846/
npa_regulation_project_170842,"Об утверждении Порядка
представления гражданами, претендующими на замещение должностей, 
и работниками, замещающими должности в организациях, создаваемых 
для выполнения задач, поставленных перед Федеральным агентством воздушного транспорта, сведений о своих доходах, расходах, об имуществе и обязательствах имущественного характера, а также сведений о доходах, расходах, об имуществе и обязательствах имущественного характера своих супруги (супруга) и несовершеннолетних детей",Росавиация,,,170842,,,,,1,2,draft | discussion,2026-09-04T12:13:02.643Z,2026-09-19T12:13:02.656Z,Текст,"Публичное обсуждение: Об утверждении Порядка
представления гражданами, претендующими на замещение должностей, 
и работниками, замещающими должности в организациях, создаваемых 
для выполнения задач, поставленных перед Федеральным агентством воздушного транспорта, сведений о своих доходах, расходах, об имуществе и обязательствах имущественного характера, а также сведений о доходах, расходах, об имуществе и обязательствах имущественного характера своих супруги (супруга) и несовершеннолетних детей",https://regulation.gov.ru/projects/170842/
npa_regulation_project_170840,"О проведении эксперимента по формированию органами местного самоуправления муниципальных образований, теплоснабжающими и теплосетевыми организациями документов, обеспечивающих подготовку к отопительному периоду",Минстрой России,,,170840,,,,,1,2,draft | discussion,2026-09-04T10:45:23.636Z,2026-09-19T10:45:23.651Z,Текст,"Публичное обсуждение: О проведении эксперимента по формированию органами местного самоуправления муниципальных образований, теплоснабжающими и теплосетевыми организациями документов, обеспечивающих подготовку к отопительному периоду",https://regulation.gov.ru/projects/170840/
npa_regulation_project_170839,"Об установлении Порядка ведения реестра разрешений на строительство объектов капитального строительства, выдаваемых Главным управлением специальных программ Президента Российской Федерации, и Порядка ведения реестра разрешений на ввод объектов капитального строительства в эксплуатацию, выдаваемых Главным управлением специальных программ Президента Российской Федерации",ГУСП,,,170839,,,,,1,2,draft | discussion,2026-09-04T10:32:35.768Z,2026-09-19T10:32:35.781Z,Текст,"Публичное обсуждение: Об установлении Порядка ведения реестра разрешений на строительство объектов капитального строительства, выдаваемых Главным управлением специальных программ Президента Российской Федерации, и Порядка ведения реестра разрешений на ввод объектов капитального строительства в эксплуатацию, выдаваемых Главным управлением специальных программ Президента Российской Федерации",https://regulation.gov.ru/projects/170839/
npa_regulation_project_170838,"Об установлении размеров ежемесячных процентных надбавок к должностному окладу федеральных государственных гражданских служащих Федерального агентства по делам молодежи, допущенных к государственной тайне на постоянной основе",Росмолодежь,,,170838,,,,,1,2,draft | discussion,2026-09-04T10:17:36.181Z,2026-09-19T10:17:36.196Z,Текст,"Публичное обсуждение: Об установлении размеров ежемесячных процентных надбавок к должностному окладу федеральных государственных гражданских служащих Федерального агентства по делам молодежи, допущенных к государственной тайне на постоянной основе",https://regulation.gov.ru/projects/170838/
npa_regulation_project_170836,О внесении изменений в Указ Президента Российской Федерации от 9 сентября 2011 г. № 1183 «Об утверждении Положения о присвоении спортивному соревнованию статуса соревнования на Кубок Президента Российской Федерации»,Минспорт России,,,170836,,,,,1,2,draft | discussion,2026-09-04T09:49:49.45Z,2026-09-19T09:49:49.463Z,Текст,Публичное обсуждение: О внесении изменений в Указ Президента Российской Федерации от 9 сентября 2011 г. № 1183 «Об утверждении Положения о присвоении спортивному соревнованию статуса соревнования на Кубок Президента Российской Федерации»,https://regulation.gov.ru/projects/170836/
npa_regulation_project_170833,О внесении изменений в постановление Правительства Российской Федерации от 30 апреля 2025 г. № 591,Минфин России,,,170833,,,,,1,2,draft | discussion,2026-09-04T08:44:43.377Z,2026-09-19T08:44:43.391Z,Текст,Публичное обсуждение: О внесении изменений в постановление Правительства Российской Федерации от 30 апреля 2025 г. № 591,https://regulation.gov.ru/projects/170833/
npa_regulation_project_170832,"О внесении изменений в Положение об организации и ведении гражданской обороны в Министерстве культуры Российской Федерации, утвержденное приказом Министерства культуры Российской Федерации от 18 марта 2024 г. № 485",Минкультуры России,,,170832,,,,,1,2,draft | discussion,2026-09-04T08:30:34.257Z,2026-09-19T08:30:34.272Z,Текст,"Публичное обсуждение: О внесении изменений в Положение об организации и ведении гражданской обороны в Министерстве культуры Российской Федерации, утвержденное приказом Министерства культуры Российской Федерации от 18 марта 2024 г. № 485",https://regulation.gov.ru/projects/170832/
npa_regulation_project_170830,"О внесении изменений в Положение о проведении эксперимента по оптимизации и повышению качества отчетности, представляемой в федеральные органы исполнительной власти, государственные внебюджетные фонды и государственные корпорации",Минэкономразвития России,,,170830,,,,,1,2,draft | discussion,2026-09-04T08:25:58.555Z,2026-09-19T08:25:58.569Z,Текст,"Публичное обсуждение: О внесении изменений в Положение о проведении эксперимента по оптимизации и повышению качества отчетности, представляемой в федеральные органы исполнительной власти, государственные внебюджетные фонды и государственные корпорации",https://regulation.gov.ru/projects/170830/
npa_regulation_project_170829,О внесении изменений в некоторые приказы Министерства финансов Российской Федерации по вопросам осуществления внутреннего финансового аудита,Минфин России,,,170829,,,,,1,2,draft | discussion,2026-09-04T08:25:23.026Z,2026-09-19T08:25:23.043Z,Текст,Публичное обсуждение: О внесении изменений в некоторые приказы Министерства финансов Российской Федерации по вопросам осуществления внутреннего финансового аудита,https://regulation.gov.ru/projects/170829/
npa_regulation_project_170827,"О внесении изменений в Порядок приема на службу (работу) 
в Следственный комитет Российской Федерации, назначения, 
освобождения от должности в Следственном комитете 
Российской Федерации, утвержденный приказом Следственного 
комитета Российской Федерации от 22 февраля 2024 г. № 23",Следственный комитет Российской Федерации,,,170827,,,,,1,2,draft | discussion,2026-09-04T08:16:55.726Z,2026-09-19T08:16:55.738Z,Текст,"Публичное обсуждение: О внесении изменений в Порядок приема на службу (работу) 
в Следственный комитет Российской Федерации, назначения, 
освобождения от должности в Следственном комитете 
Российской Федерации, утвержденный приказом Следственного 
комитета Российской Федерации от 22 февраля 2024 г. № 23",https://regulation.gov.ru/projects/170827/
npa_regulation_project_170826,"О внесении изменений 
в некоторые акты Минэнерго России по вопросам предоставления информации в государственную информационную систему топливно-энергетического комплекса",Минэнерго России,,,170826,,,,,1,2,draft | discussion,2026-09-04T08:12:55.5Z,2026-09-19T08:12:55.512Z,Текст,"Публичное обсуждение: О внесении изменений 
в некоторые акты Минэнерго России по вопросам предоставления информации в государственную информационную систему топливно-энергетического комплекса",https://regulation.gov.ru/projects/170826/
npa_regulation_project_170824,"О внесении изменений в классификатор программ для электронных вычислительных машин и баз данных, утвержденный приказом Министерства цифрового развития, связи и массовых коммуникаций Российской Федерации от 22 сентября 2020 г. № 486",Минцифры России,,,170824,,,,,1,2,draft | discussion,2026-09-04T07:35:32.086Z,2026-09-19T07:35:32.103Z,Текст,"Публичное обсуждение: О внесении изменений в классификатор программ для электронных вычислительных машин и баз данных, утвержденный приказом Министерства цифрового развития, связи и массовых коммуникаций Российской Федерации от 22 сентября 2020 г. № 486",https://regulation.gov.ru/projects/170824/
npa_regulation_project_170823,О внесении изменения в постановление Правительства Российской Федерации от 25 июня 2021 г. № 997,Рособрнадзор,,,170823,,,,,1,2,draft | discussion,2026-09-04T07:00:29.689Z,2026-09-19T07:00:29.703Z,Текст,Публичное обсуждение: О внесении изменения в постановление Правительства Российской Федерации от 25 июня 2021 г. № 997,https://regulation.gov.ru/projects/170823/
npa_regulation_project_170821,"О внесении изменений в Порядок назначения и осуществления военнослужащим органов федеральной службы безопасности и членам их семей единовременных выплат, установленных Указом Президента Российской Федерации от 18 апреля 2022 г. № 209 «О дополнительных социальных гарантиях военнослужащим органов федеральной службы безопасности и членам их семей»,  утвержденный приказом ФСБ России от 9 декабря 2022 г. № 595",ФСБ России,,,170821,,,,,1,2,draft | discussion,2026-09-04T06:54:10.178Z,2026-09-19T06:54:10.192Z,Текст,"Публичное обсуждение: О внесении изменений в Порядок назначения и осуществления военнослужащим органов федеральной службы безопасности и членам их семей единовременных выплат, установленных Указом Президента Российской Федерации от 18 апреля 2022 г. № 209 «О дополнительных социальных гарантиях военнослужащим органов федеральной службы безопасности и членам их семей»,  утвержденный приказом ФСБ России от 9 декабря 2022 г. № 595",https://regulation.gov.ru/projects/170821/
npa_regulation_project_170820,"О внесении изменений в Порядок назначения и осуществления в органах федеральной службы безопасности единовременных выплат, установленных Указом Президента Российской Федерации от 5 марта 2022 г. № 98 «О дополнительных социальных гарантиях военнослужащим, лицам, проходящим службу в войсках национальной гвардии Российской Федерации, и членам их семей», утвержденный приказом ФСБ России от 11 марта 2022 г. № 92",ФСБ России,,,170820,,,,,1,2,draft | discussion,2026-09-04T06:21:07.577Z,2026-09-19T06:21:07.592Z,Текст,"Публичное обсуждение: О внесении изменений в Порядок назначения и осуществления в органах федеральной службы безопасности единовременных выплат, установленных Указом Президента Российской Федерации от 5 марта 2022 г. № 98 «О дополнительных социальных гарантиях военнослужащим, лицам, проходящим службу в войсках национальной гвардии Российской Федерации, и членам их семей», утвержденный приказом ФСБ России от 11 марта 2022 г. № 92",https://regulation.gov.ru/projects/170820/
npa_regulation_project_170818,"О признании утратившим силу приказа Министерства финансов Российской Федерации от 11 декабря 2023 г. № 197н «Об утверждении форм документов, предусмотренных Правилами предоставления сведений о государственной регистрации актов гражданского состояния, содержащихся в Едином государственном реестре записей актов гражданского состояния, военным комиссариатам муниципальных образований до обеспечения их доступа к единой системе межведомственного электронного взаимодействия, утвержденными постановлением Правительства Российской Федерации от 23 мая 2019 г. № 647»",Минфин России,,,170818,,,,,1,2,draft | discussion,2026-09-03T17:27:03.373Z,2026-09-18T17:27:03.39Z,Текст,"Публичное обсуждение: О признании утратившим силу приказа Министерства финансов Российской Федерации от 11 декабря 2023 г. № 197н «Об утверждении форм документов, предусмотренных Правилами предоставления сведений о государственной регистрации актов гражданского состояния, содержащихся в Едином государственном реестре записей актов гражданского состояния, военным комиссариатам муниципальных образований до обеспечения их доступа к единой системе межведомственного электронного взаимодействия, утвержденными постановлением Правительства Российской Федерации от 23 мая 2019 г. № 647»",https://regulation.gov.ru/projects/170818/
npa_regulation_project_170817,О внесении изменений в некоторые акты Правительства Российской Федерации,Минфин России,,,170817,,,,,1,2,draft | discussion,2026-09-03T17:08:34.782Z,2026-09-18T17:08:34.795Z,Текст,Публичное обсуждение: О внесении изменений в некоторые акты Правительства Российской Федерации,https://regulation.gov.ru/projects/170817/
npa_regulation_project_170814,"Об установлении случаев и порядка предоставления суток отдыха гражданам Российской Федерации, пребывающим
в добровольческих формированиях, содействующих выполнению задач, возложенных на войска национальной гвардии Российской Федерации, а также количества таких суток и о признании утратившим силу пункта 47 Порядка поступления граждан Российской Федерации в добровольческие формирования, пребывания в них
и исключения из них, требований, предъявляемых к гражданам Российской Федерации, поступающим в добровольческие формирования и пребывающим в них, определенного приказом Федеральной службы войск национальной гвардии Российской Федерации от 26 февраля 2025 г. № 59",Росгвардия,,,170814,,,,,1,2,draft | discussion,2026-09-03T16:27:53.347Z,2026-09-18T16:27:53.365Z,Текст,"Публичное обсуждение: Об установлении случаев и порядка предоставления суток отдыха гражданам Российской Федерации, пребывающим
в добровольческих формированиях, содействующих выполнению задач, возложенных на войска национальной гвардии Российской Федерации, а также количества таких суток и о признании утратившим силу пункта 47 Порядка поступления граждан Российской Федерации в добровольческие формирования, пребывания в них
и исключения из них, требований, предъявляемых к гражданам Российской Федерации, поступающим в добровольческие формирования и пребывающим в них, определенного приказом Федеральной службы войск национальной гвардии Российской Федерации от 26 февраля 2025 г. № 59",https://regulation.gov.ru/projects/170814/
npa_regulation_project_170856,Об утверждении Правил ввоза лекарственных средств для медицинского применения в Российскую Федерацию,Минздрав России,,,170856,,,,,1,2,draft | discussion,2026-09-04T16:27:16.292Z,2026-09-18T16:27:16.301Z,Текст,Публичное обсуждение: Об утверждении Правил ввоза лекарственных средств для медицинского применения в Российскую Федерацию,https://regulation.gov.ru/projects/170856/
npa_regulation_project_170815,"Об утверждении форм оценочных листов, в соответствии с которыми проводится оценка соответствия соискателя лицензии или лицензиата лицензионным требованиям при осуществлении деятельности по хранению и торговле гражданским и служебным оружием и основными частями огнестрельного оружия, патронами к гражданскому и служебному оружию и составными частями патронов, а также соискателя лицензии лицензионным требованиям в области частной охранной или частной детективной деятельности",Росгвардия,,,170815,,,,,1,2,draft | discussion,2026-09-03T16:25:55.855Z,2026-09-18T16:25:55.871Z,Текст,"Публичное обсуждение: Об утверждении форм оценочных листов, в соответствии с которыми проводится оценка соответствия соискателя лицензии или лицензиата лицензионным требованиям при осуществлении деятельности по хранению и торговле гражданским и служебным оружием и основными частями огнестрельного оружия, патронами к гражданскому и служебному оружию и составными частями патронов, а также соискателя лицензии лицензионным требованиям в области частной охранной или частной детективной деятельности",https://regulation.gov.ru/projects/170815/
npa_regulation_project_170816,"О внесении изменений в перечень медицинских организаций, осуществляющих забор, заготовку и трансплантацию органов и (или) тканей человека, утвержденный приказом Министерства здравоохранения Российской Федерации и Российской академии наук от 10 ноября 2022 г. № 738н/3 «Об утверждении перечня медицинских организаций, осуществляющих забор, заготовку и трансплантацию органов и (или) тканей человека»",Минздрав России,,,170816,,,,,1,2,draft | discussion,2026-09-03T16:17:57.61Z,2026-09-18T16:17:57.624Z,Текст,"Публичное обсуждение: О внесении изменений в перечень медицинских организаций, осуществляющих забор, заготовку и трансплантацию органов и (или) тканей человека, утвержденный приказом Министерства здравоохранения Российской Федерации и Российской академии наук от 10 ноября 2022 г. № 738н/3 «Об утверждении перечня медицинских организаций, осуществляющих забор, заготовку и трансплантацию органов и (или) тканей человека»",https://regulation.gov.ru/projects/170816/
npa_regulation_project_170812,"Об утверждении Положения 
о Комиссии по соблюдению требований к служебному 
поведению федеральных государственных гражданских служащих центрального аппарата, руководителей и заместителей руководителей территориальных органов Федеральной службы по аккредитации, работников организации, создаваемой для выполнения задач, поставленных перед Федеральной службой по аккредитации, 
и урегулированию конфликта интересов",Росаккредитация,,,170812,,,,,1,2,draft | discussion,2026-09-03T15:15:12.115Z,2026-09-18T15:15:12.129Z,Текст,"Публичное обсуждение: Об утверждении Положения 
о Комиссии по соблюдению требований к служебному 
поведению федеральных государственных гражданских служащих центрального аппарата, руководителей и заместителей руководителей территориальных органов Федеральной службы по аккредитации, работников организации, создаваемой для выполнения задач, поставленных перед Федеральной службой по аккредитации, 
и урегулированию конфликта интересов",https://regulation.gov.ru/projects/170812/
npa_regulation_project_170810,Об утверждении Федеральных авиационных правил «Перечень и содержание вопросов для проведения проверки уровня профессиональной подготовки кандидатов для получения свидетельства специалиста авиационного персонала гражданской авиации Российской Федерации»,Минтранс России,,,170810,,,,,1,2,draft | discussion,2026-09-03T14:26:50.936Z,2026-09-18T14:26:50.951Z,Текст,Публичное обсуждение: Об утверждении Федеральных авиационных правил «Перечень и содержание вопросов для проведения проверки уровня профессиональной подготовки кандидатов для получения свидетельства специалиста авиационного персонала гражданской авиации Российской Федерации»,https://regulation.gov.ru/projects/170810/
npa_regulation_project_170809,"О государственной регистрации распоряжения исключительным правом на изобретение, полезную модель, промышленный образец, товарный знак, знак обслуживания, зарегистрированные топологию интегральной микросхемы, программу для ЭВМ, базу данных по договору и перехода исключительного права на них без договора",Минэкономразвития России,,,170809,,,,,1,2,draft | discussion,2026-09-03T14:08:24.88Z,2026-09-18T14:08:24.892Z,Текст,"Публичное обсуждение: О государственной регистрации распоряжения исключительным правом на изобретение, полезную модель, промышленный образец, товарный знак, знак обслуживания, зарегистрированные топологию интегральной микросхемы, программу для ЭВМ, базу данных по договору и перехода исключительного права на них без договора",https://regulation.gov.ru/projects/170809/
npa_regulation_project_170806,"О внесении изменений в приказ Министерства промышленности и торговли Российской Федерации от 11 ноября 2016 г. № 4008 «Об утверждении Порядка выдачи документа, подтверждающего целевое назначение сырья и комплектующих изделий, которые предназначены для производства товаров, указанных в подпункте 1 пункта 2 статьи 149 Налогового кодекса Российской Федерации, и отсутствие их аналогов, которые производятся в Российской Федерации»",Минпромторг России,,,170806,,,,,1,2,draft | discussion,2026-09-03T13:57:12.894Z,2026-09-18T13:57:12.907Z,Текст,"Публичное обсуждение: О внесении изменений в приказ Министерства промышленности и торговли Российской Федерации от 11 ноября 2016 г. № 4008 «Об утверждении Порядка выдачи документа, подтверждающего целевое назначение сырья и комплектующих изделий, которые предназначены для производства товаров, указанных в подпункте 1 пункта 2 статьи 149 Налогового кодекса Российской Федерации, и отсутствие их аналогов, которые производятся в Российской Федерации»",https://regulation.gov.ru/projects/170806/
npa_regulation_project_170804,Проект постановления Правительства Российской Федерации «О продолжении эксперимента по внедрению системы оценки гражданами качества и условий оказания услуг организациями социальной сферы с использованием федеральной государственной информационной системы  «Единый портал государственных и муниципальных услуг (функций)»,Минтруд России,,,170804,,,,,1,2,draft | discussion,2026-09-03T13:55:04.733Z,2026-09-18T13:55:04.748Z,Текст,Публичное обсуждение: Проект постановления Правительства Российской Федерации «О продолжении эксперимента по внедрению системы оценки гражданами качества и условий оказания услуг организациями социальной сферы с использованием федеральной государственной информационной системы  «Единый портал государственных и муниципальных услуг (функций)»,https://regulation.gov.ru/projects/170804/
npa_regulation_project_170807,"Проект приказа Министерства просвещения Российской Федерации ""О внесении изменения в приказ Министерства просвещения Российской Федерации от 26 августа 2020 г. № 438""",Минпросвещения России,,,170807,,,,,1,2,draft | discussion,2026-09-03T13:51:05.937Z,2026-09-18T13:51:05.951Z,Текст,"Публичное обсуждение: Проект приказа Министерства просвещения Российской Федерации ""О внесении изменения в приказ Министерства просвещения Российской Федерации от 26 августа 2020 г. № 438""",https://regulation.gov.ru/projects/170807/
npa_regulation_project_170799,"Об утверждении Порядка определения платы за оказанные услуги (выполненные работы) при осуществлении федеральным государственным казенным учреждением «Служба технического заказчика» Федерального медико-биологического агентства, находящимся в ведении Федерального медико-биологического агентства, приносящей доходы деятельности",ФМБА России,,,170799,,,,,1,2,draft | discussion,2026-09-03T12:47:39.564Z,2026-09-18T12:47:39.576Z,Текст,"Публичное обсуждение: Об утверждении Порядка определения платы за оказанные услуги (выполненные работы) при осуществлении федеральным государственным казенным учреждением «Служба технического заказчика» Федерального медико-биологического агентства, находящимся в ведении Федерального медико-биологического агентства, приносящей доходы деятельности",https://regulation.gov.ru/projects/170799/
npa_regulation_project_170796,"О внесении изменений в Перечень должностей сотрудников органов внутренних дел Российской Федерации, при замещении которых выплачивается ежемесячная надбавка за особые условия службы, и размеров надбавки по этим должностям, утвержденный приказом МВД России от 20 июня 2024 г. № 350",МВД России,,,170796,,,,,1,2,draft | discussion,2026-09-03T12:22:26.031Z,2026-09-18T12:22:26.047Z,Текст,"Публичное обсуждение: О внесении изменений в Перечень должностей сотрудников органов внутренних дел Российской Федерации, при замещении которых выплачивается ежемесячная надбавка за особые условия службы, и размеров надбавки по этим должностям, утвержденный приказом МВД России от 20 июня 2024 г. № 350",https://regulation.gov.ru/projects/170796/
npa_regulation_project_170797,"Об утверждении Требований к облачным услугам, предоставляемым посредством государственной единой облачной платформы, а также к порядку и методологии перевода информационных систем и информационных ресурсов потребителей в государственную единую облачную платформу",Минцифры России,,,170797,,,,,1,2,draft | discussion,2026-09-03T12:15:08.248Z,2026-09-18T12:15:08.266Z,Текст,"Публичное обсуждение: Об утверждении Требований к облачным услугам, предоставляемым посредством государственной единой облачной платформы, а также к порядку и методологии перевода информационных систем и информационных ресурсов потребителей в государственную единую облачную платформу",https://regulation.gov.ru/projects/170797/
npa_regulation_project_170794,"Об утверждении Положения об осуществлении проверки достоверности и полноты сведений, представляемых гражданами, претендующими на замещение должностей в организациях, создаваемых для выполнения задач, поставленных перед Федеральным агентством лесного хозяйства, при назначении на которые граждане и при замещении которых работники обязаны представлять сведения о своих доходах, об имуществе и обязательствах имущественного характера, а также сведения о доходах, об имуществе и обязательствах имущественного характера своих супруги (супруга) и несовершеннолетних детей",Рослесхоз,,,170794,,,,,1,2,draft | discussion,2026-09-03T11:33:26.403Z,2026-09-18T11:33:26.416Z,Текст,"Публичное обсуждение: Об утверждении Положения об осуществлении проверки достоверности и полноты сведений, представляемых гражданами, претендующими на замещение должностей в организациях, создаваемых для выполнения задач, поставленных перед Федеральным агентством лесного хозяйства, при назначении на которые граждане и при замещении которых работники обязаны представлять сведения о своих доходах, об имуществе и обязательствах имущественного характера, а также сведения о доходах, об имуществе и обязательствах имущественного характера своих супруги (супруга) и несовершеннолетних детей",https://regulation.gov.ru/projects/170794/
npa_regulation_project_170837,"Об утверждении норм естественной убыли масел растительных и фракций масел растительных при перевозках морским и железнодорожным транспортом, норм естественной убыли семян льна и конопли, горчичного порошка при перевозках железнодорожным транспортом и норм естественной убыли грузов пищевой масложировой продукции, жмыхов при перевозках внутренним водным транспортом",Минсельхоз России,,,170837,,,,,1,2,draft | discussion,2026-09-04T10:16:43.737Z,2026-09-18T10:16:43.749Z,Уведомление,"Публичное обсуждение: Об утверждении норм естественной убыли масел растительных и фракций масел растительных при перевозках морским и железнодорожным транспортом, норм естественной убыли семян льна и конопли, горчичного порошка при перевозках железнодорожным транспортом и норм естественной убыли грузов пищевой масложировой продукции, жмыхов при перевозках внутренним водным транспортом",https://regulation.gov.ru/projects/170837/
npa_regulation_project_170755,"О государственной информационной системе ""Экономика""",Минэкономразвития России,,,170755,,,,,1,2,draft | discussion,2026-09-03T09:09:02.878Z,2026-09-18T09:09:02.892Z,Уведомление,"Публичное обсуждение: О государственной информационной системе ""Экономика""",https://regulation.gov.ru/projects/170755/
npa_regulation_project_170790,"Об утверждении Порядка принятия решения об осуществлении контроля за расходами федеральных государственных гражданских служащих Федерального агентства лесного хозяйства и его территориальных органов, работников, замещающих отдельные должности на основании трудового договора в организациях, создаваемых для выполнения задач, поставленных перед Федеральным агентством лесного хозяйства, а также за расходами их супруг (супругов) и несовершеннолетних детей",Рослесхоз,,,170790,,,,,1,2,draft | discussion,2026-09-03T08:27:26.305Z,2026-09-18T08:27:26.317Z,Текст,"Публичное обсуждение: Об утверждении Порядка принятия решения об осуществлении контроля за расходами федеральных государственных гражданских служащих Федерального агентства лесного хозяйства и его территориальных органов, работников, замещающих отдельные должности на основании трудового договора в организациях, создаваемых для выполнения задач, поставленных перед Федеральным агентством лесного хозяйства, а также за расходами их супруг (супругов) и несовершеннолетних детей",https://regulation.gov.ru/projects/170790/
npa_regulation_project_170789,О внесении изменения в пункт 3 приказа Федерального казначейства от 15 июня 2026 г. № 13н «О внесении изменений в приказ Федерального казначейства от 14 мая 2020 г. № 21н «О Порядке казначейского обслуживания»,Казначейство России,,,170789,,,,,1,2,draft | discussion,2026-09-03T07:33:42.205Z,2026-09-18T07:33:42.22Z,Текст,Публичное обсуждение: О внесении изменения в пункт 3 приказа Федерального казначейства от 15 июня 2026 г. № 13н «О внесении изменений в приказ Федерального казначейства от 14 мая 2020 г. № 21н «О Порядке казначейского обслуживания»,https://regulation.gov.ru/projects/170789/
npa_regulation_project_170788,"Об установлении Перечня 
органов государственной власти субъектов Российской Федерации, осуществляющих переданные полномочия Российской Федерации в области организации и регулирования промышленного и любительского рыболовства, рыболовства в целях обеспечения ведения традиционного образа жизни коренных малочисленных народов Севера, Сибири и Дальнего Востока Российской Федерации, охраны водных биологических ресурсов, о закреплении Перечня источников доходов федерального бюджета",Росрыболовство,,,170788,,,,,1,2,draft | discussion,2026-09-03T07:26:45.12Z,2026-09-18T07:26:45.133Z,Уведомление,"Публичное обсуждение: Об установлении Перечня 
органов государственной власти субъектов Российской Федерации, осуществляющих переданные полномочия Российской Федерации в области организации и регулирования промышленного и любительского рыболовства, рыболовства в целях обеспечения ведения традиционного образа жизни коренных малочисленных народов Севера, Сибири и Дальнего Востока Российской Федерации, охраны водных биологических ресурсов, о закреплении Перечня источников доходов федерального бюджета",https://regulation.gov.ru/projects/170788/
npa_regulation_project_170787,"О внесении изменения в пункт 11 Правил использования лесов для осуществления рекреационной деятельности, утвержденных приказом Минприроды России от 17 марта 2026 г. № 140",Минприроды России,,,170787,,,,,1,2,draft | discussion,2026-09-03T07:12:14.293Z,2026-09-18T07:12:14.305Z,Текст,"Публичное обсуждение: О внесении изменения в пункт 11 Правил использования лесов для осуществления рекреационной деятельности, утвержденных приказом Минприроды России от 17 марта 2026 г. № 140",https://regulation.gov.ru/projects/170787/
npa_regulation_project_170786,"О внесении изменений в приложение к приказу Федеральной службы по финансовому мониторингу от 11 ноября 2025 г. № 241 «Об утверждении Условий выплаты ежемесячной надбавки за сложность, напряженность 
и высокие достижения в труде, премий и материальной помощи работникам центрального аппарата и территориальных органов Федеральной службы 
по финансовому мониторингу, замещающим должности, не являющиеся должностями федеральной государственной гражданской службы",Росфинмониторинг,,,170786,,,,,1,2,draft | discussion,2026-09-03T06:41:51.811Z,2026-09-18T06:41:51.825Z,Текст,"Публичное обсуждение: О внесении изменений в приложение к приказу Федеральной службы по финансовому мониторингу от 11 ноября 2025 г. № 241 «Об утверждении Условий выплаты ежемесячной надбавки за сложность, напряженность 
и высокие достижения в труде, премий и материальной помощи работникам центрального аппарата и территориальных органов Федеральной службы 
по финансовому мониторингу, замещающим должности, не являющиеся должностями федеральной государственной гражданской службы",https://regulation.gov.ru/projects/170786/
npa_regulation_project_170784,"О включении выявленного объекта культурного наследия (памятника истории и культуры) народов Российской Федерации «Пивоваренный завод братьев Каттербах», вторая половина XVIII в. – первая половина XIX в.
(Тверская область, г. Торжок, улица Кирова, дом 8) в единый государственный реестр объектов культурного наследия (памятников истории и культуры) народов Российской Федерации в качестве объекта культурного наследия (памятника истории и культуры) народов 
Российской Федерации федерального значения и объектов культурного наследия (памятников истории и культуры) народов Российской Федерации федерального значения в его составе и утверждении границ их территорий.",Минкультуры России,,,170784,,,,,1,2,draft | discussion,2026-09-03T06:29:16.864Z,2026-09-18T06:29:16.877Z,Текст,"Публичное обсуждение: О включении выявленного объекта культурного наследия (памятника истории и культуры) народов Российской Федерации «Пивоваренный завод братьев Каттербах», вторая половина XVIII в. – первая половина XIX в.
(Тверская область, г. Торжок, улица Кирова, дом 8) в единый государственный реестр объектов культурного наследия (памятников истории и культуры) народов Российской Федерации в качестве объекта культурного наследия (памятника истории и культуры) народов 
Российской Федерации федерального значения и объектов культурного наследия (памятников истории и культуры) народов Российской Федерации федерального значения в его составе и утверждении границ их территорий.",https://regulation.gov.ru/projects/170784/
npa_regulation_project_170782,"Об утверждении Порядка санкционирования оплаты денежных обязательств получателей средств федерального бюджета и оплаты денежных обязательств, подлежащих исполнению за счет бюджетных ассигнований по источникам финансирования дефицита федерального бюджета",Минфин России,,,170782,,,,,1,2,draft | discussion,2026-09-02T20:07:49.106Z,2026-09-17T20:07:49.117Z,Текст,"Публичное обсуждение: Об утверждении Порядка санкционирования оплаты денежных обязательств получателей средств федерального бюджета и оплаты денежных обязательств, подлежащих исполнению за счет бюджетных ассигнований по источникам финансирования дефицита федерального бюджета",https://regulation.gov.ru/projects/170782/
npa_regulation_project_170781,О внесении изменений в некоторые нормативные правовые акты Министерства финансов Российской Федерации по вопросам противодействия коррупции,Минфин России,,,170781,,,,,1,2,draft | discussion,2026-09-02T19:50:47.124Z,2026-09-17T19:50:47.136Z,Текст,Публичное обсуждение: О внесении изменений в некоторые нормативные правовые акты Министерства финансов Российской Федерации по вопросам противодействия коррупции,https://regulation.gov.ru/projects/170781/
npa_regulation_project_170780,Об исключении срока действия распоряжения Правительства Российской Федерации от 29 декабря 2020 г. № 3650-р,Минфин России,,,170780,,,,,2,4,draft | discussion,2026-09-02T19:32:07.033Z,2026-09-17T19:35:29.763Z,Текст,Публичное обсуждение: Об исключении срока действия распоряжения Правительства Российской Федерации от 29 декабря 2020 г. № 3650-р,https://regulation.gov.ru/projects/170780/ | https://regulation.gov.ru/projects/170779/
npa_regulation_project_170777,"Об утверждении норм естественной убыли при производстве и обороте (за исключением розничной продажи) этилового спирта, алкогольной и спиртосодержащей продукции",Минфин России,,,170777,,,,,1,2,draft | discussion,2026-09-02T19:08:01.633Z,2026-09-17T19:08:01.652Z,Текст,"Публичное обсуждение: Об утверждении норм естественной убыли при производстве и обороте (за исключением розничной продажи) этилового спирта, алкогольной и спиртосодержащей продукции",https://regulation.gov.ru/projects/170777/
npa_regulation_project_170776,"О функционировании сервиса «Поступление на обучение в Российской Федерации иностранных граждан и лиц без гражданства по образовательным программам среднего профессионального образования, образовательным программам высшего образования и дополнительным профессиональным программам в пределах установленной Правительством Российской Федерации квоты на образование иностранных граждан и лиц без гражданства в Российской Федерации»",Минобрнауки России,,,170776,,,,,1,2,draft | discussion,2026-09-02T18:22:25.941Z,2026-09-17T18:22:25.956Z,Текст,"Публичное обсуждение: О функционировании сервиса «Поступление на обучение в Российской Федерации иностранных граждан и лиц без гражданства по образовательным программам среднего профессионального образования, образовательным программам высшего образования и дополнительным профессиональным программам в пределах установленной Правительством Российской Федерации квоты на образование иностранных граждан и лиц без гражданства в Российской Федерации»",https://regulation.gov.ru/projects/170776/
npa_regulation_project_170775,"«О признании утратившими силу приказа МЧС России
от 4 февраля 2008 г. № 44 и внесенных в него изменений, 
и приказа МЧС России от 4 февраля 2008 г. № 45»",МЧС России,,,170775,,,,,1,2,draft | discussion,2026-09-02T16:48:52.93Z,2026-09-17T16:48:52.942Z,Текст,"Публичное обсуждение: «О признании утратившими силу приказа МЧС России
от 4 февраля 2008 г. № 44 и внесенных в него изменений, 
и приказа МЧС России от 4 февраля 2008 г. № 45»",https://regulation.gov.ru/projects/170775/
npa_regulation_project_170773,"«Об утверждении Норм снабжения техническими средствами вещевого обеспечения территориальных органов МЧС России и организаций, находящихся в ведении МЧС России""",МЧС России,,,170773,,,,,1,2,draft | discussion,2026-09-02T16:41:29.262Z,2026-09-17T16:41:29.278Z,Текст,"Публичное обсуждение: «Об утверждении Норм снабжения техническими средствами вещевого обеспечения территориальных органов МЧС России и организаций, находящихся в ведении МЧС России""",https://regulation.gov.ru/projects/170773/
npa_regulation_project_170772,"Об установлении границы зоны безопасности вокруг искусственной установки, расположенной на континентальном шельфе Российской Федерации 
в зоне эксплуатации морской стационарной платформы «Беркут»",Минтранс России,,,170772,,,,,1,2,draft | discussion,2026-09-02T14:59:07.403Z,2026-09-17T14:59:07.416Z,Текст,"Публичное обсуждение: Об установлении границы зоны безопасности вокруг искусственной установки, расположенной на континентальном шельфе Российской Федерации 
в зоне эксплуатации морской стационарной платформы «Беркут»",https://regulation.gov.ru/projects/170772/
npa_regulation_project_170769,"Об утверждении профессионального стандарта
""Помощник воспитателя, младший воспитатель (работники образовательной организации, относящиеся к учебно-вспомогательному персоналу)""",Минтруд России,,,170769,,,,,1,2,draft | discussion,2026-09-02T14:35:42.773Z,2026-09-17T14:35:42.787Z,Текст,"Публичное обсуждение: Об утверждении профессионального стандарта
""Помощник воспитателя, младший воспитатель (работники образовательной организации, относящиеся к учебно-вспомогательному персоналу)""",https://regulation.gov.ru/projects/170769/
npa_regulation_project_170768,"Приказ Минтруда России «Об утверждении поправочного коэффициента размера средней рыночной стоимости 1 кв. метра общей площади жилья, применяемого для расчета единовременной субсидии на приобретение жилого помещения, предоставляемой федеральным государственным гражданским служащим, проходящим федеральную государственную гражданскую службу в субъектах Российской Федерации - городах федерального значения, на IV квартал 2026 года",Минтруд России,,,170768,,,,,1,2,draft | discussion,2026-09-02T14:13:13.674Z,2026-09-17T14:13:13.689Z,Текст,"Публичное обсуждение: Приказ Минтруда России «Об утверждении поправочного коэффициента размера средней рыночной стоимости 1 кв. метра общей площади жилья, применяемого для расчета единовременной субсидии на приобретение жилого помещения, предоставляемой федеральным государственным гражданским служащим, проходящим федеральную государственную гражданскую службу в субъектах Российской Федерации - городах федерального значения, на IV квартал 2026 года",https://regulation.gov.ru/projects/170768/
npa_regulation_project_170767,"Об утверждении Порядка представления сведений о доходах, расходах, об имуществе 
и обязательствах имущественного характера в организациях, создаваемых для выполнения задач, поставленных перед Федеральным архивным агентством",Росархив,,,170767,,,,,1,2,draft | discussion,2026-09-02T13:03:44.999Z,2026-09-17T13:03:45.012Z,Текст,"Публичное обсуждение: Об утверждении Порядка представления сведений о доходах, расходах, об имуществе 
и обязательствах имущественного характера в организациях, создаваемых для выполнения задач, поставленных перед Федеральным архивным агентством",https://regulation.gov.ru/projects/170767/
npa_regulation_project_170765,"О внесении изменения в пункт 11 Порядка получения федеральными государственными гражданскими служащими Федеральной службы по контролю за алкогольным и табачным рынками и ее территориальных органов разрешения представителя нанимателя на участие на безвозмездной основе в управлении некоммерческими организациями, утвержденного приказом Федеральной службы по контролю за алкогольным и табачным рынками от 28 апреля 2025 г. № 184н",Росалкогольтабакконтроль,,,170765,,,,,1,2,draft | discussion,2026-09-02T13:00:13.631Z,2026-09-17T13:00:13.645Z,Текст,"Публичное обсуждение: О внесении изменения в пункт 11 Порядка получения федеральными государственными гражданскими служащими Федеральной службы по контролю за алкогольным и табачным рынками и ее территориальных органов разрешения представителя нанимателя на участие на безвозмездной основе в управлении некоммерческими организациями, утвержденного приказом Федеральной службы по контролю за алкогольным и табачным рынками от 28 апреля 2025 г. № 184н",https://regulation.gov.ru/projects/170765/
npa_regulation_project_170764,"Об утверждении Порядка
принятия решения об осуществлении контроля за расходами
федеральных государственных гражданских служащих
Федеральной службы по контролю за алкогольным и табачным рынками и ее территориальных органов, работников, замещающих отдельные должности на основании трудового договора в организациях, создаваемых для выполнения задач, поставленных перед Федеральной службой по контролю за алкогольным и табачным рынками, а также за расходами их супруг (супругов) и несовершеннолетних детей",Росалкогольтабакконтроль,,,170764,,,,,1,2,draft | discussion,2026-09-02T12:46:56.006Z,2026-09-17T12:46:56.023Z,Текст,"Публичное обсуждение: Об утверждении Порядка
принятия решения об осуществлении контроля за расходами
федеральных государственных гражданских служащих
Федеральной службы по контролю за алкогольным и табачным рынками и ее территориальных органов, работников, замещающих отдельные должности на основании трудового договора в организациях, создаваемых для выполнения задач, поставленных перед Федеральной службой по контролю за алкогольным и табачным рынками, а также за расходами их супруг (супругов) и несовершеннолетних детей",https://regulation.gov.ru/projects/170764/
npa_regulation_project_170762,"Проект постановления Правительства РФ ""О внесении изменений в постановление Правительства Российской Федерации от 30 июня 2021 г. № 1093""",Минкультуры России,,,170762,,,,,1,2,draft | discussion,2026-09-02T12:21:37.781Z,2026-09-17T12:21:37.794Z,Уведомление,"Публичное обсуждение: Проект постановления Правительства РФ ""О внесении изменений в постановление Правительства Российской Федерации от 30 июня 2021 г. № 1093""",https://regulation.gov.ru/projects/170762/
npa_regulation_project_170649,"О внесении изменений в федеральные нормы 
и правила в области промышленной безопасности «Правила безопасности опасных производственных объектов, на которых используются подъемные сооружения», утвержденные приказом 
Федеральной службы по экологическому, технологическому и атомному надзору от 26 ноября 2020 г. № 461",Ростехнадзор,,,170649,,,,,1,2,draft | discussion,2026-08-28T11:04:17.151Z,2026-09-17T11:04:17.161Z,Уведомление,"Публичное обсуждение: О внесении изменений в федеральные нормы 
и правила в области промышленной безопасности «Правила безопасности опасных производственных объектов, на которых используются подъемные сооружения», утвержденные приказом 
Федеральной службы по экологическому, технологическому и атомному надзору от 26 ноября 2020 г. № 461",https://regulation.gov.ru/projects/170649/
npa_regulation_project_170759,"О внесении изменения в пункт 13 Порядка и сроков консервации и расконсервации основного технологического оборудования для производства этилового спирта, алкогольной и спиртосодержащей продукции, утвержденного приказом Министерства финансов Российской Федерации от 22 декабря 2020 г. № 320н",Минфин России,,,170759,,,,,1,2,draft | discussion,2026-09-02T09:54:34.686Z,2026-09-17T09:54:34.702Z,Текст,"Публичное обсуждение: О внесении изменения в пункт 13 Порядка и сроков консервации и расконсервации основного технологического оборудования для производства этилового спирта, алкогольной и спиртосодержащей продукции, утвержденного приказом Министерства финансов Российской Федерации от 22 декабря 2020 г. № 320н",https://regulation.gov.ru/projects/170759/
npa_regulation_project_170757,О внесении изменения в приказ Министерства финансов Российской Федерации от 27 ноября 2020 г. № 289н,Минфин России,,,170757,,,,,1,2,draft | discussion,2026-09-02T09:25:49.831Z,2026-09-17T09:25:49.845Z,Текст,Публичное обсуждение: О внесении изменения в приказ Министерства финансов Российской Федерации от 27 ноября 2020 г. № 289н,https://regulation.gov.ru/projects/170757/
npa_regulation_project_170756,"О внесении изменений в некоторые акты Правительства 
Российской Федерации","Госкорпорация ""Росатом""",,,170756,,,,,1,2,draft | discussion,2026-09-02T09:24:09.647Z,2026-09-17T09:24:09.662Z,Текст,"Публичное обсуждение: О внесении изменений в некоторые акты Правительства 
Российской Федерации",https://regulation.gov.ru/projects/170756/
npa_regulation_project_170753,"Об утверждении формы оценочного листа, в соответствии с которым Федеральной службой по надзору в сфере природопользования проводится оценка соответствия соискателя лицензии (лицензиата) лицензионным требованиям при лицензировании деятельности 
по сбору, транспортированию, обработке, утилизации, обезвреживанию, размещению отходов I-IV классов опасности 
(за исключением случаев, если сбор отходов I-IV классов
опасности осуществляется не по месту их обработки, и (или) утилизации, и (или) обезвреживания, и (или) размещения)",Росприроднадзор,,,170753,,,,,1,2,draft | discussion,2026-09-02T06:58:26.481Z,2026-09-17T06:58:26.494Z,Текст,"Публичное обсуждение: Об утверждении формы оценочного листа, в соответствии с которым Федеральной службой по надзору в сфере природопользования проводится оценка соответствия соискателя лицензии (лицензиата) лицензионным требованиям при лицензировании деятельности 
по сбору, транспортированию, обработке, утилизации, обезвреживанию, размещению отходов I-IV классов опасности 
(за исключением случаев, если сбор отходов I-IV классов
опасности осуществляется не по месту их обработки, и (или) утилизации, и (или) обезвреживания, и (или) размещения)",https://regulation.gov.ru/projects/170753/
npa_regulation_project_170739,Об утверждении порядка проведения профилактического медицинского осмотра и диспансеризации определенных групп взрослого населения,Минздрав России,,,170739,,,,,1,2,draft | discussion,2026-09-02T18:05:07.458Z,2026-09-16T18:05:07.471Z,Текст,Публичное обсуждение: Об утверждении порядка проведения профилактического медицинского осмотра и диспансеризации определенных групп взрослого населения,https://regulation.gov.ru/projects/170739/
npa_regulation_project_170751,"Об утверждении Единой всероссийской спортивной классификации (виды спорта, включенные в программу Олимпийских зимних игр)",Минспорт России,,,170751,,,,,1,2,draft | discussion,2026-09-01T17:18:17.294Z,2026-09-16T17:18:17.303Z,Уведомление,"Публичное обсуждение: Об утверждении Единой всероссийской спортивной классификации (виды спорта, включенные в программу Олимпийских зимних игр)",https://regulation.gov.ru/projects/170751/
npa_regulation_project_170750,Об определении стоимости путевки и установлении размера платы за санаторно-курортное лечение в медицинских организациях (санаторно-курортных организациях) Федеральной службы исполнения наказаний и внесении изменений в приложение к приказу ФСИН России от 10 февраля 2026 г. № 50,ФСИН России,,,170750,,,,,1,2,draft | discussion,2026-09-01T16:46:11.471Z,2026-09-16T16:46:11.486Z,Текст,Публичное обсуждение: Об определении стоимости путевки и установлении размера платы за санаторно-курортное лечение в медицинских организациях (санаторно-курортных организациях) Федеральной службы исполнения наказаний и внесении изменений в приложение к приказу ФСИН России от 10 февраля 2026 г. № 50,https://regulation.gov.ru/projects/170750/
npa_regulation_project_170749,О внесении изменений в Земельный кодекс Российской Федерации,Росреестр,,,170749,,,,,1,2,draft | discussion,2026-09-01T16:38:13.497Z,2026-09-16T16:38:13.513Z,Текст,Публичное обсуждение: О внесении изменений в Земельный кодекс Российской Федерации,https://regulation.gov.ru/projects/170749/
npa_regulation_project_170743,"приказ Минсельхоза России !О внесении изменений в Ветеринарные правила осуществления профилактических, диагностических, ограничительных и иных мероприятий, установления и отмены карантина и иных ограничений, направленных на предотвращение распространения и ликвидацию очагов ящура, утвержденные приказом Минсельхоза России
от 24 марта 2021 г. № 157""",Минсельхоз России,,,170743,,,,,1,2,draft | discussion,2026-09-01T14:39:35.477Z,2026-09-16T14:39:35.49Z,Текст,"Публичное обсуждение: приказ Минсельхоза России !О внесении изменений в Ветеринарные правила осуществления профилактических, диагностических, ограничительных и иных мероприятий, установления и отмены карантина и иных ограничений, направленных на предотвращение распространения и ликвидацию очагов ящура, утвержденные приказом Минсельхоза России
от 24 марта 2021 г. № 157""",https://regulation.gov.ru/projects/170743/
npa_regulation_project_170742,"Проект приказа Минсельхоза России «Об утверждении Порядка формирования и ведения перечня растений, в отношении которых до 1 сентября 2032 года допускается использование пестицидов, зарегистрированных  до 1 сентября 2027 года, а также критериев включения растений в указанный перечень»",Минсельхоз России,,,170742,,,,,2,4,draft | discussion,2026-09-01T14:31:56.464Z,2026-09-16T14:35:45.514Z,Текст,"Публичное обсуждение: Проект приказа Минсельхоза России «Об утверждении Порядка формирования и ведения перечня растений, в отношении которых до 1 сентября 2032 года допускается использование пестицидов, зарегистрированных  до 1 сентября 2027 года, а также критериев включения растений в указанный перечень»",https://regulation.gov.ru/projects/170742/ | https://regulation.gov.ru/projects/170741/
npa_regulation_project_170740,"приказ Минсельхоза России ""О внесении изменений в Ветеринарные правила осуществления профилактических, диагностических, ограничительных и иных мероприятий, установления и отмены карантина и иных ограничений, направленных на предотвращение распространения и ликвидацию очагов бруцеллеза (включая инфекционный эпидидимит баранов), утвержденные приказом Минсельхоза России от 22 ноября 2024 г. № 703""",Минсельхоз России,,,170740,,,,,1,2,draft | discussion,2026-09-01T14:33:54.071Z,2026-09-16T14:33:54.085Z,Текст,"Публичное обсуждение: приказ Минсельхоза России ""О внесении изменений в Ветеринарные правила осуществления профилактических, диагностических, ограничительных и иных мероприятий, установления и отмены карантина и иных ограничений, направленных на предотвращение распространения и ликвидацию очагов бруцеллеза (включая инфекционный эпидидимит баранов), утвержденные приказом Минсельхоза России от 22 ноября 2024 г. № 703""",https://regulation.gov.ru/projects/170740/
npa_regulation_project_170738,"Об утверждении состава сведений, указанных в пункте 310 части 1 статьи 5 Федерального закона от 28.12.2009 № 381-ФЗ «Об основах государственного регулирования торговой деятельности в Российской Федерации», порядка их предоставления, в том числе в электронной форме, Федеральной налоговой службой федеральным органам исполнительной власти, перечень которых утверждается Правительством Российской Федерации",ФНС России,,,170738,,,,,1,2,draft | discussion,2026-09-01T14:11:03.058Z,2026-09-16T14:11:03.074Z,Текст,"Публичное обсуждение: Об утверждении состава сведений, указанных в пункте 310 части 1 статьи 5 Федерального закона от 28.12.2009 № 381-ФЗ «Об основах государственного регулирования торговой деятельности в Российской Федерации», порядка их предоставления, в том числе в электронной форме, Федеральной налоговой службой федеральным органам исполнительной власти, перечень которых утверждается Правительством Российской Федерации",https://regulation.gov.ru/projects/170738/
npa_regulation_project_170737,"О внесении изменений в Положение о порядке, способах и формах предоставления сведений, содержащихся в государственном адресном реестре, органам государственной власти, органам местного самоуправления, физическим и юридическим лицам, в том числе посредством обеспечения доступа к федеральной информационной адресной системе, утвержденное приказом Министерства финансов Российской Федерации от 14 сентября 2020 г. № 193н",Минфин России,,,170737,,,,,1,2,draft | discussion,2026-09-01T13:33:53.943Z,2026-09-16T13:33:53.958Z,Текст,"Публичное обсуждение: О внесении изменений в Положение о порядке, способах и формах предоставления сведений, содержащихся в государственном адресном реестре, органам государственной власти, органам местного самоуправления, физическим и юридическим лицам, в том числе посредством обеспечения доступа к федеральной информационной адресной системе, утвержденное приказом Министерства финансов Российской Федерации от 14 сентября 2020 г. № 193н",https://regulation.gov.ru/projects/170737/
npa_regulation_project_170736,"О внесении изменения в пункт 2 приказа Минюста России от 02.02.2016 № 19 «Об утверждении Порядка принятия почетных и специальных званий (кроме научных), наград иностранных государств, международных организаций, политических партий, иных общественных объединений, в том числе религиозных, и других организаций федеральными государственными гражданскими служащими, замещающими отдельные должности в Минюсте России и его территориальных органах»",Минюст России,,,170736,,,,,1,2,draft | discussion,2026-09-01T12:50:44.454Z,2026-09-16T12:50:44.466Z,Текст,"Публичное обсуждение: О внесении изменения в пункт 2 приказа Минюста России от 02.02.2016 № 19 «Об утверждении Порядка принятия почетных и специальных званий (кроме научных), наград иностранных государств, международных организаций, политических партий, иных общественных объединений, в том числе религиозных, и других организаций федеральными государственными гражданскими служащими, замещающими отдельные должности в Минюсте России и его территориальных органах»",https://regulation.gov.ru/projects/170736/
npa_regulation_project_170735,О внесении изменений в некоторые акты Правительства Российской Федерации,Минюст России,,,170735,,,,,1,2,draft | discussion,2026-09-01T12:45:06.258Z,2026-09-16T12:45:06.272Z,Текст,Публичное обсуждение: О внесении изменений в некоторые акты Правительства Российской Федерации,https://regulation.gov.ru/projects/170735/
npa_regulation_project_170733,"О внесении изменений 
в некоторые акты Правительства Российской Федерации",Минстрой России,,,170733,,,,,1,2,draft | discussion,2026-09-01T12:20:54.551Z,2026-09-16T12:20:54.567Z,Текст,"Публичное обсуждение: О внесении изменений 
в некоторые акты Правительства Российской Федерации",https://regulation.gov.ru/projects/170733/
npa_regulation_project_170732,Внесение изменений Федеральный закон,МЧС России,,,170732,,,,,1,2,draft | discussion,2026-09-01T12:01:08.999Z,2026-09-16T12:01:09.012Z,Текст,Публичное обсуждение: Внесение изменений Федеральный закон,https://regulation.gov.ru/projects/170732/
npa_regulation_project_170731,О внесении изменений в постановление Правительства Российской Федерации от 17 июня 2004 г. № 294,Минпромторг России,,,170731,,,,,1,2,draft | discussion,2026-09-01T10:56:28.334Z,2026-09-16T10:56:28.354Z,Текст,Публичное обсуждение: О внесении изменений в постановление Правительства Российской Федерации от 17 июня 2004 г. № 294,https://regulation.gov.ru/projects/170731/
npa_regulation_project_170730,"О распространении на работников, замещающих отдельные должности на основании трудового договора 
в организациях, создаваемых для выполнения задач, поставленных перед Министерством иностранных дел Российской Федерации, ограничений, запретов и обязанностей, установленных для федеральных государственных гражданских служащих",МИД России,,,170730,,,,,1,2,draft | discussion,2026-09-01T10:46:15.838Z,2026-09-16T10:46:15.85Z,Текст,"Публичное обсуждение: О распространении на работников, замещающих отдельные должности на основании трудового договора 
в организациях, создаваемых для выполнения задач, поставленных перед Министерством иностранных дел Российской Федерации, ограничений, запретов и обязанностей, установленных для федеральных государственных гражданских служащих",https://regulation.gov.ru/projects/170730/
npa_regulation_project_170728,"О внесении изменений в приложение № 1 к приказу Министерства просвещения Российской Федерации от 22 июня 2026 г. № 436
«Об утверждении федерального перечня учебников, допущенных 
к использованию при реализации имеющих государственную аккредитацию образовательных программ начального общего, основного общего, среднего общего образования организациями, осуществляющими образовательную деятельность, и установлении предельного срока использования исключенных учебников и разработанных в комплекте с ними учебных пособий",Минпросвещения России,,,170728,,,,,1,2,draft | discussion,2026-09-01T10:12:27.501Z,2026-09-16T10:12:27.514Z,Текст,"Публичное обсуждение: О внесении изменений в приложение № 1 к приказу Министерства просвещения Российской Федерации от 22 июня 2026 г. № 436
«Об утверждении федерального перечня учебников, допущенных 
к использованию при реализации имеющих государственную аккредитацию образовательных программ начального общего, основного общего, среднего общего образования организациями, осуществляющими образовательную деятельность, и установлении предельного срока использования исключенных учебников и разработанных в комплекте с ними учебных пособий",https://regulation.gov.ru/projects/170728/
npa_regulation_project_170727,О признании утратившим силу постановления Правительства Российской Федерации от 29 декабря 2020 г. № 2328,Минэкономразвития России,,,170727,,,,,1,2,draft | discussion,2026-09-01T09:28:47.906Z,2026-09-16T09:28:47.92Z,Текст,Публичное обсуждение: О признании утратившим силу постановления Правительства Российской Федерации от 29 декабря 2020 г. № 2328,https://regulation.gov.ru/projects/170727/
npa_regulation_project_170725,"О признании утратившим силу приказа Министерства культуры Российской Федерации от 13 августа 2025 г. № 1455 «Об установлении порядка подготовки и согласования проектной документации 
на проведение работ по сохранению объекта культурного наследия (памятника истории и культуры) народов Российской Федерации, включенного в единый государственный реестр объектов культурного наследия (памятников истории и культуры) народов Российской Федерации, или выявленного объекта культурного наследия (памятника истории и культуры) народов Российской Федерации»",Минкультуры России,,,170725,,,,,1,2,draft | discussion,2026-09-01T08:56:29.214Z,2026-09-16T08:56:29.226Z,Текст,"Публичное обсуждение: О признании утратившим силу приказа Министерства культуры Российской Федерации от 13 августа 2025 г. № 1455 «Об установлении порядка подготовки и согласования проектной документации 
на проведение работ по сохранению объекта культурного наследия (памятника истории и культуры) народов Российской Федерации, включенного в единый государственный реестр объектов культурного наследия (памятников истории и культуры) народов Российской Федерации, или выявленного объекта культурного наследия (памятника истории и культуры) народов Российской Федерации»",https://regulation.gov.ru/projects/170725/
npa_regulation_project_170722,"Проект приказа МЧС России ""Об утверждении Порядка обеспечения жилыми помещениями специализированного жилищного фонда военнослужащих органов государственной охраны, выполняющих задачи по обеспечению организации и функционирования связи для нужд органов государственной власти, и проживающих совместно с ними членов их семей, на объектах Министерства Российской Федерации по делам гражданской обороны, чрезвычайным ситуациям и ликвидации последствий стихийных бедствий, и проживающих совместно с ними членов их семей, а также Перечня указанных объектов Министерства Российской Федерации по делам гражданской обороны, чрезвычайным ситуациям и ликвидации последствий стихийных бедствий""",МЧС России,,,170722,,,,,1,2,draft | discussion,2026-09-01T07:38:45.967Z,2026-09-16T07:38:45.977Z,Уведомление,"Публичное обсуждение: Проект приказа МЧС России ""Об утверждении Порядка обеспечения жилыми помещениями специализированного жилищного фонда военнослужащих органов государственной охраны, выполняющих задачи по обеспечению организации и функционирования связи для нужд органов государственной власти, и проживающих совместно с ними членов их семей, на объектах Министерства Российской Федерации по делам гражданской обороны, чрезвычайным ситуациям и ликвидации последствий стихийных бедствий, и проживающих совместно с ними членов их семей, а также Перечня указанных объектов Министерства Российской Федерации по делам гражданской обороны, чрезвычайным ситуациям и ликвидации последствий стихийных бедствий""",https://regulation.gov.ru/projects/170722/
npa_regulation_project_170723,"Приказ Минтранса России ""Об открытии морского грузо-пассажирского постоянного многостороннего пункта пропуска через государственную границу Российской Федерации в морском порту
Усть-Луга (Ленинградская область) в границах территории Универсального морского терминала генеральных 
и навалочных грузов ООО «Ультрамар» и о внесении изменения  в пределы морского грузо-пассажирского постоянного многостороннего пункта пропуска через государственную границу Российской Федерации в морском порту  Усть-Луга (Ленинградская область), утвержденные приказом Министерства транспорта Российской Федерации от 4 мая 2018 г. № 178""",Минтранс России,,,170723,,,,,1,2,draft | discussion,2026-09-01T07:37:18.194Z,2026-09-16T07:37:18.208Z,Текст,"Публичное обсуждение: Приказ Минтранса России ""Об открытии морского грузо-пассажирского постоянного многостороннего пункта пропуска через государственную границу Российской Федерации в морском порту
Усть-Луга (Ленинградская область) в границах территории Универсального морского терминала генеральных 
и навалочных грузов ООО «Ультрамар» и о внесении изменения  в пределы морского грузо-пассажирского постоянного многостороннего пункта пропуска через государственную границу Российской Федерации в морском порту  Усть-Луга (Ленинградская область), утвержденные приказом Министерства транспорта Российской Федерации от 4 мая 2018 г. № 178""",https://regulation.gov.ru/projects/170723/
npa_regulation_project_170719,"О внесении изменений в приложения № 1 и № 2 к приказу 
Министерства сельского хозяйства Российской Федерации 
от 1 марта 2019 г. № 87",Минсельхоз России,,,170719,,,,,1,2,draft | discussion,2026-09-01T06:47:36.717Z,2026-09-16T06:47:36.731Z,Текст,"Публичное обсуждение: О внесении изменений в приложения № 1 и № 2 к приказу 
Министерства сельского хозяйства Российской Федерации 
от 1 марта 2019 г. № 87",https://regulation.gov.ru/projects/170719/
npa_regulation_project_170690,Об особенностях правового регулирования в сфере осуществления социальной защиты (поддержки) отдельных категорий граждан и особенностях осуществления обязательного социального страхования от несчастных случаев на производстве и профессиональных заболеваний,Минтруд России,,,170690,,,,,1,2,draft | discussion,2026-09-01T06:10:52.455Z,2026-09-16T06:10:52.469Z,Текст,Публичное обсуждение: Об особенностях правового регулирования в сфере осуществления социальной защиты (поддержки) отдельных категорий граждан и особенностях осуществления обязательного социального страхования от несчастных случаев на производстве и профессиональных заболеваний,https://regulation.gov.ru/projects/170690/
npa_regulation_project_170714,"Об утверждении Порядка и сроков проведения проверки по факту наличия или отсутствия предусмотренных пунктом 13 статьи 13, подпунктами 6 и 7 пункта 22 статьи 13.3, подпунктами 2 и 3 пункта 9.1 статьи 18 Федерального закона от 25 июля 2002 г. № 115-ФЗ «О правовом положении иностранных граждан в Российской Федерации» дохода, уровня дохода иностранного гражданина или лица без гражданства, осуществляющих трудовую деятельность на территории Российской Федерации",МВД России,,,170714,,,,,1,2,draft | discussion,2026-08-31T17:14:09.306Z,2026-09-15T17:14:09.321Z,Текст,"Публичное обсуждение: Об утверждении Порядка и сроков проведения проверки по факту наличия или отсутствия предусмотренных пунктом 13 статьи 13, подпунктами 6 и 7 пункта 22 статьи 13.3, подпунктами 2 и 3 пункта 9.1 статьи 18 Федерального закона от 25 июля 2002 г. № 115-ФЗ «О правовом положении иностранных граждан в Российской Федерации» дохода, уровня дохода иностранного гражданина или лица без гражданства, осуществляющих трудовую деятельность на территории Российской Федерации",https://regulation.gov.ru/projects/170714/
npa_regulation_project_170712,"О внесении изменения в пункт 2 Порядка размещения информации об исполнителях государственных (муниципальных) услуг в социальной сфере, о результатах мониторинга достижения результатов оказания государственных (муниципальных) услуг в социальной сфере, оценки исполнителя государственных (муниципальных) услуг в социальной сфере на официальном сайте для размещения информации о государственных и муниципальных учреждениях в информационно-телекоммуникационной сети «Интернет», утвержденного приказом Министерства финансов Российской Федерации от 19 мая 2025 г. № 60н",Минфин России,,,170712,,,,,1,2,draft | discussion,2026-08-31T15:41:41.935Z,2026-09-15T15:41:41.95Z,Текст,"Публичное обсуждение: О внесении изменения в пункт 2 Порядка размещения информации об исполнителях государственных (муниципальных) услуг в социальной сфере, о результатах мониторинга достижения результатов оказания государственных (муниципальных) услуг в социальной сфере, оценки исполнителя государственных (муниципальных) услуг в социальной сфере на официальном сайте для размещения информации о государственных и муниципальных учреждениях в информационно-телекоммуникационной сети «Интернет», утвержденного приказом Министерства финансов Российской Федерации от 19 мая 2025 г. № 60н",https://regulation.gov.ru/projects/170712/
npa_regulation_project_170710,"Об утверждении порядка уведомления  представителя нанимателя федеральными государственными гражданскими служащими 
Федеральной службы по военно-техническому сотрудничеству 
о фактах обращения в целях склонения к совершению 
коррупционных правонарушений, регистрации таких уведомлений 
и организации проверки содержащихся в них сведений",ФСВТС России,,,170710,,,,,1,2,draft | discussion,2026-08-31T15:16:02.677Z,2026-09-15T15:16:02.696Z,Текст,"Публичное обсуждение: Об утверждении порядка уведомления  представителя нанимателя федеральными государственными гражданскими служащими 
Федеральной службы по военно-техническому сотрудничеству 
о фактах обращения в целях склонения к совершению 
коррупционных правонарушений, регистрации таких уведомлений 
и организации проверки содержащихся в них сведений",https://regulation.gov.ru/projects/170710/
npa_regulation_project_170709,"Об утверждении порядка уведомления представителя нанимателя федеральными государственными гражданскими служащими Федеральной службы по военно-техническому сотрудничеству 
о возникновении личной заинтересованности при исполнении должностных обязанностей, которая приводит или может привести к конфликту интересов",ФСВТС России,,,170709,,,,,1,2,draft | discussion,2026-08-31T15:08:28.859Z,2026-09-15T15:08:28.874Z,Текст,"Публичное обсуждение: Об утверждении порядка уведомления представителя нанимателя федеральными государственными гражданскими служащими Федеральной службы по военно-техническому сотрудничеству 
о возникновении личной заинтересованности при исполнении должностных обязанностей, которая приводит или может привести к конфликту интересов",https://regulation.gov.ru/projects/170709/
npa_regulation_project_170705,"О внесении изменений в постановление Правительства
Российской Федерации от 5 октября 2016 г. № 1003",Минсельхоз России,,,170705,,,,,1,2,draft | discussion,2026-08-31T15:04:25.479Z,2026-09-15T15:04:25.492Z,Текст,"Публичное обсуждение: О внесении изменений в постановление Правительства
Российской Федерации от 5 октября 2016 г. № 1003",https://regulation.gov.ru/projects/170705/
npa_regulation_project_170708,"Об утверждении Административного регламента Министерства сельского хозяйства Российской Федерации по предоставлению государственной услуги «Внесение сведений о некоммерческой организации в государственный реестр саморегулируемых организаций ревизионных союзов сельскохозяйственных кооперативов, исключение сведений о саморегулируемой организации ревизионных союзов сельскохозяйственных кооперативов из государственного реестра саморегулируемых организаций ревизионных союзов сельскохозяйственных кооперативов, а также предоставление сведений, содержащихся в указанном реестре»",Минсельхоз России,,,170708,,,,,1,2,draft | discussion,2026-08-31T15:00:11.235Z,2026-09-15T15:00:11.249Z,Текст,"Публичное обсуждение: Об утверждении Административного регламента Министерства сельского хозяйства Российской Федерации по предоставлению государственной услуги «Внесение сведений о некоммерческой организации в государственный реестр саморегулируемых организаций ревизионных союзов сельскохозяйственных кооперативов, исключение сведений о саморегулируемой организации ревизионных союзов сельскохозяйственных кооперативов из государственного реестра саморегулируемых организаций ревизионных союзов сельскохозяйственных кооперативов, а также предоставление сведений, содержащихся в указанном реестре»",https://regulation.gov.ru/projects/170708/
npa_regulation_project_170704,"О внесении изменений в Порядок предоставления жилых помещений жилищного фонда Российской Федерации по договору социального найма в органах внутренних дел Российской Федерации, утвержденный приказом
МВД России от 9 июня 2022 г. № 405",МВД России,,,170704,,,,,1,2,draft | discussion,2026-08-31T14:56:12.506Z,2026-09-15T14:56:12.516Z,Уведомление,"Публичное обсуждение: О внесении изменений в Порядок предоставления жилых помещений жилищного фонда Российской Федерации по договору социального найма в органах внутренних дел Российской Федерации, утвержденный приказом
МВД России от 9 июня 2022 г. № 405",https://regulation.gov.ru/projects/170704/
npa_regulation_project_170702,"О внесении изменений в приказы Федеральной службы государственной регистрации, кадастра и картографии от 28 октября 2021 г. № П/0487 и от 24 ноября 2021 г. № П/0539",Росреестр,,,170702,,,,,1,2,draft | discussion,2026-08-31T14:28:19.06Z,2026-09-15T14:28:19.074Z,Текст,"Публичное обсуждение: О внесении изменений в приказы Федеральной службы государственной регистрации, кадастра и картографии от 28 октября 2021 г. № П/0487 и от 24 ноября 2021 г. № П/0539",https://regulation.gov.ru/projects/170702/
npa_regulation_project_170701,"Об утверждении Положения о выплате премий победителям национального чемпионата по профессиональному мастерству среди инвалидов и лиц с ограниченными возможностями здоровья ""Абилимпикс"" и чемпионата по профессиональному мастерству среди участников специальной военной операции, являющихся инвалидами",Минпросвещения России,,,170701,,,,,1,2,draft | discussion,2026-08-31T14:07:36.146Z,2026-09-15T14:07:36.16Z,Текст,"Публичное обсуждение: Об утверждении Положения о выплате премий победителям национального чемпионата по профессиональному мастерству среди инвалидов и лиц с ограниченными возможностями здоровья ""Абилимпикс"" и чемпионата по профессиональному мастерству среди участников специальной военной операции, являющихся инвалидами",https://regulation.gov.ru/projects/170701/
npa_regulation_project_170699,О внесении изменений в постановление Правительства Российской Федерации от 29 июня 2021 г. № 1047,Минтранс России,,,170699,,,,,1,2,draft | discussion,2026-08-31T13:49:22.06Z,2026-09-15T13:49:22.072Z,Текст,Публичное обсуждение: О внесении изменений в постановление Правительства Российской Федерации от 29 июня 2021 г. № 1047,https://regulation.gov.ru/projects/170699/
npa_regulation_project_170683,О внесении изменения в постановление Правительства Российской Федерации от 11 марта 2010 г. № 138,Минтранс России,,,170683,,,,,1,2,draft | discussion,2026-08-31T13:24:53.796Z,2026-09-15T13:24:53.81Z,Текст,Публичное обсуждение: О внесении изменения в постановление Правительства Российской Федерации от 11 марта 2010 г. № 138,https://regulation.gov.ru/projects/170683/
npa_regulation_project_170694,"Об утверждении перечня должностей работников объектов использования атомной энергии, находящихся в ведении Государственной корпорации по атомной энергии «Росатом», которые должны получать разрешения Федеральной службы по экологическому, технологическому и атомному надзору на право ведения работ в области использования атомной энергии","Госкорпорация ""Росатом""",,,170694,,,,,1,2,draft | discussion,2026-08-31T11:44:30.098Z,2026-09-15T11:44:30.113Z,Текст,"Публичное обсуждение: Об утверждении перечня должностей работников объектов использования атомной энергии, находящихся в ведении Государственной корпорации по атомной энергии «Росатом», которые должны получать разрешения Федеральной службы по экологическому, технологическому и атомному надзору на право ведения работ в области использования атомной энергии",https://regulation.gov.ru/projects/170694/
npa_regulation_project_170692,Утверждение символики ФГБУ «Государственный природный заповедник «Белогорье»,Минприроды России,,,170692,,,,,1,2,draft | discussion,2026-08-31T11:29:11.465Z,2026-09-15T11:29:11.479Z,Текст,Публичное обсуждение: Утверждение символики ФГБУ «Государственный природный заповедник «Белогорье»,https://regulation.gov.ru/projects/170692/
npa_regulation_project_170685,"Об оплате труда руководителя федерального государственного унитарного предприятия «Национальные рыбные ресурсы», находящегося в ведении Росрыболовства",Росрыболовство,,,170685,,,,,1,2,draft | discussion,2026-08-31T08:53:34.216Z,2026-09-15T08:53:34.228Z,Текст,"Публичное обсуждение: Об оплате труда руководителя федерального государственного унитарного предприятия «Национальные рыбные ресурсы», находящегося в ведении Росрыболовства",https://regulation.gov.ru/projects/170685/
npa_regulation_project_170682,"Об утверждении порядка осуществления экспериментальной и инновационной деятельности 
в области физической культуры и спорта",Минспорт России,,,170682,,,,,1,2,draft | discussion,2026-08-31T07:56:19.611Z,2026-09-15T07:56:19.625Z,Текст,"Публичное обсуждение: Об утверждении порядка осуществления экспериментальной и инновационной деятельности 
в области физической культуры и спорта",https://regulation.gov.ru/projects/170682/
npa_regulation_project_170681,Об установлении размеров месячных окладов по нетиповым должностям сотрудников уголовно-исполнительной системы Российской Федерации,ФСИН России,,,170681,,,,,1,2,draft | discussion,2026-08-31T07:23:37.217Z,2026-09-15T07:23:37.231Z,Текст,Публичное обсуждение: Об установлении размеров месячных окладов по нетиповым должностям сотрудников уголовно-исполнительной системы Российской Федерации,https://regulation.gov.ru/projects/170681/
npa_regulation_project_170691,О внесении изменений в приказ Министерства природных ресурсов и экологии Российской Федерации от 3 августа 2021 г. № 533,Минприроды России,,,170691,,,,,1,2,draft | discussion,2026-08-31T11:57:30.395Z,2026-09-14T11:57:30.405Z,Текст,Публичное обсуждение: О внесении изменений в приказ Министерства природных ресурсов и экологии Российской Федерации от 3 августа 2021 г. № 533,https://regulation.gov.ru/projects/170691/
npa_regulation_project_170684,"О внесении изменений в Положение о составе разделов
проектной документации и требованиях к их содержанию",Минстрой России,,,170684,,,,,1,2,draft | discussion,2026-08-31T08:46:54.251Z,2026-09-14T08:46:54.261Z,Текст,"Публичное обсуждение: О внесении изменений в Положение о составе разделов
проектной документации и требованиях к их содержанию",https://regulation.gov.ru/projects/170684/
npa_regulation_project_170677,"О внесении изменений в Положение о Межведомственной комиссии по противодействию финансированию терроризма и экстремистской деятельности, утвержденное
Указом Президента Российской Федерации от 23 октября 2025 г. № 774",Росфинмониторинг,,,170677,,,,,1,2,draft | discussion,2026-08-28T18:02:31.292Z,2026-09-12T18:02:31.303Z,Текст,"Публичное обсуждение: О внесении изменений в Положение о Межведомственной комиссии по противодействию финансированию терроризма и экстремистской деятельности, утвержденное
Указом Президента Российской Федерации от 23 октября 2025 г. № 774",https://regulation.gov.ru/projects/170677/
npa_regulation_project_170656,"Об утверждении формы заявки субъекта Российской Федерации о подтверждении нуждаемости в дополнительном финансировании
из федерального бюджета на исполнение субъектом Российской Федерации полномочий по обеспечению граждан зарегистрированными в установленном порядке на территории Российской Федерации лекарственными препаратами для лечения заболеваний, включенных в перечень жизнеугрожающих и хронических прогрессирующих редких (орфанных) заболеваний, приводящих к сокращению продолжительности жизни граждан или их инвалидности, за исключением заболеваний, указанных в пункте 21 части 2 статьи 14 Федерального закона «Об основах охраны здоровья граждан в Российской Федерации»",Минздрав России,,,170656,,,,,1,2,draft | discussion,2026-08-28T17:54:07.567Z,2026-09-12T17:54:07.579Z,Текст,"Публичное обсуждение: Об утверждении формы заявки субъекта Российской Федерации о подтверждении нуждаемости в дополнительном финансировании
из федерального бюджета на исполнение субъектом Российской Федерации полномочий по обеспечению граждан зарегистрированными в установленном порядке на территории Российской Федерации лекарственными препаратами для лечения заболеваний, включенных в перечень жизнеугрожающих и хронических прогрессирующих редких (орфанных) заболеваний, приводящих к сокращению продолжительности жизни граждан или их инвалидности, за исключением заболеваний, указанных в пункте 21 части 2 статьи 14 Федерального закона «Об основах охраны здоровья граждан в Российской Федерации»",https://regulation.gov.ru/projects/170656/
npa_regulation_project_170639,"Об утверждении перечня индикаторов риска нарушения обязательных требований при осуществлении федерального государственного контроля (надзора) за соблюдением трудового законодательства и иных нормативных правовых актов, содержащих нормы трудового права",Минтруд России,,,170639,,,,,1,2,draft | discussion,2026-08-28T15:28:58.831Z,2026-09-12T15:28:58.844Z,Текст,"Публичное обсуждение: Об утверждении перечня индикаторов риска нарушения обязательных требований при осуществлении федерального государственного контроля (надзора) за соблюдением трудового законодательства и иных нормативных правовых актов, содержащих нормы трудового права",https://regulation.gov.ru/projects/170639/
npa_regulation_project_170673,Об утверждении Порядка проведения служебных проверок в отношении федеральных государственных гражданских служащих Федерального агентства по государственным резервам и его территориальных органов,Росрезерв,,,170673,,,,,1,2,draft | discussion,2026-08-28T15:06:09.946Z,2026-09-12T15:06:09.96Z,Текст,Публичное обсуждение: Об утверждении Порядка проведения служебных проверок в отношении федеральных государственных гражданских служащих Федерального агентства по государственным резервам и его территориальных органов,https://regulation.gov.ru/projects/170673/
npa_regulation_project_170676,"«О внесении изменений в постановление Правительства
Российской Федерации от 14 июня 2023 г. № 979»",Минтруд России,,,170676,,,,,1,2,draft | discussion,2026-08-28T15:02:33.999Z,2026-09-12T15:02:34.012Z,Текст,"Публичное обсуждение: «О внесении изменений в постановление Правительства
Российской Федерации от 14 июня 2023 г. № 979»",https://regulation.gov.ru/projects/170676/
npa_regulation_project_170650,О внесении изменения в постановление Правительства Российской Федерации от 12 января 2023 г. № 11,Минтруд России,,,170650,,,,,1,2,draft | discussion,2026-08-28T14:59:08.653Z,2026-09-12T14:59:08.666Z,Текст,Публичное обсуждение: О внесении изменения в постановление Правительства Российской Федерации от 12 января 2023 г. № 11,https://regulation.gov.ru/projects/170650/
npa_regulation_project_170648,"О внесении изменений в Федеральный закон 
«Об особенностях пенсионного и дополнительного социального обеспечения граждан, проживающих 
на территориях Донецкой Народной Республики, Луганской Народной Республики, Запорожской области и Херсонской области»",Минтруд России,,,170648,,,,,1,2,draft | discussion,2026-08-28T14:58:01.916Z,2026-09-12T14:58:01.931Z,Текст,"Публичное обсуждение: О внесении изменений в Федеральный закон 
«Об особенностях пенсионного и дополнительного социального обеспечения граждан, проживающих 
на территориях Донецкой Народной Республики, Луганской Народной Республики, Запорожской области и Херсонской области»",https://regulation.gov.ru/projects/170648/
npa_regulation_project_170675,"О наделении должностных лиц органов федеральной службы безопасности полномочиями по представлению в налоговые органы по субъектам Российской Федерации сведений о территориях, на которых в соответствии с законодательством Российской Федерации введен правовой режим контртеррористической операции и в отношении жителей которых принято решение о временном отселении (эвакуации), и об отмене указанного режима",ФСБ России,,,170675,,,,,1,2,draft | discussion,2026-08-28T14:41:44.83Z,2026-09-12T14:41:44.845Z,Текст,"Публичное обсуждение: О наделении должностных лиц органов федеральной службы безопасности полномочиями по представлению в налоговые органы по субъектам Российской Федерации сведений о территориях, на которых в соответствии с законодательством Российской Федерации введен правовой режим контртеррористической операции и в отношении жителей которых принято решение о временном отселении (эвакуации), и об отмене указанного режима",https://regulation.gov.ru/projects/170675/
npa_regulation_project_170671,Об утверждении профессионального стандарта «Основной рабочий в производстве и утилизации боеприпасов и взрывчатых веществ»,Минтруд России,,,170671,,,,,1,2,draft | discussion,2026-08-28T14:01:03.628Z,2026-09-12T14:01:03.641Z,Текст,Публичное обсуждение: Об утверждении профессионального стандарта «Основной рабочий в производстве и утилизации боеприпасов и взрывчатых веществ»,https://regulation.gov.ru/projects/170671/
npa_regulation_project_170670,"О внесении изменений в приложения № 3, № 4, № 5, № 6 и № 7 к приказу Федеральной службы по надзору в сфере транспорта от 24 мая 2022 г. № ВБ-266фс «Об аттестации экспертов, привлекаемых федеральной службой
по надзору в сфере транспорта и ее территориальными органами к осуществлению экспертизы в целях федерального государственного контроля (надзора)»",Ространснадзор,,,170670,,,,,1,2,draft | discussion,2026-08-28T13:19:15.988Z,2026-09-12T13:19:16.002Z,Текст,"Публичное обсуждение: О внесении изменений в приложения № 3, № 4, № 5, № 6 и № 7 к приказу Федеральной службы по надзору в сфере транспорта от 24 мая 2022 г. № ВБ-266фс «Об аттестации экспертов, привлекаемых федеральной службой
по надзору в сфере транспорта и ее территориальными органами к осуществлению экспертизы в целях федерального государственного контроля (надзора)»",https://regulation.gov.ru/projects/170670/
npa_regulation_project_170663,"Об утверждении формы налоговой декларации по налогу на доходы физических лиц 
(форма 3-НДФЛ), порядка ее заполнения, а также формата представления 
налоговой декларации по налогу на доходы физических лиц в электронной форме",ФНС России,,,170663,,,,,1,2,draft | discussion,2026-08-28T13:06:47.028Z,2026-09-12T13:06:47.039Z,Текст,"Публичное обсуждение: Об утверждении формы налоговой декларации по налогу на доходы физических лиц 
(форма 3-НДФЛ), порядка ее заполнения, а также формата представления 
налоговой декларации по налогу на доходы физических лиц в электронной форме",https://regulation.gov.ru/projects/170663/
npa_regulation_project_170668,О признании утратившим силу постановления Правительства Российской Федерации от 24 января 2023 г. № 86,Минтруд России,,,170668,,,,,1,2,draft | discussion,2026-08-28T13:06:42.601Z,2026-09-12T13:06:42.613Z,Текст,Публичное обсуждение: О признании утратившим силу постановления Правительства Российской Федерации от 24 января 2023 г. № 86,https://regulation.gov.ru/projects/170668/
npa_regulation_project_170665,"Об утверждении Порядка принятия решения об осуществлении
контроля за расходами федеральных государственных гражданских служащих Министерства энергетики Российской Федерации, работников, замещающих отдельные должности на основании трудового договора в организациях, создаваемых для выполнения задач, поставленных перед Министерством энергетики Российской Федерации, а также за расходами их супруг (супругов) и несовершеннолетних детей",Минэнерго России,,,170665,,,,,1,2,draft | discussion,2026-08-28T13:02:56.458Z,2026-09-12T13:02:56.47Z,Текст,"Публичное обсуждение: Об утверждении Порядка принятия решения об осуществлении
контроля за расходами федеральных государственных гражданских служащих Министерства энергетики Российской Федерации, работников, замещающих отдельные должности на основании трудового договора в организациях, создаваемых для выполнения задач, поставленных перед Министерством энергетики Российской Федерации, а также за расходами их супруг (супругов) и несовершеннолетних детей",https://regulation.gov.ru/projects/170665/
npa_regulation_project_170664,"Об утверждении перечня должностей федеральной государственной гражданской службы Министерства энергетики Российской Федерации, при замещении которых федеральным государственным гражданским служащим запрещается открывать и иметь счета (вклады), хранить наличные денежные средства и ценности в иностранных банках, расположенных за пределами территории Российской Федерации, владеть и (или) пользоваться иностранными финансовыми инструментами",Минэнерго России,,,170664,,,,,1,2,draft | discussion,2026-08-28T12:24:52.427Z,2026-09-12T12:24:52.44Z,Текст,"Публичное обсуждение: Об утверждении перечня должностей федеральной государственной гражданской службы Министерства энергетики Российской Федерации, при замещении которых федеральным государственным гражданским служащим запрещается открывать и иметь счета (вклады), хранить наличные денежные средства и ценности в иностранных банках, расположенных за пределами территории Российской Федерации, владеть и (или) пользоваться иностранными финансовыми инструментами",https://regulation.gov.ru/projects/170664/
npa_regulation_project_170662,"Об утверждении положения о комиссии по оценке последствий принятия решения о реорганизации или ликвидации федеральной государственной образовательной организации, находящейся в ведении Министерства сельского хозяйства Российской Федерации",Минсельхоз России,,,170662,,,,,1,2,draft | discussion,2026-08-28T12:04:33.211Z,2026-09-12T12:04:33.224Z,Текст,"Публичное обсуждение: Об утверждении положения о комиссии по оценке последствий принятия решения о реорганизации или ликвидации федеральной государственной образовательной организации, находящейся в ведении Министерства сельского хозяйства Российской Федерации",https://regulation.gov.ru/projects/170662/
npa_regulation_project_170660,"О перечне документов, необходимых для проведения оценки последствий принятия решения о реорганизации или ликвидации федеральной государственной образовательной организации, подведомственной Министерству сельского хозяйства Российской Федерации",Минсельхоз России,,,170660,,,,,1,2,draft | discussion,2026-08-28T11:59:07.044Z,2026-09-12T11:59:07.058Z,Текст,"Публичное обсуждение: О перечне документов, необходимых для проведения оценки последствий принятия решения о реорганизации или ликвидации федеральной государственной образовательной организации, подведомственной Министерству сельского хозяйства Российской Федерации",https://regulation.gov.ru/projects/170660/
npa_regulation_project_170659,"Об утверждении значений критериев проведения оценки последствий принятия решения о реорганизации или ликвидации федеральной государственной образовательной организации, подведомственной Министерству сельского хозяйства Российской Федерации",Минсельхоз России,,,170659,,,,,1,2,draft | discussion,2026-08-28T11:43:50.445Z,2026-09-12T11:43:50.458Z,Текст,"Публичное обсуждение: Об утверждении значений критериев проведения оценки последствий принятия решения о реорганизации или ликвидации федеральной государственной образовательной организации, подведомственной Министерству сельского хозяйства Российской Федерации",https://regulation.gov.ru/projects/170659/
npa_regulation_project_170658,"О внесении изменений в перечень отдельных официальных спортивных соревнований, проводимых по правилам видов спорта, разработанным физкультурно-спортивными организациями, утвержденным Минспортом России, и таких физкультурно-спортивных организаций, утвержденный приказом Минспорта России от 11.04.2025 № 294 (зарегистрирован Министерством юстиции Российской Федерации 17.04.2025, регистрационный № 81879)",Минспорт России,,,170658,,,,,1,2,draft | discussion,2026-08-28T11:39:51.922Z,2026-09-12T11:39:51.933Z,Уведомление,"Публичное обсуждение: О внесении изменений в перечень отдельных официальных спортивных соревнований, проводимых по правилам видов спорта, разработанным физкультурно-спортивными организациями, утвержденным Минспортом России, и таких физкультурно-спортивных организаций, утвержденный приказом Минспорта России от 11.04.2025 № 294 (зарегистрирован Министерством юстиции Российской Федерации 17.04.2025, регистрационный № 81879)",https://regulation.gov.ru/projects/170658/
npa_regulation_project_170657,"Об утверждении Порядка уведомления работодателя работниками, замещающими отдельные должности на основании трудового договора
в организациях, создаваемых для выполнения задач, поставленных
перед Министерством просвещения Российской Федерации, о фактах обращения в целях склонения к совершению коррупционных
правонарушений, регистрации таких уведомлений и организации
проверки содержащихся в них сведений",Минпросвещения России,,,170657,,,,,1,2,draft | discussion,2026-08-28T10:58:31.884Z,2026-09-12T10:58:31.898Z,Текст,"Публичное обсуждение: Об утверждении Порядка уведомления работодателя работниками, замещающими отдельные должности на основании трудового договора
в организациях, создаваемых для выполнения задач, поставленных
перед Министерством просвещения Российской Федерации, о фактах обращения в целях склонения к совершению коррупционных
правонарушений, регистрации таких уведомлений и организации
проверки содержащихся в них сведений",https://regulation.gov.ru/projects/170657/
npa_regulation_project_170654,"О размещении информации о среднемесячной заработной плате руководителей, их заместителей и главных бухгалтеров федеральных государственных бюджетных учреждений, находящихся в ведении Федерального агентства лесного хозяйства, в информационно-телекоммуникационной сети «Интернет»",Рослесхоз,,,170654,,,,,1,2,draft | discussion,2026-08-28T10:26:20.999Z,2026-09-12T10:26:21.013Z,Текст,"Публичное обсуждение: О размещении информации о среднемесячной заработной плате руководителей, их заместителей и главных бухгалтеров федеральных государственных бюджетных учреждений, находящихся в ведении Федерального агентства лесного хозяйства, в информационно-телекоммуникационной сети «Интернет»",https://regulation.gov.ru/projects/170654/
npa_regulation_project_170652,"Об утверждении Положения об осуществлении проверки достоверности и полноты сведений, представляемых гражданами, претендующими на замещение отдельных должностей в организациях, создаваемых для выполнения задач, поставленных перед Министерством транспорта Российской Федерации, и работниками, замещающими отдельные должности на основании трудового договора в организациях, создаваемых для выполнения задач, поставленных перед Министерством транспорта Российской Федерации, а также соблюдения работниками этих организаций требований к служебному поведению",Минтранс России,,,170652,,,,,1,2,draft | discussion,2026-08-28T09:04:07.819Z,2026-09-12T09:04:07.837Z,Текст,"Публичное обсуждение: Об утверждении Положения об осуществлении проверки достоверности и полноты сведений, представляемых гражданами, претендующими на замещение отдельных должностей в организациях, создаваемых для выполнения задач, поставленных перед Министерством транспорта Российской Федерации, и работниками, замещающими отдельные должности на основании трудового договора в организациях, создаваемых для выполнения задач, поставленных перед Министерством транспорта Российской Федерации, а также соблюдения работниками этих организаций требований к служебному поведению",https://regulation.gov.ru/projects/170652/
npa_regulation_project_170651,О внесении изменений в постановление Правительства Российской Федерации от 15 апреля 2014 г. № 309,Минэкономразвития России,,,170651,,,,,1,2,draft | discussion,2026-08-28T08:44:02.546Z,2026-09-12T08:44:02.56Z,Текст,Публичное обсуждение: О внесении изменений в постановление Правительства Российской Федерации от 15 апреля 2014 г. № 309,https://regulation.gov.ru/projects/170651/
npa_regulation_project_170645,"Об установлении Типовых требований к плану мероприятий по внедрению оборудования и программно-технических средств, используемых в эксплуатируемых экспедитором информационных системах",Минтранс России,,,170645,,,,,1,2,draft | discussion,2026-08-28T08:27:05.809Z,2026-09-12T08:27:05.823Z,Текст,"Публичное обсуждение: Об установлении Типовых требований к плану мероприятий по внедрению оборудования и программно-технических средств, используемых в эксплуатируемых экспедитором информационных системах",https://regulation.gov.ru/projects/170645/
npa_regulation_project_170646,"Об утверждении границ зон охраны объекта культурного наследия (памятника истории и культуры) народов Российской Федерации федерального значения «Ансамбль Ферапонтова монастыря, конец XV - XVII век, конец XVIII века,  XIX век, начало XX века» (Вологодская область, Кирилловский район, село Ферапонтово), включенного в Список всемирного наследия, особых режимов использования земель и требований к градостроительным регламентам в границах территорий данных зон",Минкультуры России,,,170646,,,,,1,2,draft | discussion,2026-08-28T07:55:38.454Z,2026-09-12T07:55:38.467Z,Текст,"Публичное обсуждение: Об утверждении границ зон охраны объекта культурного наследия (памятника истории и культуры) народов Российской Федерации федерального значения «Ансамбль Ферапонтова монастыря, конец XV - XVII век, конец XVIII века,  XIX век, начало XX века» (Вологодская область, Кирилловский район, село Ферапонтово), включенного в Список всемирного наследия, особых режимов использования земель и требований к градостроительным регламентам в границах территорий данных зон",https://regulation.gov.ru/projects/170646/
npa_regulation_project_170647,"Об утверждении показателей эффективности деятельности федеральных бюджетных, автономных и казенных учреждений, находящихся в ведении Министерства транспорта Российской Федерации, и работы их руководителей",Минтранс России,,,170647,,,,,1,2,draft | discussion,2026-08-28T07:43:22.753Z,2026-09-12T07:43:22.765Z,Текст,"Публичное обсуждение: Об утверждении показателей эффективности деятельности федеральных бюджетных, автономных и казенных учреждений, находящихся в ведении Министерства транспорта Российской Федерации, и работы их руководителей",https://regulation.gov.ru/projects/170647/
npa_regulation_project_170644,"О внесении изменений в Положение об организации и ведении гражданской обороны в Федеральном дорожном агентстве, утвержденное приказом Федерального дорожного агентства от 7 ноября 2023 г. № 172",Росавтодор,,,170644,,,,,1,2,draft | discussion,2026-08-28T06:37:03.591Z,2026-09-12T06:37:03.607Z,Текст,"Публичное обсуждение: О внесении изменений в Положение об организации и ведении гражданской обороны в Федеральном дорожном агентстве, утвержденное приказом Федерального дорожного агентства от 7 ноября 2023 г. № 172",https://regulation.gov.ru/projects/170644/
npa_regulation_project_170642,"Об утверждении Порядка уведомления работниками, замещающими отдельные должности на основании трудового договора в организациях, создаваемых для выполнения задач, поставленных перед Федеральной службой по контролю за алкогольным и табачным рынками, о возникновении личной заинтересованности при исполнении должностных обязанностей, которая приводит или может привести к конфликту интересов",Росалкогольтабакконтроль,,,170642,,,,,1,2,draft | discussion,2026-08-27T15:21:38.22Z,2026-09-11T15:21:38.234Z,Текст,"Публичное обсуждение: Об утверждении Порядка уведомления работниками, замещающими отдельные должности на основании трудового договора в организациях, создаваемых для выполнения задач, поставленных перед Федеральной службой по контролю за алкогольным и табачным рынками, о возникновении личной заинтересованности при исполнении должностных обязанностей, которая приводит или может привести к конфликту интересов",https://regulation.gov.ru/projects/170642/
npa_regulation_project_170641,О внесении изменений в приказ Министерства финансов Российской Федерации и Центрального банка Российской Федерации от 7 октября 2024 г. № 147н/ОД-1605,Минфин России,,,170641,,,,,1,2,draft | discussion,2026-08-27T15:17:11.728Z,2026-09-11T15:17:11.745Z,Текст,Публичное обсуждение: О внесении изменений в приказ Министерства финансов Российской Федерации и Центрального банка Российской Федерации от 7 октября 2024 г. № 147н/ОД-1605,https://regulation.gov.ru/projects/170641/
npa_regulation_project_170640,"Об определении перечней видов вооружения и военной техники, элементов тренажерной базы и базы для общевоенной подготовки, материальных запасов, включаемых в состав расходов, затраченных
на военную или специальную подготовку граждан
Российской Федерации в военной образовательной организации высшего образования, находящейся в ведении МЧС России",МЧС России,,,170640,,,,,1,2,draft | discussion,2026-08-27T15:03:43.173Z,2026-09-11T15:03:43.191Z,Текст,"Публичное обсуждение: Об определении перечней видов вооружения и военной техники, элементов тренажерной базы и базы для общевоенной подготовки, материальных запасов, включаемых в состав расходов, затраченных
на военную или специальную подготовку граждан
Российской Федерации в военной образовательной организации высшего образования, находящейся в ведении МЧС России",https://regulation.gov.ru/projects/170640/
npa_regulation_project_170666,Проект постановления Правительства Российской Федерации «О внесении изменения в постановление Правительства Российской Федерации от 6 мая 2011 г. № 352»,Минсельхоз России,,,170666,,,,,1,2,draft | discussion,2026-08-28T14:22:35.268Z,2026-09-11T14:22:35.279Z,Текст,Публичное обсуждение: Проект постановления Правительства Российской Федерации «О внесении изменения в постановление Правительства Российской Федерации от 6 мая 2011 г. № 352»,https://regulation.gov.ru/projects/170666/
npa_regulation_project_170655,"Об утверждении порядка, сроков и формы направления организацией, осуществляющей производство этилового спирта (за исключением этилового спирта, произведенного из непищевого сырья растительного происхождения, дистиллятов винного, виноградного, плодового, коньячного, кальвадосного, ромового и винодельческой продукции) или алкогольной продукции, относящейся к спиртным напиткам (за исключением винодельческой продукции), сведений о бенефициарных владельцах такой организации, лице, контролирующем такую организацию",Росалкогольтабакконтроль,,,170655,,,,,1,2,draft | discussion,2026-08-28T14:16:07.265Z,2026-09-11T14:16:07.279Z,Текст,"Публичное обсуждение: Об утверждении порядка, сроков и формы направления организацией, осуществляющей производство этилового спирта (за исключением этилового спирта, произведенного из непищевого сырья растительного происхождения, дистиллятов винного, виноградного, плодового, коньячного, кальвадосного, ромового и винодельческой продукции) или алкогольной продукции, относящейся к спиртным напиткам (за исключением винодельческой продукции), сведений о бенефициарных владельцах такой организации, лице, контролирующем такую организацию",https://regulation.gov.ru/projects/170655/
npa_regulation_project_170637,"О внесении изменений в приказ Министерства труда и социальной защиты Российской Федерации от 31 мая 2022 г. № 331н по вопросам дополнения сведениями о наименовании области и вида профессиональной деятельности, по которым осуществляется реализация дополнительных профессиональных программ",Минтруд России,,,170637,,,,,1,2,draft | discussion,2026-08-27T14:04:07.395Z,2026-09-11T14:04:07.405Z,Уведомление,"Публичное обсуждение: О внесении изменений в приказ Министерства труда и социальной защиты Российской Федерации от 31 мая 2022 г. № 331н по вопросам дополнения сведениями о наименовании области и вида профессиональной деятельности, по которым осуществляется реализация дополнительных профессиональных программ",https://regulation.gov.ru/projects/170637/
npa_regulation_project_170636,О внесении изменений в постановление Правительства Российской Федерации от 15 апреля 2014 г. № 312,Минюст России,,,170636,,,,,1,2,draft | discussion,2026-08-27T13:15:02.308Z,2026-09-11T13:15:02.322Z,Текст,Публичное обсуждение: О внесении изменений в постановление Правительства Российской Федерации от 15 апреля 2014 г. № 312,https://regulation.gov.ru/projects/170636/
npa_regulation_project_170669,"О внесении изменений в Разъяснения о классификации в соответствии с единой Товарной номенклатурой внешнеэкономической деятельности Евразийского экономического союза отдельных видов товаров, утвержденные приказом ФТС России от 17 ноября 2021 г. № 995",ФТС России,,,170669,,,,,1,2,draft | discussion,2026-08-28T13:14:41.417Z,2026-09-11T13:14:41.427Z,Уведомление,"Публичное обсуждение: О внесении изменений в Разъяснения о классификации в соответствии с единой Товарной номенклатурой внешнеэкономической деятельности Евразийского экономического союза отдельных видов товаров, утвержденные приказом ФТС России от 17 ноября 2021 г. № 995",https://regulation.gov.ru/projects/170669/
npa_regulation_project_170661,Об утверждении Правил расчета минимальной платы по соглашению об осуществлении рекреационной деятельности в национальном парке,Минприроды России,,,170661,,,,,1,2,draft | discussion,2026-08-28T12:34:03.461Z,2026-09-11T12:34:03.474Z,Текст,Публичное обсуждение: Об утверждении Правил расчета минимальной платы по соглашению об осуществлении рекреационной деятельности в национальном парке,https://regulation.gov.ru/projects/170661/
npa_regulation_project_170634,Об утверждении об утверждении формы реестра отчетов о результатах проведения молекулярной генетической экспертизы,Минсельхоз России,,,170634,,,,,1,2,draft | discussion,2026-08-27T11:51:44.557Z,2026-09-11T11:51:44.573Z,Текст,Публичное обсуждение: Об утверждении об утверждении формы реестра отчетов о результатах проведения молекулярной генетической экспертизы,https://regulation.gov.ru/projects/170634/
npa_regulation_project_170633,О признании утратившим силу приказа Федеральной службы по ветеринарному и фитосанитарному надзору от 18 мая 2026 г. № 615 «О передаче функций по рассмотрению и согласованию проектов рекультивации земель (проектов консервации земель)»,Россельхознадзор,,,170633,,,,,1,2,draft | discussion,2026-08-27T11:41:56.306Z,2026-09-11T11:41:56.322Z,Текст,Публичное обсуждение: О признании утратившим силу приказа Федеральной службы по ветеринарному и фитосанитарному надзору от 18 мая 2026 г. № 615 «О передаче функций по рассмотрению и согласованию проектов рекультивации земель (проектов консервации земель)»,https://regulation.gov.ru/projects/170633/
npa_regulation_project_170631,"Приказ Министра обороны Российской Федерации ""Об утверждении Порядка установления границ полос воздушных подходов на аэродромах государственной авиации""",Минобороны России,,,170631,,,,,1,2,draft | discussion,2026-08-27T10:58:38.596Z,2026-09-11T10:58:38.606Z,Уведомление,"Публичное обсуждение: Приказ Министра обороны Российской Федерации ""Об утверждении Порядка установления границ полос воздушных подходов на аэродромах государственной авиации""",https://regulation.gov.ru/projects/170631/
npa_regulation_project_170635,"Проект постановления Правительства Российской Федерации «О внесении изменений в постановление Правительства Российской Федерации 
от 12 июня 2008 г. № 450»",Минсельхоз России,,,170635,,,,,1,2,draft | discussion,2026-08-28T09:15:28.338Z,2026-09-11T09:15:28.352Z,Текст,"Публичное обсуждение: Проект постановления Правительства Российской Федерации «О внесении изменений в постановление Правительства Российской Федерации 
от 12 июня 2008 г. № 450»",https://regulation.gov.ru/projects/170635/
npa_regulation_project_170629,О внесении изменений в постановление Правительства Российской Федерации от 3 августа 2012 г. № 793,Росреестр,,,170629,,,,,1,2,draft | discussion,2026-08-27T08:30:27.22Z,2026-09-11T08:30:27.234Z,Текст,Публичное обсуждение: О внесении изменений в постановление Правительства Российской Федерации от 3 августа 2012 г. № 793,https://regulation.gov.ru/projects/170629/
npa_regulation_project_170627,"О внесении изменений в приложения к приказу Федеральной налоговой службы 
от 19.09.2023 № ЕД-7-11/649@",ФНС России,,,170627,,,,,1,2,draft | discussion,2026-08-27T08:07:45.124Z,2026-09-11T08:07:45.137Z,Текст,"Публичное обсуждение: О внесении изменений в приложения к приказу Федеральной налоговой службы 
от 19.09.2023 № ЕД-7-11/649@",https://regulation.gov.ru/projects/170627/
npa_regulation_project_170643,"Об утверждении Порядка проведения медицинского осмотра для установления наличия или отсутствия медицинских противопоказаний работе в качестве инструктора-проводника, включающего в себя химико-токсикологические исследования наличия в организме человека наркотических средств, психотропных веществ и их метаболитов, формы медицинского заключения об отсутствии медицинских противопоказаний к работе в качестве инструктора-проводника, Перечня заболеваний, препятствующих работе в качестве инструктора-проводника",Минздрав России,,,170643,,,,,1,2,draft | discussion,2026-08-28T06:57:19.051Z,2026-09-11T06:57:19.061Z,Текст,"Публичное обсуждение: Об утверждении Порядка проведения медицинского осмотра для установления наличия или отсутствия медицинских противопоказаний работе в качестве инструктора-проводника, включающего в себя химико-токсикологические исследования наличия в организме человека наркотических средств, психотропных веществ и их метаболитов, формы медицинского заключения об отсутствии медицинских противопоказаний к работе в качестве инструктора-проводника, Перечня заболеваний, препятствующих работе в качестве инструктора-проводника",https://regulation.gov.ru/projects/170643/
npa_regulation_project_170623,Об утверждении профессионального стандарта «Машинист горных выемочных машин»,Минтруд России,,,170623,,,,,1,2,draft | discussion,2026-08-26T14:53:19.529Z,2026-09-10T14:53:19.542Z,Текст,Публичное обсуждение: Об утверждении профессионального стандарта «Машинист горных выемочных машин»,https://regulation.gov.ru/projects/170623/
npa_regulation_project_170622,"Об утверждении Порядка представления сведений о доходах, расходах, об имуществе и обязательствах имущественного характера гражданами претендующими на замещение должностей в организациях, создаваемых для выполнения задач поставленных перед Федеральной службой по интеллектуальной собственности, и работниками замещающими эти должности",Роспатент,,,170622,,,,,1,2,draft | discussion,2026-08-26T14:44:40.848Z,2026-09-10T14:44:40.864Z,Текст,"Публичное обсуждение: Об утверждении Порядка представления сведений о доходах, расходах, об имуществе и обязательствах имущественного характера гражданами претендующими на замещение должностей в организациях, создаваемых для выполнения задач поставленных перед Федеральной службой по интеллектуальной собственности, и работниками замещающими эти должности",https://regulation.gov.ru/projects/170622/
npa_regulation_project_170632,Проект постановления Правительства Российской Федерации «О внесении изменений в постановление Правительства Российской Федерации от 28 июня 2021 г. № 1030»,Минсельхоз России,,,170632,,,,,1,2,draft | discussion,2026-08-27T14:43:35.448Z,2026-09-10T14:43:35.461Z,Текст,Публичное обсуждение: Проект постановления Правительства Российской Федерации «О внесении изменений в постановление Правительства Российской Федерации от 28 июня 2021 г. № 1030»,https://regulation.gov.ru/projects/170632/
npa_regulation_project_170619,"Об утверждении критериев прослеживаемости (учета) и подтверждения подлинности и легальности происхождения драгоценных металлов, из которых изготовлены ювелирные и другие изделия из драгоценных металлов",Федеральная пробирная палата,,,170619,,,,,1,2,draft | discussion,2026-08-26T14:20:33.207Z,2026-09-10T14:20:33.221Z,Текст,"Публичное обсуждение: Об утверждении критериев прослеживаемости (учета) и подтверждения подлинности и легальности происхождения драгоценных металлов, из которых изготовлены ювелирные и другие изделия из драгоценных металлов",https://regulation.gov.ru/projects/170619/
npa_regulation_project_170618,О признании утратившим силу постановления Правительства Российской Федерации от 24 сентября 2020 г. № 1542,Минтранс России,,,170618,,,,,1,2,draft | discussion,2026-08-26T14:08:03.373Z,2026-09-10T14:08:03.385Z,Текст,Публичное обсуждение: О признании утратившим силу постановления Правительства Российской Федерации от 24 сентября 2020 г. № 1542,https://regulation.gov.ru/projects/170618/
npa_regulation_project_170795,О внесении изменений в постановление Правительства Российской Федерации от 15 апреля 2014 г. № 321,Минэнерго России,,,170795,,,,,1,1,draft,2026-09-04T12:07:55.255Z,2026-09-04T12:07:55.255Z,Завершение,Проект размещён: О внесении изменений в постановление Правительства Российской Федерации от 15 апреля 2014 г. № 321,https://regulation.gov.ru/projects/170795/
npa_regulation_project_170834,Об утверждении Типовой формы пакетного соглашения о предоставлении субсидий из федерального бюджета бюджету субъекта Российской Федерации,Минфин России,,,170834,,,,,1,1,draft,2026-09-04T08:57:48.636Z,2026-09-04T08:57:48.636Z,Текст,Проект размещён: Об утверждении Типовой формы пакетного соглашения о предоставлении субсидий из федерального бюджета бюджету субъекта Российской Федерации,https://regulation.gov.ru/projects/170834/
npa_pravo_eo_0001202609040012,"Об утверждении Порядка представления сведений о доходах, расходах, об имуществе и обязательствах имущественного характера в Федеральном агентстве по техническому регулированию и метрологии и его территориальных органах",—,,,,,0001202609040012,,,1,1,published,2026-09-04T00:00:00,2026-09-04T00:00:00,Опубликован,Официально опубликован акт № 1550,http://publication.pravo.gov.ru/document/0001202609040012
npa_pravo_eo_0001202609040004,"Об утверждении формы инвестиционной программы организации, осуществляющей горячее водоснабжение, холодное водоснабжение и (или) водоотведение с использованием централизованных систем (за исключением организации, осуществляющей горячее водоснабжение с использованием открытых систем горячего водоснабжения)",—,,,,,0001202609040004,,,1,1,published,2026-09-04T00:00:00,2026-09-04T00:00:00,Опубликован,Официально опубликован акт № 571/пр,http://publication.pravo.gov.ru/document/0001202609040004
npa_pravo_eo_0001202609040001,"""Об Андрееве А.В.""",—,,,,,0001202609040001,,,1,1,published,2026-09-04T00:00:00,2026-09-04T00:00:00,Опубликован,Официально опубликован акт № 635,http://publication.pravo.gov.ru/document/0001202609040001
npa_pravo_eo_0001202609040015,Об утверждении Положения об организации и ведении гражданской обороны в уголовно-исполнительной системе Российской Федерации,—,,,,,0001202609040015,,,1,1,published,2026-09-04T00:00:00,2026-09-04T00:00:00,Опубликован,Официально опубликован акт № 549,http://publication.pravo.gov.ru/document/0001202609040015
npa_pravo_eo_0001202609040020,"Об утверждении Правил выдачи удостоверения ветерана боевых действий единого образца лицам, направлявшимся для обеспечения выполнения задач в ходе специальной военной операции",—,,,,,0001202609040020,,,1,1,published,2026-09-04T00:00:00,2026-09-04T00:00:00,Опубликован,Официально опубликован акт № 1096,http://publication.pravo.gov.ru/document/0001202609040020
npa_pravo_eo_0001202609040022,Об утверждении Правил реализации климатических проектов с риском высвобождения парниковых газов,—,,,,,0001202609040022,,,1,1,published,2026-09-04T00:00:00,2026-09-04T00:00:00,Опубликован,Официально опубликован акт № 1121,http://publication.pravo.gov.ru/document/0001202609040022
npa_pravo_eo_0001202609040018,"Об установлении Порядка закрытия железнодорожных путей общего пользования, в том числе малоинтенсивных линий и участков",—,,,,,0001202609040018,,,1,1,published,2026-09-04T00:00:00,2026-09-04T00:00:00,Опубликован,Официально опубликован акт № 1097,http://publication.pravo.gov.ru/document/0001202609040018
npa_pravo_eo_0001202609040021,О внесении изменения в постановление Правительства Российской Федерации от 26 января 2005 г. № 38,—,,,,,0001202609040021,,,1,1,published,2026-09-04T00:00:00,2026-09-04T00:00:00,Опубликован,Официально опубликован акт № 1125,http://publication.pravo.gov.ru/document/0001202609040021
npa_pravo_eo_0001202609040003,"Об утверждении перечней субстанций и (или) методов, запрещенных для использования в спорте",—,,,,,0001202609040003,,,1,1,published,2026-09-04T00:00:00,2026-09-04T00:00:00,Опубликован,Официально опубликован акт № 687,http://publication.pravo.gov.ru/document/0001202609040003
npa_pravo_eo_0200202609040001,О внесении изменений в некоторые решения Правительства Республики Башкортостан,—,,,,,0200202609040001,,,1,1,published,2026-09-04T00:00:00,2026-09-04T00:00:00,Опубликован,Официально опубликован акт № 333,http://publication.pravo.gov.ru/document/0200202609040001
npa_pravo_eo_0001202609040010,"Об утверждении порядка определения Федеральной службой по военно-техническому сотрудничеству организаций - разработчиков и производителей продукции военного назначения, участвующих в выполнении контракта на поставку продукции военного назначения, заключенного государственными посредниками в рамках военно-технологического сотрудничества",—,,,,,0001202609040010,,,1,1,published,2026-09-04T00:00:00,2026-09-04T00:00:00,Опубликован,Официально опубликован акт № 40-од,http://publication.pravo.gov.ru/document/0001202609040010
npa_pravo_eo_0300202609040001,"О внесении изменений в постановление 
Правительства Республики Бурятия от 24.07.2020 № 450 
«Об утверждении Порядка предоставления субсидий из 
республиканского бюджета юридическим лицам,  
индивидуальным предпринимателям на возмещение  
недополученных доходов, возникающих в результате 
установления льготных тарифов на тепловую энергию,  
теплоноситель, водоснабжение, водоотведение» ",—,,,,,0300202609040001,,,1,1,published,2026-09-04T00:00:00,2026-09-04T00:00:00,Опубликован,Официально опубликован акт № 452,http://publication.pravo.gov.ru/document/0300202609040001
npa_pravo_eo_0300202609040004,Распоряжение Правительства Республики Бурятия от 03.09.2026 № 721-р,—,,,,,0300202609040004,,,1,1,published,2026-09-04T00:00:00,2026-09-04T00:00:00,Опубликован,Официально опубликован акт № 721-р,http://publication.pravo.gov.ru/document/0300202609040004
npa_pravo_eo_0001202609040005,"О признании утратившими силу приказов Министерства спорта, туризма и молодежной политики Российской Федерации от 13 мая 2009 г. № 293 и от 14 июня 2011 г. № 563 ",—,,,,,0001202609040005,,,1,1,published,2026-09-04T00:00:00,2026-09-04T00:00:00,Опубликован,Официально опубликован акт № 685,http://publication.pravo.gov.ru/document/0001202609040005
npa_pravo_eo_0001202609040013,"О внесении изменений в классификатор видов разрешенного использования земельных участков, утвержденный приказом Федеральной службы государственной регистрации‚ кадастра и картографии от 10 ноября 2020 г. № 11/0412",—,,,,,0001202609040013,,,1,1,published,2026-09-04T00:00:00,2026-09-04T00:00:00,Опубликован,Официально опубликован акт № П/0278/26,http://publication.pravo.gov.ru/document/0001202609040013
npa_pravo_eo_0001202609040007,"О внесении изменений в приказ Федеральной службы по экологическому, технологическому и атомному надзору от 7 августа 2023 г. № 284 «Об утверждении форм проверочных листов (списков контрольных вопросов, ответы на которые свидетельствуют о соблюдении или несоблюдении контролируемым лицом обязательных требований), применяемых Федеральной службой по экологическому, технологическому и атомному надзору и ее территориальными органами при проведении плановых выездных проверок при осуществлении федерального государственного энергетического надзора в сфере электроэнергетики и федерального государственного энергетического надзора в сфере теплоснабжения»",—,,,,,0001202609040007,,,1,1,published,2026-09-04T00:00:00,2026-09-04T00:00:00,Опубликован,Официально опубликован акт № 225,http://publication.pravo.gov.ru/document/0001202609040007
npa_pravo_eo_0001202609040006,"Об утверждении Порядка представления сведений о доходах, расходах, об имуществе и обязательствах имущественного характера в ФАС России и ее территориальных органах",—,,,,,0001202609040006,,,1,1,published,2026-09-04T00:00:00,2026-09-04T00:00:00,Опубликован,Официально опубликован акт № 618/26,http://publication.pravo.gov.ru/document/0001202609040006
npa_pravo_eo_0300202609040003,"О присвоении классного чина 
государственной гражданской службы Республики  
Бурятия государственным гражданским служащим  
Республики Бурятия Министерства туризма  
Республики Бурятия",—,,,,,0300202609040003,,,1,1,published,2026-09-04T00:00:00,2026-09-04T00:00:00,Опубликован,Официально опубликован акт № 450,http://publication.pravo.gov.ru/document/0300202609040003
npa_pravo_eo_0200202609040002,О снятии ограничительных мероприятий (карантина) по бешенству животных с территории деревни Мансурово сельского поселения Мансуровский сельсовет муниципального района Учалинский район Республики Башкортостан,—,,,,,0200202609040002,,,1,1,published,2026-09-04T00:00:00,2026-09-04T00:00:00,Опубликован,Официально опубликован акт № УГ-864,http://publication.pravo.gov.ru/document/0200202609040002
npa_pravo_eo_0001202609040017,Об утверждении Положения о функциональной подсистеме охраны лесов от пожаров и защиты их от вредителей и болезней леса единой государственной системы предупреждения и ликвидации чрезвычайных ситуаций,—,,,,,0001202609040017,,,1,1,published,2026-09-04T00:00:00,2026-09-04T00:00:00,Опубликован,Официально опубликован акт № 275,http://publication.pravo.gov.ru/document/0001202609040017
npa_pravo_eo_0001202609040002,"""О Чрезвычайном и Полномочном После Российской Федерации в Союзе Коморских Островов""",—,,,,,0001202609040002,,,1,1,published,2026-09-04T00:00:00,2026-09-04T00:00:00,Опубликован,Официально опубликован акт № 636,http://publication.pravo.gov.ru/document/0001202609040002
npa_pravo_eo_0001202609040008,"О внесении изменений в Порядок оказания медицинской помощи взрослому населению при заболеваниях нервной системы, утвержденный приказом Министерства здравоохранения Российской Федерации от 15 ноября 2012 г. № 926н",—,,,,,0001202609040008,,,1,1,published,2026-09-04T00:00:00,2026-09-04T00:00:00,Опубликован,Официально опубликован акт № 719н,http://publication.pravo.gov.ru/document/0001202609040008
npa_pravo_eo_0001202609040014,"Об утверждении сроков, порядка, состава и формата предоставления операторами подвижной радиотелефонной связи, указанными в пункте 1 статьи 46-2 Федерального закона от 7 июля 2003 г. № 126-ФЗ «О связи», в федеральный орган исполнительной власти, осуществляющий функции по контролю и надзору в сфере средств массовой информации, массовых коммуникаций, информационных технологий и связи, информации о направлении обращения о заключении договора о совместном использовании радиоэлектронных средств, получении такого обращения, датах заключения или расторжения договора о совместном использовании радиоэлектронных средств, дате начала совместного использования радиоэлектронных средств в электронной форме",—,,,,,0001202609040014,,,1,1,published,2026-09-04T00:00:00,2026-09-04T00:00:00,Опубликован,Официально опубликован акт № 241,http://publication.pravo.gov.ru/document/0001202609040014
npa_pravo_eo_0401202609040001,О внесении изменений в приказ Министерства здравоохранения Республики Алтай от 16 мая 2016 г. № 90-од и признании утратившими силу некоторых приказов Министерства здравоохранения Республики Алтай,—,,,,,0401202609040001,,,1,1,published,2026-09-04T00:00:00,2026-09-04T00:00:00,Опубликован,Официально опубликован акт № П-02-01/207,http://publication.pravo.gov.ru/document/0401202609040001
npa_pravo_eo_0001202609040016,"Об утверждении Порядка уведомления работодателя работниками, замещающими отдельные должности на основании трудового договора в организациях, создаваемых для выполнения задач, поставленных перед Федеральной службой по надзору в сфере здравоохранения, о возникновении личной заинтересованности при исполнении должностных обязанностей, которая приводит или может привести к конфликту интересов",—,,,,,0001202609040016,,,1,1,published,2026-09-04T00:00:00,2026-09-04T00:00:00,Опубликован,Официально опубликован акт № 709,http://publication.pravo.gov.ru/document/0001202609040016
npa_pravo_eo_0001202609040009,"О внесении изменений в Порядок проведения конкурса по распределению контрольных цифр приема по специальностям и направлениям подготовки и (или) укрупненным группам специальностей и направлений подготовки для обучения по образовательным программам высшего образования в области искусств за счет бюджетных ассигнований федерального бюджета, утвержденный приказом Минкультуры России от 13 июля 2023 г. № 2107",—,,,,,0001202609040009,,,1,1,published,2026-09-04T00:00:00,2026-09-04T00:00:00,Опубликован,Официально опубликован акт № 1456,http://publication.pravo.gov.ru/document/0001202609040009
npa_pravo_eo_0300202609040002,"О создании автономной некоммерческой организации  
«Центр поддержки экспорта Республики Бурятия» ",—,,,,,0300202609040002,,,1,1,published,2026-09-04T00:00:00,2026-09-04T00:00:00,Опубликован,Официально опубликован акт № 453,http://publication.pravo.gov.ru/document/0300202609040002
npa_pravo_eo_0001202609040019,О внесении изменения в постановление Правительства Российской Федерации от 23 декабря 2024 г. № 1875,—,,,,,0001202609040019,,,1,1,published,2026-09-04T00:00:00,2026-09-04T00:00:00,Опубликован,Официально опубликован акт № 1122,http://publication.pravo.gov.ru/document/0001202609040019
npa_pravo_eo_0401202609040002,"О внесении изменения в перечень объектов недвижимого имущества, указанных в подпунктах 1 и 2 пункта 1 статьи 378.2 Налогового кодекса Российской Федерации, в отношении которых налоговая база определяется как кадастровая стоимость, на 2026 год",—,,,,,0401202609040002,,,1,1,published,2026-09-04T00:00:00,2026-09-04T00:00:00,Опубликован,Официально опубликован акт № П-05-01/424,http://publication.pravo.gov.ru/document/0401202609040002
npa_pravo_eo_0001202609040011,О внесении изменений в приказ Минюста России от 25.03.2016 № 71 «Об утверждении Порядка формирования и деятельности Комиссии территориального органа Минюста России по соблюдению требований к служебному поведению федеральных государственных гражданских служащих и урегулированию конфликта интересов»,—,,,,,0001202609040011,,,1,1,published,2026-09-04T00:00:00,2026-09-04T00:00:00,Опубликован,Официально опубликован акт № 241,http://publication.pravo.gov.ru/document/0001202609040011
npa_regulation_project_170801,"О порядке передачи уполномоченными банками, государственной корпорацией развития «ВЭБ.РФ» информации о нарушениях лицами, осуществляющими валютные операции, актов валютного законодательства Российской Федерации и актов органов валютного регулирования органам валютного контроля, имеющим право применять санкции к таким лицам",Центральный банк Российской Федерации,,,170801,,,,,1,1,draft,2026-09-03T13:07:48.472Z,2026-09-03T13:07:48.472Z,Текст,"Проект размещён: О порядке передачи уполномоченными банками, государственной корпорацией развития «ВЭБ.РФ» информации о нарушениях лицами, осуществляющими валютные операции, актов валютного законодательства Российской Федерации и актов органов валютного регулирования органам валютного контроля, имеющим право применять санкции к таким лицам",https://regulation.gov.ru/projects/170801/
npa_regulation_project_170800,"Об объеме и порядке передачи уполномоченными банками, государственной корпорацией развития «ВЭБ.РФ» как агентами валютного контроля информации органам валютного контроля",Центральный банк Российской Федерации,,,170800,,,,,1,1,draft,2026-09-03T12:53:15.166Z,2026-09-03T12:53:15.166Z,Текст,"Проект размещён: Об объеме и порядке передачи уполномоченными банками, государственной корпорацией развития «ВЭБ.РФ» как агентами валютного контроля информации органам валютного контроля",https://regulation.gov.ru/projects/170800/
npa_regulation_project_170766,"Об утверждении Перечня
должностей, замещаемых на основании трудового договора 
в организациях, создаваемых для выполнения задач, поставленных перед Федеральным дорожным агентством, при назначении на которые граждане 
и при замещении которых работники обязаны представлять сведения о своих доходах, об имуществе и обязательствах имущественного характера, а также сведения о доходах, об имуществе 
и обязательствах имущественного характера своих супруги (супруга)
и несовершеннолетних детей",Росавтодор,,,170766,,,,,1,1,draft,2026-09-02T13:06:22.494Z,2026-09-02T13:06:22.494Z,Текст,"Проект размещён: Об утверждении Перечня
должностей, замещаемых на основании трудового договора 
в организациях, создаваемых для выполнения задач, поставленных перед Федеральным дорожным агентством, при назначении на которые граждане 
и при замещении которых работники обязаны представлять сведения о своих доходах, об имуществе и обязательствах имущественного характера, а также сведения о доходах, об имуществе 
и обязательствах имущественного характера своих супруги (супруга)
и несовершеннолетних детей",https://regulation.gov.ru/projects/170766/
npa_regulation_project_170763,"Об утверждении Порядка представления гражданами, претендующими на замещение должностей, и работниками, замещающими должности в организации, создаваемой для выполнения задач, поставленных перед Судебным департаментом при Верховном Суде Российской 
Федерации, сведений о своих доходах, расходах, об имуществе и обязательствах имущественного характера, а также сведений о доходах, расходах, об имуществе и обязательствах имущественного характера своих супруги (супруга) и несовершеннолетних детей",Судебный департамент,,,170763,,,,,1,1,draft,2026-09-02T12:27:59.244Z,2026-09-02T12:27:59.244Z,Текст,"Проект размещён: Об утверждении Порядка представления гражданами, претендующими на замещение должностей, и работниками, замещающими должности в организации, создаваемой для выполнения задач, поставленных перед Судебным департаментом при Верховном Суде Российской 
Федерации, сведений о своих доходах, расходах, об имуществе и обязательствах имущественного характера, а также сведений о доходах, расходах, об имуществе и обязательствах имущественного характера своих супруги (супруга) и несовершеннолетних детей",https://regulation.gov.ru/projects/170763/
npa_regulation_project_170761,О внесении изменений в Положение Банка России от 31 января 2017 года № 577-П,Центральный банк Российской Федерации,,,170761,,,,,1,1,draft,2026-09-02T11:50:00.745Z,2026-09-02T11:50:00.745Z,Текст,Проект размещён: О внесении изменений в Положение Банка России от 31 января 2017 года № 577-П,https://regulation.gov.ru/projects/170761/
npa_regulation_project_170760,"Административный регламент Министерства иностранных дел Российской Федерации по предоставлению государственной услуги ""Легализация российских официальных документов и иностранных официальных документов, составленных должностными лицами дипломатических представительств или консульских учреждений иностранных государств
 в Российской Федерации""",МИД России,,,170760,,,,,1,1,draft,2026-09-02T10:32:01.229Z,2026-09-02T10:32:01.229Z,Текст,"Проект размещён: Административный регламент Министерства иностранных дел Российской Федерации по предоставлению государственной услуги ""Легализация российских официальных документов и иностранных официальных документов, составленных должностными лицами дипломатических представительств или консульских учреждений иностранных государств
 в Российской Федерации""",https://regulation.gov.ru/projects/170760/
npa_regulation_project_170754,"О внесении изменений в Порядок проведения акционерным обществом «Российский экспортный центр» мониторинга соблюдения центрами поддержки экспорта требований к центрам поддержки экспорта и анализа результатов деятельности центров поддержки экспорта, утвержденный приказом Министерства промышленности и торговли Российской Федерации от 9 июня 2026 г. № 2798",Минпромторг России,,,170754,,,,,1,1,draft,2026-09-02T10:00:12.048Z,2026-09-02T10:00:12.048Z,Текст,"Проект размещён: О внесении изменений в Порядок проведения акционерным обществом «Российский экспортный центр» мониторинга соблюдения центрами поддержки экспорта требований к центрам поддержки экспорта и анализа результатов деятельности центров поддержки экспорта, утвержденный приказом Министерства промышленности и торговли Российской Федерации от 9 июня 2026 г. № 2798",https://regulation.gov.ru/projects/170754/
npa_regulation_project_170758,"О порядке представления резидентами и нерезидентами уполномоченным банкам подтверждающих документов и информации при осуществлении валютных операций, о единых формах учета и отчетности по валютным операциям, порядке и сроках их представления",Центральный банк Российской Федерации,,,170758,,,,,1,1,draft,2026-09-02T09:42:36.95Z,2026-09-02T09:42:36.95Z,Текст,"Проект размещён: О порядке представления резидентами и нерезидентами уполномоченным банкам подтверждающих документов и информации при осуществлении валютных операций, о единых формах учета и отчетности по валютным операциям, порядке и сроках их представления",https://regulation.gov.ru/projects/170758/
npa_regulation_project_170748,"Проект постановления Правительства Российской Федерации об установлении особенностей применения неустойки (штрафа, пени), иных финансовых санкций, а также других мер ответственности за неисполнение или ненадлежащее исполнение обязательств по договорам на строительство крупнотоннажных судов, заключенным до 1 января 2022 года",Минпромторг России,,,170748,,,,,1,1,draft,2026-09-01T15:33:01.13Z,2026-09-01T15:33:01.13Z,Текст,"Проект размещён: Проект постановления Правительства Российской Федерации об установлении особенностей применения неустойки (штрафа, пени), иных финансовых санкций, а также других мер ответственности за неисполнение или ненадлежащее исполнение обязательств по договорам на строительство крупнотоннажных судов, заключенным до 1 января 2022 года",https://regulation.gov.ru/projects/170748/
npa_regulation_project_170734,"Об утверждении перечня
должностей федеральной государственной гражданской службы в Федеральном дорожном агентстве, при замещении которых федеральные государственные гражданские служащие обязаны представлять сведения о своих доходах, об имуществе и обязательствах имущественного характера, а также сведения
о доходах, об имуществе и обязательствах
имущественного характера своих супруги (супруга)
и несовершеннолетних детей",Росавтодор,,,170734,,,,,1,1,draft,2026-09-01T12:24:47.616Z,2026-09-01T12:24:47.616Z,Текст,"Проект размещён: Об утверждении перечня
должностей федеральной государственной гражданской службы в Федеральном дорожном агентстве, при замещении которых федеральные государственные гражданские служащие обязаны представлять сведения о своих доходах, об имуществе и обязательствах имущественного характера, а также сведения
о доходах, об имуществе и обязательствах
имущественного характера своих супруги (супруга)
и несовершеннолетних детей",https://regulation.gov.ru/projects/170734/
npa_regulation_project_170721,О внесении изменений в постановление Правительства Российской Федерации от 26 декабря 2017 г. № 1642,Минпросвещения России,,,170721,,,,,1,1,draft,2026-09-01T07:30:18.573Z,2026-09-01T07:30:18.573Z,Текст,Проект размещён: О внесении изменений в постановление Правительства Российской Федерации от 26 декабря 2017 г. № 1642,https://regulation.gov.ru/projects/170721/
npa_regulation_project_170720,"Об установлении тарифа на услуги ПАО ""Транснефть"" по транспортировке нефтепродуктов по системе магистральных трубопроводов, оказываемые ООО ""Афипский НПЗ""",ФАС России,,,170720,,,,,1,1,draft,2026-09-01T07:09:53.961Z,2026-09-01T07:09:53.961Z,Текст,"Проект размещён: Об установлении тарифа на услуги ПАО ""Транснефть"" по транспортировке нефтепродуктов по системе магистральных трубопроводов, оказываемые ООО ""Афипский НПЗ""",https://regulation.gov.ru/projects/170720/
npa_regulation_project_170711,"О порядке определения совокупной стоимости в денежном эквиваленте цифровых валют, приобретенных и приобретаемых по поручению резидента, не являющегося квалифицированным инвестором, через брокера в течение календарного года, предельной сумме совокупной стоимости в денежном эквиваленте цифровых валют, приобретенных и приобретаемых по поручению резидента, не являющегося квалифицированным инвестором, через брокера в течение календарного года, перечне цифровых валют, которые организатор торговли вправе допустить к публичному обращению на организованных торгах, порядке определения рыночной капитализации цифровых валют, порядке определения среднедневного объема торгов цифровыми валютами, и порядке определения среднего объема торгов по сделкам с цифровыми валютами у иностранного организатора торговли (включая биржу)",Центральный банк Российской Федерации,,,170711,,,,,1,1,draft,2026-08-31T15:32:05.977Z,2026-08-31T15:32:05.977Z,Текст,"Проект размещён: О порядке определения совокупной стоимости в денежном эквиваленте цифровых валют, приобретенных и приобретаемых по поручению резидента, не являющегося квалифицированным инвестором, через брокера в течение календарного года, предельной сумме совокупной стоимости в денежном эквиваленте цифровых валют, приобретенных и приобретаемых по поручению резидента, не являющегося квалифицированным инвестором, через брокера в течение календарного года, перечне цифровых валют, которые организатор торговли вправе допустить к публичному обращению на организованных торгах, порядке определения рыночной капитализации цифровых валют, порядке определения среднедневного объема торгов цифровыми валютами, и порядке определения среднего объема торгов по сделкам с цифровыми валютами у иностранного организатора торговли (включая биржу)",https://regulation.gov.ru/projects/170711/
npa_regulation_project_170689,"О внесении изменений в Указание Банка России от 22 июля 2014 года № 3338-У «О порядке проведения территориальными учреждениями Банка России проверок соблюдения кредитными организациями требований к счетно-сортировальным машинам, применяемым при обработке банкнот Банка России, предназначенных для выдачи клиентам»",Центральный банк Российской Федерации,,,170689,,,,,1,1,draft,2026-08-31T10:13:15.602Z,2026-08-31T10:13:15.602Z,Текст,"Проект размещён: О внесении изменений в Указание Банка России от 22 июля 2014 года № 3338-У «О порядке проведения территориальными учреждениями Банка России проверок соблюдения кредитными организациями требований к счетно-сортировальным машинам, применяемым при обработке банкнот Банка России, предназначенных для выдачи клиентам»",https://regulation.gov.ru/projects/170689/
npa_regulation_project_170688,О внесении изменений в Указание Банка России от 9 декабря 2019 года № 5348-У «О правилах наличных расчетов»,Центральный банк Российской Федерации,,,170688,,,,,1,1,draft,2026-08-31T09:27:33.9Z,2026-08-31T09:27:33.9Z,Текст,Проект размещён: О внесении изменений в Указание Банка России от 9 декабря 2019 года № 5348-У «О правилах наличных расчетов»,https://regulation.gov.ru/projects/170688/
npa_regulation_project_170687,О внесении изменений в Положение Банка России от 9 января 2023 года № 813-П «О ведении Банком России и кредитными организациями банковских счетов территориальных органов Федерального казначейства»,Центральный банк Российской Федерации,,,170687,,,,,1,1,draft,2026-08-31T09:13:52.297Z,2026-08-31T09:13:52.297Z,Текст,Проект размещён: О внесении изменений в Положение Банка России от 9 января 2023 года № 813-П «О ведении Банком России и кредитными организациями банковских счетов территориальных органов Федерального казначейства»,https://regulation.gov.ru/projects/170687/
npa_regulation_project_170686,"Об утверждении Порядка
принятия решения об осуществлении контроля 
за расходами федеральных государственных гражданских служащих
Федеральной антимонопольной службы и ее территориальных органов, работников организаций, создаваемых для выполнения задач, поставленных перед Федеральной антимонопольной службой,
а также за расходами их супруг (супругов) и несовершеннолетних детей",ФАС России,,,170686,,,,,1,1,draft,2026-08-31T09:04:44.305Z,2026-08-31T09:04:44.305Z,Текст,"Проект размещён: Об утверждении Порядка
принятия решения об осуществлении контроля 
за расходами федеральных государственных гражданских служащих
Федеральной антимонопольной службы и ее территориальных органов, работников организаций, создаваемых для выполнения задач, поставленных перед Федеральной антимонопольной службой,
а также за расходами их супруг (супругов) и несовершеннолетних детей",https://regulation.gov.ru/projects/170686/
npa_regulation_project_170628,О внесении изменений в постановление Правительства Российской Федерации от 24 февраля 2025 г. № 207,Минприроды России,,,170628,,,,,1,1,draft,2026-08-27T08:10:50.322Z,2026-08-27T08:10:50.322Z,Текст,Проект размещён: О внесении изменений в постановление Правительства Российской Федерации от 24 февраля 2025 г. № 207,https://regulation.gov.ru/projects/170628/
npa_regulation_project_170626,"Об утверждении Административного регламента
Федерального агентства железнодорожного транспорта по предоставлению государственной услуги «Принятие решений о временном прекращении погрузки и перевозки грузов, грузобагажа, перевозки порожних грузовых вагонов в определенных железнодорожных направлениях вследствие сложившихся у перевозчика или при использовании инфраструктуры железнодорожного транспорта общего пользования обстоятельств, препятствующих осуществлению перевозок, с немедленным извещением об этом в установленном порядке Министерства транспорта Российской Федерации и Правительства Российской Федерации, соответствующих перевозчиков и владельцев инфраструктуры железнодорожного транспорта общего пользования»",Росжелдор,,,170626,,,,,1,1,draft,2026-08-27T07:26:32.342Z,2026-08-27T07:26:32.342Z,Текст,"Проект размещён: Об утверждении Административного регламента
Федерального агентства железнодорожного транспорта по предоставлению государственной услуги «Принятие решений о временном прекращении погрузки и перевозки грузов, грузобагажа, перевозки порожних грузовых вагонов в определенных железнодорожных направлениях вследствие сложившихся у перевозчика или при использовании инфраструктуры железнодорожного транспорта общего пользования обстоятельств, препятствующих осуществлению перевозок, с немедленным извещением об этом в установленном порядке Министерства транспорта Российской Федерации и Правительства Российской Федерации, соответствующих перевозчиков и владельцев инфраструктуры железнодорожного транспорта общего пользования»",https://regulation.gov.ru/projects/170626/
npa_regulation_project_170620,О внесении изменений в Указание Банка России от 27 июля 2020 года № 5514-У,Центральный банк Российской Федерации,,,170620,,,,,1,1,draft,2026-08-26T14:29:35.971Z,2026-08-26T14:29:35.971Z,Текст,Проект размещён: О внесении изменений в Указание Банка России от 27 июля 2020 года № 5514-У,https://regulation.gov.ru/projects/170620/
npa_sozd_bill_1281779-8,Проект постановления №1281779-8 Об изменении порядка работы Государственной Думы Федерального Собрания Российской Федерации в период весенней сессии 2026 года (об отмене заседаний Государственной Думы Федерального Собрания Российской Федерации 9 июля 2026 года),—,,1281779-8,,,,,,1,3,stage | introduced,06.07.2026 08:33:00,07.07.2026 17:34:00,2.3 Рассмотрение проекта постановления Государственной Думой,2.3 Рассмотрение проекта постановления Государственной Думой,https://sozd.duma.gov.ru/bill/1281779-8#1f17a110-4d9d-6dac-b01d-3b37cbe5faf2 | https://sozd.duma.gov.ru/bill/1281779-8#1f1794d5-6d9c-6b36-aaea-d3da1b6a78b4 | https://sozd.duma.gov.ru/bill/1281779-8#1f179c5a-9ffb-6078-9adf-7dff281b1b20
npa_sozd_bill_1332591-8,"О внесении изменений в статьи 25.6 и 27 Федерального закона ""О порядке выезда из Российской Федерации и въезда в Российскую Федерацию"" и статьи 5 и 13 Федерального закона ""О правовом положении иностранных граждан в Российской Федерации""",—,,1332591-8,,,,,,1,2,introduced | stage,04.09.2026 09:47:08,04.09.2026 15:21:22,1.2 Прохождение законопроекта у Председателя Государственной Думы,1.2 Прохождение законопроекта у Председателя Государственной Думы,https://sozd.duma.gov.ru/bill/1332591-8#1f1a85b6-36ef-6cda-ad16-813b7d5d1298 | https://sozd.duma.gov.ru/bill/1332591-8#1f1a82c7-32af-65ea-87e9-a7978c96ddce
npa_sozd_bill_1332244-8,О мерах по обеспечению эффективности использования объектов жилищно-коммунального хозяйства в Российской Федерации,—,,1332244-8,,,,,,1,2,introduced | stage,03.09.2026 16:39:08,04.09.2026 14:58:46,1.2 Прохождение законопроекта у Председателя Государственной Думы,1.2 Прохождение законопроекта у Председателя Государственной Думы,https://sozd.duma.gov.ru/bill/1332244-8#1f1a8585-0797-6cca-a01b-6f924091cb73 | https://sozd.duma.gov.ru/bill/1332244-8#1f1a79cd-6e8a-6a72-bd7c-a170468b6e57
npa_sozd_bill_1332594-8,"О внесении изменения в статью 8 Федерального закона ""Об образовании в Российской Федерации""",—,,1332594-8,,,,,,1,2,introduced | stage,04.09.2026 09:53:08,04.09.2026 14:42:55,1.2 Прохождение законопроекта у Председателя Государственной Думы,1.2 Прохождение законопроекта у Председателя Государственной Думы,https://sozd.duma.gov.ru/bill/1332594-8#1f1a855f-2224-678a-9c63-5d0d7f1e8e77 | https://sozd.duma.gov.ru/bill/1332594-8#1f1a82d4-9954-6c20-a4b1-bdcebd71cbe8
npa_sozd_bill_1332789-8,"О внесении изменений в Федеральный закон ""Об ответственном обращении с животными и о внесении изменений в отдельные законодательные акты Российской Федерации""",—,,1332789-8,,,,,,1,1,introduced,04.09.2026 12:03:07,04.09.2026 12:03:07,1.1 Регистрация законопроекта и материалов к нему в САДД ГД,1.1 Регистрация законопроекта и материалов к нему в САДД ГД,https://sozd.duma.gov.ru/bill/1332789-8#1f1a83f7-2add-6cbe-9555-31fa99218d53
npa_sozd_bill_1331250-8,О внесении изменений в часть вторую Налогового кодекса Российской Федерации в части снижения налоговой нагрузки на субъекты малого и среднего предпринимательства,—,,1331250-8,,,,,,1,2,introduced | stage,02.09.2026 16:39:07,03.09.2026 14:21:28,1.2 Прохождение законопроекта у Председателя Государственной Думы,1.2 Прохождение законопроекта у Председателя Государственной Думы,https://sozd.duma.gov.ru/bill/1331250-8#1f1a789f-b093-697a-9945-09ae6fa7ff04 | https://sozd.duma.gov.ru/bill/1331250-8#1f1a6d3a-c66d-664e-b272-91f3c1466e9d
