source_name,title,title_original,link,author,category,importance,description,pub_date,who,what,when,consequences,tags,relevance_to_company,company_impact,in_general,text,mention_source,model
Коммерсантъ,Гидрометцентр России сообщил о повышении температуры в Москве до +23 градусов на следующей неделе,В Москве на следующей неделе ожидается потепление до 23 градусов,https://www.kommersant.ru/doc/8937477,—,Общество,Низкий,"Гидрометцентр России сообщил о переменчивой погоде в Московском регионе на предстоящей неделе. 7 сентября ожидается +10…+15 °C, уже 9 сентября воздух прогреется до +21 °C. Во второй половине недели днем температура составит +16…+23 °C, возможны небольшие дожди.","Sun, 06 Sep 2026 12:56:26 +0300","Гидрометцентр России, ведущий сотрудник Марина Макарова",Ожидается потепление в Московском регионе до +21…+23 градусов после прохождения циклона,С 7 по 13 сентября 2026 года,"Погодное явление не влияет на деятельность GS Labs и отрасль разработки ПО, телекоммуникаций или регулирования.",погода; Москва; Гидрометцентр; потепление,noise,"Новость о погоде не связана с продуктами, реестром ПО, телеком-регулированием или IT-тематикой, поэтому для GS Labs это шум.",false,"Температура воздуха в Московском регионе 7 сентября составит около +10…+15 °C, однако уже 9 сентября повысится до +21 °C. Об этом сообщила ведущий сотрудник Гидрометцентра России Марина Макарова.

«На следующей неделе погода будет переменчивой. В начале недели мы будем находиться под влиянием тыловой части обширного циклона, который вмиг разросся до размеров европейской России», — сообщила госпожа Макарова.

В ночь на 7 сентября температура в Москве опустится до +7…+9 °C, а в области — до +5…+10 °C. К ночи на 9 сентября температура составит около +4…+9 °C, а днем воздух прогреется уже до +16…+21 °C. Вторая половина недели будет еще более теплой, но с небольшими дождями. Днем температура в среднем составит от +16 до +23 °C, а ночью — от +8 до +15 °C.",Коммерсантъ,proxy/deepseek-v4-flash
Коммерсантъ,Умер актер Константин Сироткин из сериала «Склифосовский» в возрасте 58 лет,Умер актер Константин Сироткин // Актер из «Склифосовского» Константин Сироткин умер в возрасте 58 лет,https://www.kommersant.ru/doc/8937472,—,Общество,Низкий,"Российский актер театра и кино Константин Сироткин умер на 59-м году жизни. По данным окружения, он скончался 2 сентября, причины смерти не названы. Артист известен по сериалам «Склифосовский-1» и «Морозова-2», а также по участию в мюзиклах «Норд-Ост».","Sun, 06 Sep 2026 12:35:58 +0300","Константин Сироткин, издание «Аргументы и факты», театр «На Басманной»",Смерть российского актера Константина Сироткина в возрасте 58 лет,Актер умер 2 сентября; сообщение опубликовано 6 сентября 2026 года,Для отрасли ПО и телеком-рынка последствий нет; для GS Labs событие является информационным шумом.,Константин Сироткин; смерть актера; Склифосовский; культура,noise,"Новость не связана с ИТ, регулированием, телекомом, защитой контента или реестром российского ПО, поэтому отношения к GS Labs не имеет.",false,"Российский актер Константин Сироткин умер на 59-м году жизни. Об этом в окружении артиста сообщили изданию «Аргументы и факты».

Как уточнил собеседник газеты, господин Сироткин умер 2 сентября. Он отметил, что причины смерти пока неизвестны. О времени и месте прощания также не сообщается.

Константин Сироткин окончил Российский институт театрального искусства (сегодня — ГИТИС) в 1991 году. С 1996 по 2001 год артист работал в театре-кабаре «Летучая мышь». Позже он участвовал в мюзиклах «Норд-Ост», «Иствикские ведьмы» и «Двенадцать стульев». С 2004 года Константин Сироткин работал в театре «На Басманной».

С конца 1990-х годов артист также снимался в кино. Среди его проектов — сериалы «Склифосовский-1» и «Морозова-2».",Коммерсантъ,proxy/deepseek-v4-flash
Коммерсантъ,Немецкий космический стартап Isar Aerospace впервые успешно вывел спутники на орбиту,Немецкая Isar Aerospace впервые успешно запустила ракету с космодрома в Норвегии,https://www.kommersant.ru/doc/8937467,—,Технологии,Низкий,"Немецкий космический стартап Isar Aerospace успешно запустил ракету Spectrum с космодрома Аннёйа в Норвегии. Ракета вывела на орбиту пять спутников, включая первый норвежский аппарат FramSat-1. Это первый успешный орбитальный полет компании после аварии в марте 2025 года.","Sun, 06 Sep 2026 12:17:46 +0300","Isar Aerospace, космодром Аннёйа, Orbit NTNU, FramSat-1",Успешный запуск ракеты Spectrum и вывод спутников на орбиту,Событие произошло до 6 сентября 2026 года (дата публикации),"Для GS Labs новость не имеет прямых последствий, так как относится к космической отрасли и не связана с телекомом, цифровым ТВ, защитой контента или регулированием ИТ.",космос; ракетостроение; Isar Aerospace; спутники,noise,"Новость не касается деятельности GS Labs: она о космических запусках, а не о разработке ПО для ТВ/OTT, CAS/DRM или регулировании российского ИТ-рынка.",false,"Космический стартап из Германии Isar Aerospace успешно запустил ракету Spectrum со стартовой площадки в Норвегии.

«Мы вошли в историю. С нашим вторым полетом мы стали первой коммерческой космической компанией из Европы, доставившей спутники на орбиту», — заявили в Isar Aerospace. Глава компании Даниэль Метцлер заявил, что этот старт открыл для Европы «суверенный доступ в космос».

Запуск произвели с космодрома Аннёйа в Арктике. Ракета вывела на орбиту пять спутников, включая первый норвежский аппарат FramSat-1. Этот спутник разработала компания Orbit NTNU в сотрудничестве с промышленными корпорациями.

В марте 2025 года во время первого запуска Spectrum компании Isar Aerospace аппарат разбился при взлете. Ракета тогда стартовала штатно, но примерно через 40 секунд отклонилась от курса и упала.",Коммерсантъ,proxy/deepseek-v4-flash
Коммерсантъ,"Грузовик столкнулся с поездом у станции Бельково, погиб водитель, сошли с рельсов вагоны",Электричка Александров &mdash; Орехово-Зуево сошла с рельсов после столкновения с грузовиком // Водитель грузовика погиб при столкновении с поездом во Владимирской области,https://www.kommersant.ru/doc/8937468,—,Общество,Низкий,"Во Владимирской области грузовик столкнулся с пассажирским поездом Александров-1 — Орехово-Зуево вблизи станции Бельково. Водитель автомобиля погиб, среди пассажиров и локомотивной бригады пострадавших нет. В результате происшествия сошли с рельсов два вагона и одна тележка, повреждена железнодорожная инфраструктура, движение временно приостановлено.","Sun, 06 Sep 2026 12:13:30 +0300","Московская железная дорога, УМВД по Владимирской области, водитель грузовика","ДТП с участием грузовика и пассажирского поезда, повлекшее гибель водителя и сход вагонов",06.09.2026,Для GS Labs последствий нет. На уровне региона произошла временная приостановка движения поездов и необходимость восстановления железнодорожной инфраструктуры.,ДТП; железная дорога; Владимирская область; пассажирский поезд; безопасность,noise,"Новость не связана с телекомом, IT, реестром ПО, защитой контента или регулированием отрасли GS Labs. Это локальное транспортное происшествие, не оказывающее влияния на деятельность компании.",false,"Во Владимирской области грузовик столкнулся с железнодорожным составом, погиб водитель автомобиля. Среди пассажиров поезда и локомотивной бригады пострадавших нет, сообщила Московская железная дорога.

ДТП произошло вблизи станции Бельково во время проезда поезда Александров-1 — Орехово-Зуево.

«В результате ДТП произошел сход двух вагонов, еще в одном — сход одной тележки, повреждена железнодорожная инфраструктура. Движение поездов в границах станции Бельково временно приостановлено», — уточнили в МЖД.

В региональном УМВД сообщили, что, по предварительным данным, водитель автомобиля проигнорировал сигнал семафора.",Коммерсантъ,proxy/deepseek-v4-flash
Коммерсантъ,В Иркутском районе ввели режим ЧС из-за заразного узелкового дерматита у домашних животных,Под Иркутском введен режим ЧС и будет уничтожен скот из-за болезни животных,https://www.kommersant.ru/doc/8937456,—,Общество,Низкий,"С 4 сентября на территории Иркутского муниципального округа в границах Оекского административного округа введен режим ЧС из-за выявленных случаев заразного узелкового дерматита домашних животных. В деревнях Бутырки и Коты обнаружены восемь эпизоотических очагов, предполагаемая причина — нелегальный ввоз мелкого рогатого скота. Зараженные животные будут принудительно уничтожены, проводятся подомовые обходы для выявления новых случаев.","Sun, 06 Sep 2026 12:13:11 +0300","Администрация Иркутского муниципального округа, глава района Леонид Фролов, губернатор Игорь Кобзев, областная служба ветеринарии, жители деревень Бутырки и Коты",Введение режима ЧС в Иркутском муниципальном округе из-за заразного узелкового дерматита и уничтожение зараженных животных,"С 4 сентября (вероятно, 2026 года), публикация 6 сентября 2026 года","Новость не связана с деятельностью GS Labs и не несет прямых последствий для IT-отрасли, телекома или регулирования ПО.",режим ЧС; узелковый дерматит; Иркутская область; ветеринария; сельское хозяйство,noise,"Новость относится к агропромышленному сектору и региональному управлению, не касается тематик GS Labs (цифровое ТВ, OTT, CAS/DRM, реестр российского ПО).",false,"С 4 сентября на территории Иркутского муниципального округа в границах Оекского административного округа ввели режим ЧС из-за выявленных случаев заразного узелкового дерматита домашних животных. В связи с этим в муниципалитете был проведен сход граждан с участием губернатора Приангарья Игоря Кобзева, сообщил в соцсетях глава района Леонид Фролов.

По его информации, в деревнях Бутырки и Коты выявлены восемь эпизоотических очагов. Предполагаемая причина распространения возбудителя инфекции — нелегальный ввоз мелкого рогатого скота на территорию округа. Зараженные животные будут принудительно уничтожаться. Господин Фролов заявил, что в связи с этим «понимает недовольство жителей», и попросил людей не препятствовать соответствующим мероприятиям, так как «ситуация критическая».

Администрация Иркутского округа определила место для убийства животных, подготовила горючее и технику. Работы по выявлению зараженных домашних животных в Оекском административном округе продолжаются. Специалисты областной службы ветеринарии ведут подомовой обход личных подсобных хозяйств в эпизоотическом очаге.

Влад Никифоров, Иркутск",Коммерсантъ,proxy/deepseek-v4-flash
Коммерсантъ,"В Индонезии произошло извержение вулкана Семеру с выбросом пепла на высоту 4,7 км","В Индонезии произошло извержение третьего за неделю вулкана // Вулкан Семеру в Индонезии при извержении выбросил пепел на высоту 4,7 км",https://www.kommersant.ru/doc/8937459,—,Общество,Низкий,"В индонезийской провинции Восточная Ява извергся вулкан Семеру, выбросив пепел на высоту 4,7 км. Местным жителям рекомендовано избегать отдыха в радиусе 13 км от вулкана. Также сегодня аэропорт Сукарно-Хатта в Джакарте приостановил работу из-за пепла после извержения Анак-Кракатау.","Sun, 06 Sep 2026 11:43:38 +0300","Агентство Antara, наблюдательный пункт Семеру, власти Индонезии, жители Восточной Явы","Извержение вулкана Семеру в Индонезии с выбросом пепла на 4,7 км","6 сентября 2026 года, точное время не указано",Для GS Labs и ИТ-отрасли России последствий нет. Возможны временные ограничения на авиасообщение в регионе.,вулкан; Индонезия; природное явление; пепел,noise,"Новость не связана с деятельностью GS Labs: извержение вулкана не влияет на телеком-отрасль, реестр российского ПО или регулирование.",false,"В индонезийской провинции Восточная Ява произошло извержение вулкана Семеру. Пепел поднялся на высоту 4,7 тыс. м над уровнем моря. Об этом сообщает агентство Antara со ссылкой на наблюдательный пункт Семеру.

Извержение длилось около 102 секунд. Облако пепла движется на восток, отметили специалисты мониторинга. Жителям рекомендуется воздержаться от отдыха на открытом воздухе в радиусе 13 км от вулкана, особенно вдоль реки Бесук Кобокан. В пределах 5 км от кратера Семеру гражданам находиться запрещается из-за риска выброса раскаленной породы.

«Особую осторожность следует проявлять рядом с реками Бесук Кобокан, Бесук Банг, Бесук Кембар и Бесук Сат, … которые могут нести лахары (грязевые потоки из вулканического пепла, пемзы и обломков горных пород. — “Ъ”)», — отметили в ведомстве.

Сегодня крупнейший аэропорт Индонезии Сукарно-Хатта в Джакарте приостановил работу из-за распространения пепла после извержения другого вулкана — Анак-Кракатау. 1 сентября на острове Суматра произошло извержение вулкана Синабунг. Тогда столб пепла поднимался на высоту около 3,5 км.",Коммерсантъ,proxy/deepseek-v4-flash
Коммерсантъ,"МИД России допустил возможную трехстороннюю встречу лидеров России, США и Китая","В МИД России допустили проведение трехсторонней встречи Путина с главами США и Китая // Замглавы МИД Рябков: трехсторонняя встреча лидеров РФ, США и Китая не исключена",https://www.kommersant.ru/doc/8937458,—,Политика,Низкий,"Замглавы МИД России Сергей Рябков заявил, что проведение трехсторонней встречи президентов России, США и Китая не исключено, однако говорить о подготовке преждевременно. Идея обсуждается в публичном пространстве, конкретная повестка не определена, аналогичный формат ранее не использовался.","Sun, 06 Sep 2026 11:35:52 +0300","МИД России (Сергей Рябков), президенты России, США и Китая","Возможность проведения трехсторонней встречи лидеров России, США и Китая допущена российским МИД","Сроки не указаны, встреча не подготовлена","Для GS Labs прямых последствий нет. В долгосрочной перспективе изменение геополитической обстановки может повлиять на рынки, но в статье об этом нет.",международная политика; Россия; США; Китай; встреча лидеров,noise,"Новость о дипломатических контактах не связана с деятельностью GS Labs в области цифрового ТВ, OTT и DRM, поэтому не влияет на компанию.",false,"В Кремле допускают проведение трехсторонней встречи с участием президентов России и США, а также главы Китая. Об этом ТАСС заявил замглавы российского МИД Сергей Рябков.

«Идея есть, она вброшена в том числе в публичное пространство, — сказал господин Рябков. — Говорить о том, что она переходит в плоскость подготовки, было бы преувеличением».

По его словам, предварительно следует определить, «как будет сформулирована содержательная сторона». Также замглавы МИДа отметил, что прежде подобный формат не был опробован. При этом дипломат отметил, что контакты на высшем уровне «сами по себе архизначимы и посылают нужные сигналы». «Я не могу ничего исключать, разумеется», — добавил господин Рябков.

Вчера у Владимира Путина состоялись переговоры со спецпредставителями президента США Джаредом Кушнером и Стивеном Уиткоффом. Российский президент проинформировал собеседников об обстановке в зоне боевых действий и подтвердил готовность продолжать взаимодействие с США по этому вопросу. В Кремле ранее указывали, что пока речь о новых инициативах по урегулированию конфликта на Украине не идет.

Подробнее — в материале «Ъ» «Перемирие у водопоя».",Коммерсантъ,proxy/deepseek-v4-flash
Коммерсантъ,Иранский Корпус стражей исламской революции заявил о перехвате американского морского беспилотника в Ормузском проливе,КСИР заявил о перехвате морского беспилотника США в Ормузском проливе,https://www.kommersant.ru/doc/8937453,—,Политика,Низкий,"КСИР заявил, что иранские ВМС атаковали американский морской беспилотник, пытавшийся войти в охраняемую зону Ормузского пролива. В заявлении подчеркивается контроль Ирана над проливом и готовность пресекать действия противника. Контекст — ранее Иран атаковал танкеры и наносил ракетные удары по кораблям США, а Вашингтон пригрозил уничтожить иранский танкерный флот.","Sun, 06 Sep 2026 11:25:43 +0300","КСИР, ВМС Ирана, США",Заявление КСИР о перехвате и атаке на американский морской беспилотник в Ормузском проливе,"Опубликовано 6 сентября 2026 года, точная дата инцидента не указана","Для отрасли IT и телекома прямых последствий нет. Возможен рост геополитической напряженности в регионе, который косвенно может влиять на глобальные цепочки поставок, но не на продукты и регулирование GS Labs.",геополитика; Ормузский пролив; Иран; США; КСИР,noise,"Новость не связана с разработкой ПО, цифровым ТВ, телеком-регулированием или реестром российского ПО. Для GS Labs это информационный шум.",false,"Иранские ВМС атаковали американский морской беспилотник, «пытавшийся войти в охраняемую зону Ормузского пролива». Об этом заявили в Корпусе стражей исламской революции.

«Ормузский пролив — стратегически важный водный путь, он находится под контролем Корпуса стражей исламской революции, и любое действие врага будет решительно пресечено, — подчеркнули в КСИР. — Агрессор, Америка, должен осознать, что у него нет иного выхода, кроме как покинуть регион».

Накануне в Иране заявили об атаке на три танкера, пытавшиеся войти в пролив. Также КСИР утверждал, что нанес ракетные удары по авианосцу и эсминцу США. В Вашингтоне пригрозили Тегерану уничтожить весь иранский флот танкеров.",Коммерсантъ,proxy/deepseek-v4-flash
Коммерсантъ,Частицу мощей Дмитрия Донского доставили в Главный храм ВС РФ в парке «Патриот»,Частицу мощей Дмитрия Донского доставили в храм ВС РФ в парке «Патриот»,https://www.kommersant.ru/doc/8937449,—,Общество,Низкий,"В Главный храм Вооруженных сил России в парке «Патриот» доставлена частица мощей князя Дмитрия Донского. Ковчег изготовлен по благословению патриарха Кирилла для доставки мощей в воинские части, в том числе в зону СВО. В храме проходит молебен; до 20 сентября мощи будут выставлены в храме Христа Спасителя.","Sun, 06 Sep 2026 11:15:11 +0300","РПЦ, патриарх Кирилл, Главный храм ВС РФ, парк «Патриот», ТАСС",Доставка частицы мощей Дмитрия Донского в Главный храм Вооруженных сил России.,6 сентября 2026 года; мощи будут доступны до 20 сентября,"Для отрасли IT и GS Labs последствий нет. Событие носит религиозно-общественный характер и не связано с регулированием телекома, ПО или защитой контента.",РПЦ; мощи; Дмитрий Донской; храм ВС РФ; общество,noise,"Новость не касается GS Labs: речь о религиозной церемонии и церковных мероприятиях, не связанных с ИТ, телекомом или реестром российского ПО.",false,"В Главный храм Вооруженных сил России в подмосковном парке «Патриот» доставили частицу мощей князя Дмитрия Донского. Об этом сообщает ТАСС. В публикации указывается, что ковчег изготовили по благословению патриарха Кирилла для доставки мощей в воинские части, в том числе в зону СВО.

Сейчас в храме ВС РФ проходит молебен. Также молебен идет в московском храме Христа Спасителя, его возглавил глава РПЦ. Ранее сегодня он встретил здесь мощи Дмитрия Донского. После молебна их пронесут крестным ходом до Новодевичьего монастыря. До 20 сентября мощи выставят в ХХС.",Коммерсантъ,proxy/deepseek-v4-flash
Коммерсантъ,МВД Германии анонсировало усиление защиты от беспилотников и создание киберзащитной сети Cyberdome,Глава МВД Германии рассказал о планах борьбы с «российскими беспилотниками» // Bild: в Германии готовят план борьбы с беспилотниками,https://www.kommersant.ru/doc/8937444,—,Регулирование,Низкий,"Глава МВД Германии Александр Добриндт сообщил Bild о планах усилить защиту от беспилотных атак после инцидента с дроном в аэропорту Лейпцига. Меры включают расширение мобильных подразделений полиции по борьбе с БПЛА в девяти городах, закрепление за компаниями критической инфраструктуры права на активную защиту от дронов, применение ИИ для поиска диверсантов и создание сети киберзащиты Cyberdome.","Sun, 06 Sep 2026 11:09:23 +0300","МВД Германии, Александр Добриндт, полиция ФРГ, операторы критической инфраструктуры","Германия анонсировала комплекс мер по противодействию беспилотным атакам и киберугрозам, включая расширение подразделений полиции, меры для критической инфраструктуры и запуск Cyberdome.","Анонс 6 сентября 2026 года, сроки реализации не указаны",Возможно ужесточение требований к защите критической инфраструктуры в Германии и активизация мер противодействия БПЛА и кибератакам. Для GS Labs и российского телеком-рынка прямых последствий не прослеживается.,Германия; БПЛА; кибербезопасность; критическая инфраструктура; Cyberdome; МВД ФРГ,noise,"Новость не связана с бизнесом GS Labs: она о военно-политических и киберзащитных мерах Германии и не затрагивает разработку ПО для ТВ/OTT, CAS/DRM, реестр российского ПО или российское телеком-регулирование.",false,"Германия планирует усилить меры защиты от беспилотных атак из-за инцидента с дроном в аэропорту Лейпцига. Об этом изданию Bild сообщил глава МВД ФРГ Александр Добриндт.

По словам министра, необходимо принимать дополнительные меры в условиях «гибридных атак России», которые будут «только усиливаться». В частности, немецкие власти планируют расширить мобильные подразделения полиции по защите от дронов. Такие подразделения разместят в стратегически важных городах — Франкфурте-на-Майне, Мюнхене, Гамбурге, Берлине, Штутгарте, Дюссельдорфе, Лейпциге, Ганновере и Кёльне. Они будут обеспечивать «всестороннюю защиту от дронов». Это включает в себя уничтожение и обезвреживание беспилотных и взрывных устройств, указывается в публикации.

В будущем защита от БПЛА станет обязанностью не только полиции, но и компаний, работающих в секторах критической инфраструктуры, отметил министр. Законодательство должно обеспечивать для них право на активную защиту от дронов. Кроме того, по словам Александра Добриндта, ведомство планирует расширять использование технологий ИИ для поиска диверсантов. Для защиты от кибератак в Германии будет создан «Киберкупол» (Cyberdome) — сеть цифровых датчиков для обнаружения и перехвата хакерских атак.",Коммерсантъ,proxy/deepseek-v4-flash
Коммерсантъ,Глава АКОРТ Богданов заявил об устойчивом росте доли российских фруктов и овощей в крупных торговых сетях,В АКОРТе сообщили о росте доли отечественных фруктов и овощей в ретейле,https://www.kommersant.ru/doc/8937442,—,Экономика,Низкий,"Глава Ассоциации компаний омниканальной розничной торговли (АКОРТ) Станислав Богданов сообщил, что доля отечественных фруктов и овощей в крупных торговых сетях устойчиво растет. Ключевую роль играют агроагрегаторы и агроконтракты, объединяющие закупки мелких фермерских хозяйств. Ритейлеры, включая X5 и «Магнит», инвестируют в логистическую инфраструктуру для поставок и хранения продукции.","Sun, 06 Sep 2026 10:52:58 +0300","АКОРТ (Станислав Богданов), X5, «Магнит»",АКОРТ сообщил о росте доли отечественной плодоовощной продукции в ретейле благодаря агроагрегаторам и агроконтрактам,Не указано; упоминается высокий сезон — август и начало сентября,"Для GS Labs прямых последствий нет. Новость отражает процессы в продовольственном ретейле и агросекторе, не связанные с ИТ, телекомом или регулированием ПО.",АКОРТ; ретейл; фрукты и овощи; сельское хозяйство; импортозамещение,noise,"Новость о продовольственном ретейле и агроинфраструктуре, не имеет отношения к разработке ПО, цифровому ТВ, CAS/DRM или ИТ-регулированию. Для GS Labs это шум.",false,"Доля российских фруктов и овощей в магазинах крупных отечественных торговых сетей устойчиво растет. Об этом ТАСС заявил глава Ассоциации компаний омниканальной розничной торговли (АКОРТ) Станислав Богданов.

По словам господина Богданова, ключевую роль в этом процессе играют агроагрегаторы и агроконтракты, которые позволяют объединять закупки мелких фермерских хозяйств и обеспечивать финансирование будущих урожаев.

В период высокого сезона, приходящийся на август и начало сентября, основной объем плодоовощной продукции на полках составляют российские товары. Ритейлеры активно инвестируют в логистическую инфраструктуру, чтобы обеспечить бесперебойное поступление фермерской продукции в магазины.

Число агроагрегаторов постоянно увеличивается, включая специализированные площадки. Так, компания X5 открыла в Чувашии объект для сбора ягод, через который десятки небольших хозяйств подают клубнику и малину в торговые точки. Параллельно развивается направление длительного хранения. Например, «Магнит» построил в Тамбовской области собственный склад для овощей и фруктов, что позволяет поддерживать высокий уровень отечественной продукции в течение всего года, отметил господин Богданов.",Коммерсантъ,proxy/deepseek-v4-flash
Коммерсантъ,Спецпосланники президента США Уиткофф и Кушнер после переговоров в Москве прибыли в Польшу перед визитом в Киев,По пути в Киев самолет спецпосланников президента США приземлился в Польше,https://www.kommersant.ru/doc/8937439,—,Политика,Низкий,"Спецпосланники президента США Дональда Трампа Стивен Уиткофф и Джаред Кушнер завершили визит в Москву, их самолет приземлился в польском Жешуве. В Москве они провели переговоры с Владимиром Путиным, обсуждая обстановку в зоне боевых действий и урегулирование конфликта. Ожидается, что далее переговорщики посетят Киев и встретятся с президентом Украины Владимиром Зеленским.","Sun, 06 Sep 2026 10:47:26 +0300","Стивен Уиткофф, Джаред Кушнер, Владимир Путин, Владимир Зеленский",Спецпосланники Трампа после переговоров с Путиным приземлились в Польше и направляются в Киев для продолжения переговоров.,5–6 сентября 2026 года (по данным публикации),"Прямых последствий для отрасли разработки ПО и GS Labs не прослеживается. Возможно изменение геополитической обстановки, но в тексте не раскрыто влияние на экономику или телеком.",политика; США; Россия; Украина; переговоры; Кушнер; Уиткофф,noise,"Новость о международных переговорах не касается деятельности GS Labs: нет упоминаний IT, телекома, регулирования, продуктов компании или рынка цифрового ТВ.",false,"Спецпосланники президента США Дональда Трампа Стивен Уиткофф и Джаред Кушнер завершили визит в Москву. Их борт покинул аэропорт Внуково около полуночи и в 2:30 мск сел в польском Жешуве. Ожидается, что далее переговорщики посетят Киев и проведут встречу с президентом Украины Владимиром Зеленским.

Вчера в Москве состоялись их переговоры с Владимиром Путиным. В ходе беседы российский президент проинформировал гостей об обстановке в зоне боевых действий и подтвердил готовность продолжать взаимодействие с США в поиске политико-дипломатических решений украинского конфликта. Также стороны затронули и экономическую повестку.

Подробнее — в материале «Ъ» «Перемирие у водопоя».",Коммерсантъ,proxy/deepseek-v4-flash
Коммерсантъ,Министр энергетики Турции сообщил о запуске первого энергоблока АЭС «Аккую» до конца 2026 года,Минэнерго Турции: первый энергоблок АЭС «Аккую» запустят до конца года,https://www.kommersant.ru/doc/8937436,—,Экономика,Низкий,"Глава Минэнерго Турции Алпарслан Байрактар заявил, что первый энергоблок АЭС «Аккую» будет введен в эксплуатацию до конца 2026 года; в настоящее время начаты испытания. Всего на станции четыре реактора по 1,2 ГВт, после запуска всех блоков они смогут покрыть около 10% потребностей Турции в электроэнергии. Также упоминаются планы по созданию на базе станции центра обработки данных.","Sun, 06 Sep 2026 10:36:55 +0300","Алпарслан Байрактар (глава Минэнерго Турции), АЭС «Аккую»",Заявлен запуск первого энергоблока АЭС «Аккую» до конца 2026 года и начало его испытаний,"Публикация от 6 сентября 2026 года; запуск планируется до конца 2026 года, испытания начаты","Для GS Labs не имеет последствий. Для энергетики Турции — изменение структуры выработки электроэнергии; ввод около 2-2,5% общего потребления за счет атомной энергии после запуска первого блока. Планы создания ЦОД на АЭС могут косвенно затронуть IT-инфраструктуру региона, но не напрямую.",АЭС Аккую; Турция; энергетика; атомная энергия; центр обработки данных,noise,"Новость об атомной энергетике Турции не связана с продуктами GS Labs (цифровое ТВ, OTT, CAS/DRM) и не влияет на компанию.",false,"Первый блок турецкой атомной электростанции (АЭС) «Аккую» начнет работу до конца 2026 года. Об этом сообщил глава Минэнерго Турции Алпарслан Байрактар.

«На первом энергоблоке станции, состоящей из четырех реакторов, каждый из которых имеет установленную мощность 1,2 тыс. МВт, начался этап испытаний», — рассказал министр (цитата по Т24 ). Работы продолжаются и на других реакторах, отметил он.

По словам Алпарслана Байрактара, после ввода первого блока в эксплуатацию около 2–2,5% потребности страны в электроэнергии будет покрываться за счет атомной энергии. А после ввода всех четырех блоков этот показатель достигнет 10%.

Глава Минэнерго также отметил планы создать на «Аккую» вместе с третьим и четвертым энергоблоками центр обработки данных.",Коммерсантъ,proxy/deepseek-v4-flash
Коммерсантъ,"При атаке БПЛА на Рязанскую область пострадал один человек, повреждены дома и предприятие",Один человек пострадал при атаке БПЛА на Рязанскую область // Губернатор Малков: при атаке БПЛА на Рязанскую область пострадал один человек,https://www.kommersant.ru/doc/8937437,—,Общество,Низкий,"Губернатор Рязанской области сообщил, что при атаке БПЛА пострадал один человек. Средства ПВО сбили более 50 дронов, повреждены жилые дома и предприятие, на месте работают оперативные службы.","Sun, 06 Sep 2026 10:34:31 +0300","Губернатор Рязанской области Павел Малков, жители Рязани и Сапожковского округа, оперативные службы","Массированная атака БПЛА на Рязанскую область: один пострадавший, повреждения домов и предприятия, пожар.","6 сентября 2026 года (дата публикации, сама атака, вероятно, в ночь на 6 сентября, но точное время не указано)","Для GS Labs событие не имеет прямых последствий. Возможно, в регионе усилятся меры безопасности, но это не влияет на телеком-регулирование или IT-рынок.",БПЛА; Рязанская область; ПВО; чрезвычайное происшествие,noise,"Новость не связана с деятельностью GS Labs: нет упоминаний IT, телекома, регулирования или защиты контента. Это региональное ЧП, не влияющее на продукты или рынок компании.",false,"Один человек пострадал при атаке БПЛА на Рязанскую область. Средства ПВО сбили более 50 дронов. На месте падения обломков работают оперативные службы, сообщил губернатор Павел Малков.

Ранее сегодня глава региона сообщил, что в результате атаки беспилотников были повреждены жилые дома в Рязани и в Сапожковском округе. На одном из предприятий начался пожар.",Коммерсантъ,proxy/deepseek-v4-flash
Коммерсантъ,Мощи князя Дмитрия Донского доставили в храм Христа Спасителя перед крестным ходом,Мощи Дмитрия Донского доставили в храм Христа Спасителя перед крестным ходом,https://www.kommersant.ru/doc/8937435,—,Общество,Низкий,"В храм Христа Спасителя в Москве доставлены мощи князя Дмитрия Донского. Их встретил патриарх Кирилл, после литургии запланирован крестный ход к Новодевичьему монастырю. С 7 по 20 сентября мощи будут доступны для поклонения. Частицы мощей также планируется отправить в зону СВО.","Sun, 06 Sep 2026 10:29:09 +0300","Патриарх Московский и всея Руси Кирилл, РПЦ, мощи Дмитрия Донского, храм Христа Спасителя, Новодевичий монастырь",Доставка мощей Дмитрия Донского в храм Христа Спасителя и проведение крестного хода по Москве.,6 сентября 2026 года — доставка и крестный ход; поклонение с 7 по 20 сентября,"Новость не связана с отраслью ИТ, телекомом или регулированием. Для GS Labs и ее продуктов последствий нет.",религия; РПЦ; мощи; Дмитрий Донской; крестный ход; Москва,noise,"Для GS Labs это шум: сообщение о церковном событии не затрагивает разработку ПО, телеком, реестр российского ПО или регуляторику, в которой работает компания.",false,"Мощи князя Дмитрия Донского доставили в храм Христа Спасителя. Их встретил патриарх Московский и всея Руси Кирилл. Он проводит литургию, после которой реликвию пронесут по Москве в рамках крестного хода, передает «РИА Новости».

Крестный ход пройдет по маршруту длиной около 6 км через Пречистенскую и Фрунзенскую набережные, по Хамовническому валу до Новодевичьего монастыря. Помимо ковчега с мощами участники пронесут икону Всех святых Московских.

Дмитрий Донской был князем Московским в 1359–1389 годах. За время его правления Московское княжество стало одним из главных центров объединения русских земель. Умер 19 мая 1389 года. Был погребен в Архангельском соборе Кремля в Москве. Мощи князя Дмитрия Донского извлекли во время реставрационных работ в Архангельском соборе в июле. Частицы мощей святого планируют отправить в зону СВО. С 7 по 20 сентября мощи Дмитрия Донского выставят для поклонения в ХХС.",Коммерсантъ,proxy/deepseek-v4-flash
Коммерсантъ,После атаки БПЛА в Ростове-на-Дону введён локальный режим ЧС,Локальный режим ЧС ввели в Ростове-на-Дону после атаки БПЛА,https://www.kommersant.ru/doc/8937430,—,Общество,Низкий,"В Ростове-на-Дону после атаки беспилотников введён локальный режим чрезвычайной ситуации. Повреждены здания и автомобили в Кировском, Ленинском и Советском районах, пострадали четыре человека. Создан оперативный штаб и спецкомиссии.","Sun, 06 Sep 2026 10:20:12 +0300","Администрация Ростова-на-Дону, глава города Александр Скрябин",Введение локального режима ЧС после атаки БПЛА,6 сентября 2026 года,"Ограничения локального характера, ликвидация последствий в Ростове-на-Дону. Отрасль ИТ и телеком не затрагивается.",БПЛА; ЧС; Ростов-на-Дону; региональное происшествие,noise,"Новость не связана с деятельностью GS Labs: не упоминаются ИТ, телеком, цифровое ТВ или реестр российского ПО.",false,"После атаки беспилотников в Ростовской области в столице региона ввели локальный режим чрезвычайной ситуации. Специальный режим действует в границах улиц, где были повреждены здания и автомобили. Об этом сообщает «Ъ- — Ростов-на-Дону».

Как сообщил глава города Александр Скрябин, ущерб зафиксирован в Кировском, Ленинском и Советском районах. Созданы оперативный штаб и спецкомиссии, проводится обход территории.

В результате атаки БПЛА пострадали четыре человека, в том числе двое детей. В Чертковском районе области при падении обломков беспилотника повреждения получил локомотив поезда.",Коммерсантъ,proxy/deepseek-v4-flash
Коммерсантъ,"При атаках ВСУ на Белгородскую область погибли трое, четверо ранены",В Белгородской области число погибших при атаках ВСУ выросло до трех человек,https://www.kommersant.ru/doc/8937428,—,Общество,Низкий,"При ударах ВСУ по Белгородской области число погибших увеличилось до трех человек, еще четверо получили ранения. Врио губернатора региона Александр Шуваев сообщил об этом в Telegram. Средства ПВО за сутки уничтожили 107 беспилотников над областью.","Sun, 06 Sep 2026 10:00:29 +0300","ВСУ, жители Белгородской области, врио губернатора Александр Шуваев",Атаки ВСУ на Белгородскую область привели к жертвам и пострадавшим среди мирного населения,6 сентября 2026 года,"Для GS Labs и отрасли ПО последствий нет; событие относится к военной обстановке и не затрагивает телеком-регулирование, ИТ-рынок или защиту контента.",Белгородская область; атаки ВСУ; погибшие; пострадавшие; ПВО,noise,"Новость о военной ситуации в Белгородской области не связана с деятельностью GS Labs, разработкой ПО или регулированием телекома.",false,"Число погибших при ударах ВСУ по Белгородской области выросло до трех человек. Еще четверо получили ранения. Об этом сообщил врио губернатора региона Александр Шуваев в Telegram.

Среди пострадавших — жители Белгородского, Волоконовского, Грайворонского и Шебекинского округов, уточнил господин Шуваев. Одна женщина находится в тяжелом состоянии. Раненым оказывается необходимая помощь, отметил врио губернатора.

Всего за прошедшие сутки средства ПВО уничтожили над Белгородской областью 107 беспилотников. Кроме того, ВСУ произвели три артиллерийских обстрела и пять раз сбросили взрывные устройства с БПЛА. Ранее врио главы региона сообщал, что при ударе дрона по автомобилю в Грайворонском округе один человек погиб и еще один госпитализирован в тяжелом состоянии.",Коммерсантъ,proxy/deepseek-v4-flash
Коммерсантъ,Губернатор сообщил о повреждении локомотива обломками беспилотника в Ростовской области,В Ростовской области беспилотник повредил локомотив поезда,https://www.kommersant.ru/doc/8937424,—,Общество,Низкий,"В Чертковском районе Ростовской области при падении обломков беспилотника повреждения получил локомотив поезда. Губернатор Юрий Слюсарь сообщил о задержке семи пассажирских поездов примерно на три часа. Средства ПВО уничтожили над областью 30 беспилотников, в Ростове-на-Дону пострадали четыре человека.","Sun, 06 Sep 2026 09:48:37 +0300","Губернатор Юрий Слюсарь, Ростовская область, пассажирские поезда, средства ПВО","Обломки беспилотника повредили локомотив в Ростовской области, вызвав задержку пассажирских поездов",6 сентября 2026 года (по данным публикации),Для отрасли IT и GS Labs последствий нет: происшествие не связано с деятельностью компании.,беспилотник; Ростовская область; повреждение локомотива; задержка поездов,noise,"Событие не связано с деятельностью GS Labs: отсутствует связь с IT, телекомом, цифровым ТВ или регулированием.",false,"В Чертковском районе Ростовской области при падении обломков беспилотника повреждения получил локомотив поезда. Об этом сообщил губернатор региона Юрий Слюсарь в Telegram.

По словам господина Слюсаря, из-за происшествия задерживаются семь пассажирских поездов. Время задержки составляет около трех часов. «Специальные службы работают на месте. Информация о последствиях уточняется», — отметил глава региона.

Всего средства ПВО уничтожили над Ростовской областью 30 беспилотников. В Ростове-на-Дону при атаке ранения получили четыре человека, включая одного ребенка. Его и двух других пострадавших госпитализировали. Еще одному оказали медицинскую помощь на месте.",Коммерсантъ,proxy/deepseek-v4-flash
Коммерсантъ,"При атаке БПЛА в Ростове-на-Дону пострадали четыре человека, повреждены дома",Число пострадавших при атаке БПЛА в Ростове-на-Дону выросло до четырех,https://www.kommersant.ru/doc/8937423,—,Общество,Низкий,"При ударах беспилотников по Ростову-на-Дону ранения получили четыре человека, включая ребёнка. Повреждены многоквартирные и частные дома. Силы ПВО сбили над регионом 30 дронов. Губернатор Юрий Слюсарь сообщил, что двое пострадавших госпитализированы.","Sun, 06 Sep 2026 09:37:16 +0300","Юрий Слюсарь, силы ПВО, жители Ростова-на-Дону",Атака БПЛА на Ростов-на-Дону привела к пострадавшим и повреждению жилых домов.,"6 сентября 2026 года, оперативная информация",Для IT-отрасли и GS Labs значимых последствий нет; событие носит локальный оперативный характер.,БПЛА; Ростов-на-Дону; атака; ПВО; происшествие,noise,"Новость о последствиях атаки БПЛА не связана с деятельностью GS Labs, регулированием телекома или IT-отрасли, поэтому является шумом для мониторинга.",false,"При ударах беспилотников в Ростове-на-Дону получили ранения еще три человека. Об этом рассказал в Telegram губернатор Ростовской области Юрий Слюсарь. Ранее он сообщал, что при попадании дрона в многоквартирный дом пострадал ребенок.

«Трое человек обратились за медицинской помощью, — рассказал губернатор. — Двое доставлены в больницу, одному человеку оказана медицинская помощь на месте». В Кировском районе Ростова-на-Дону повреждения получил многоквартирный дом. Жителей эвакуировали, никто не пострадал.

Всего силы ПВО сбили над регионом 30 беспилотников. Ранее сообщалось о повреждении беспилотниками трех многоквартирных домов в Ростове-на-Дону. В Азовском районе повреждены четыре частных дома, в Батайске и Мясницком районе — дома в СНТ.",Коммерсантъ,proxy/deepseek-v4-flash
Коммерсантъ,Каирский суд приговорил телеведущую и 11 человек к смертной казни по делу о наркотиках,В Египте телеведущую приговорили к смертной казни за распространение наркотиков,https://www.kommersant.ru/doc/8937420,—,Общество,Низкий,"Каирский уголовный суд приговорил телеведущую Сару Халифу и ещё 11 фигурантов к смертной казни по делу об изготовлении и распространении наркотиков. Ещё девять человек получили пожизненное заключение, семеро оправданы. Приговор может быть обжалован в Кассационном суде.","Sun, 06 Sep 2026 09:21:00 +0300","Сара Халифа (телеведущая), Каирский уголовный суд, 12 осуждённых к смертной казни, 9 приговорённых к пожизненному заключению",Египетский суд вынес смертные приговоры по делу о наркотрафике с участием телеведущей,"Приговор вынесен к 06.09.2026, точная дата заседания не указана; арест фигурантки — апрель 2025 года","Для IT-отрасли и GS Labs последствий нет. Событие относится к зарубежной уголовной практике и не связано с регулированием ПО, телекома или защитой контента.",Египет; суд; смертная казнь; наркотики; телеведущая; Сара Халифа,noise,"Новость не связана с бизнесом GS Labs: не касается разработки ПО, цифрового ТВ, реестра российского ПО, телеком-регулирования или информационной безопасности.",false,"Каирский уголовный суд приговорил телеведущую Сару Халифу и еще 11 человек к смертной казни по делу об изготовлении и распространении наркотиков. Об этом сообщает издание «Аль-Ахрам».

Всего фигурантами дела стали 28 человек. Семерых подсудимых оправдали. Девять человек суд приговорил к пожизненному заключению. Решение можно обжаловать в Кассационном суде.

По версии следствия, подсудимые ввозили в страну компоненты для создания наркотиков и производили их для дальнейшего сбыта. Полиция обнаружила более 750 кг наркотических средств и их компонентов в жилом доме, который подсудимые использовали как лабораторию. Там также нашли оружие и боеприпасы.

Кроме того, журналистку и других подсудимых суд приговорил к пяти годам тюрьмы по отдельному делу о нападении и похищении молодого человека.

39-летнюю телеведущую Сару Халифу арестовали в апреле 2025 года. До этого она вела программу «Миссия невыполнима», посвященную преступности. Законодательство Египта предусматривает смертную казнь за умышленное убийство, терроризм, некоторые виды сексуальных преступлений, а также незаконный оборот наркотиков. В 2025 году суды страны вынесли 541 смертный приговор.",Коммерсантъ,proxy/deepseek-v4-flash
Коммерсантъ,Минобороны РФ отчиталось о перехвате 258 БПЛА над 15 регионами и акваториями морей,Минобороны отчиталось об уничтожении за ночь 258 БПЛА,https://www.kommersant.ru/doc/8937411,—,Политика,Низкий,"Средства ПВО России за ночь с 20:00 до 8:00 мск перехватили 258 беспилотников ВСУ над 15 регионами, а также акваториями Азовского и Черного морей. Дроны сбиты над Белгородской, Брянской, Волгоградской, Воронежской, Калужской, Курской, Липецкой, Орловской, Ростовской, Рязанской, Саратовской, Тамбовской и Тульской областями, Краснодарским краем и Крымом.","Sun, 06 Sep 2026 08:40:08 +0300","Минобороны РФ, ВСУ, средства ПВО России",Минобороны РФ заявило о перехвате 258 БПЛА за ночь,Ночь с 20:00 до 8:00 мск; дата публикации 6 сентября 2026 года,Не оказывает влияния на деятельность GS Labs или телеком-отрасль.,Минобороны; БПЛА; ПВО; регионы,noise,"Новость не связана с деятельностью GS Labs, так как не касается цифрового ТВ, OTT, защиты контента, реестра ПО или телеком-регулирования.",false,"Средства ПВО России с 20:00 до 8:00 мск перехватили 258 беспилотников ВСУ над 15 регионами, а также акваториями Азовского и Черного морей. Об этом сообщила пресс-служба российского Минобороны.

Дроны сбили над территориями Белгородской, Брянской, Волгоградской, Воронежской, Калужской, Курской, Липецкой, Орловской, Ростовской, Рязанской, Саратовской, Тамбовской и Тульской областей, а также Краснодарским краем и Крымом.",Коммерсантъ,proxy/deepseek-v4-flash
Коммерсантъ,В Рязанской области из-за падения обломков БПЛА начался пожар на предприятии,При атаке БПЛА на предприятие в Рязанской области начался пожар,https://www.kommersant.ru/doc/8937410,—,Общество,Низкий,"Губернатор Рязанской области Павел Малков сообщил, что при падении обломков беспилотника ВСУ на одном из предприятий региона произошёл пожар. Название предприятия не раскрывается. Обломки также повредили жилые дома в Рязани и Сапожковском районе. По предварительным данным, пострадавших нет.","Sun, 06 Sep 2026 08:35:48 +0300","Губернатор Рязанской области Павел Малков, предприятие в Рязанской области, жители Рязани и Сапожковского района",Падение обломков беспилотника вызвало пожар на предприятии и повреждение жилых домов в Рязанской области,"6 сентября 2026 года, по данным публикации","Возможные последствия локальные: работа оперативных служб на месте, ущерб предприятию и жилым домам. Для отрасли IT и GS Labs прямых последствий не описано.",БПЛА; Рязанская область; пожар; предприятие; Павел Малков,noise,"Событие не связано с разработкой ПО, телевидением, телекомом или регулированием IT; предприятие не названо, поэтому влияние на GS Labs отсутствует.",false,"При падении обломков беспилотника ВСУ на одном из предприятий Рязанской области произошел пожар. Об этом сообщил губернатор региона Павел Малков в Telegram. Название предприятия не уточняется.

Кроме того, обломки дронов повредили жилые дома в Рязани и Сапожковском районе области. «Предварительно, пострадавших нет. На месте работают оперативные службы», — рассказал губернатор.",Коммерсантъ,proxy/deepseek-v4-flash
Коммерсантъ,"При атаке БПЛА в Ростове-на-Дону пострадал ребенок, повреждены жилые дома",Ребенок пострадал при налете БПЛА в Ростове-на-Дону,https://www.kommersant.ru/doc/8937408,—,Общество,Низкий,"В Ростове-на-Дону в результате атаки БПЛА повреждены два многоквартирных дома в Советском районе и один в Ленинском районе, также повреждены частные дома в Азовском районе и СНТ. Пострадал ребенок, госпитализирован. Силы ПВО сбили 30 беспилотников над регионом.","Sun, 06 Sep 2026 08:16:16 +0300","Губернатор Юрий Слюсарь, пострадавший ребенок, жители Ростова-на-Дону и области",Атака БПЛА на Ростовскую область повлекла повреждения жилых домов и ранение ребенка,6 сентября 2026 года,"Для GS Labs не влияет тематически; возможны косвенные последствия в виде временных сбоев в регионе, но статья не содержит значимой информации для ИТ/телекома.",БПЛА; Ростов-на-Дону; ПВО; ЧС,noise,"Новость не связана с деятельностью GS Labs (цифровое ТВ, защита контента, ИТ-регулирование) и не содержит упоминаний о технологиях, телекоме или реестре ПО, поэтому является информационным шумом.",false,"В Советском районе Ростова-на-Дону из-за атаки БПЛА повреждены два многоквартирных дома, сообщил губернатор Юрий Слюсарь. Пострадал ребенок. Он госпитализирован.

Всего силы ПВО сбили над регионом 30 беспилотников. Еще один жилой дом поврежден в Ленинском районе Ростова. В Азовском районе повреждены четыре частных дома, в Батайске и Мясницком районе – дома в СНТ.",Коммерсантъ,proxy/deepseek-v4-flash
Коммерсантъ,"В Белгородской области при атаке БПЛА на автомобиль погиб мужчина, женщина тяжело ранена",Один человек погиб и один ранен при атаке БПЛА в Белгородской области,https://www.kommersant.ru/doc/8937405,—,Общество,Низкий,"В селе Головчино Белгородской области беспилотник атаковал автомобиль. Один человек погиб на месте, женщина с тяжелыми ранениями госпитализирована в Борисовскую ЦРБ.","Sun, 06 Sep 2026 07:21:51 +0300","Оперативный штаб Белгородской области, погибший мужчина, пострадавшая женщина","БПЛА ударил по автомобилю в Белгородской области, есть погибший и раненый",6 сентября 2026 года,Для GS Labs последствий нет. Событие относится к сфере безопасности и не затрагивает телеком-регулирование или IT-отрасль.,БПЛА; Белгородская область; происшествие,noise,"Новость не связана с деятельностью GS Labs, так как не касается цифрового ТВ, реестра российского ПО, телекома или информационной безопасности.",false,"В селе Головчино Грайворонского округа Белгородской области дрон ударил по автомобилю. Один человек погиб, еще один госпитализирован в тяжелом состоянии.

«Мужчина от полученных травм скончался на месте. Женщина получила проникающее ранение живота, открытые переломы рук и множественные осколочные ранения. В тяжелом состоянии она находится в Борисовской ЦРБ»,— сообщил оперативный штаб Белгородской области.",Коммерсантъ,proxy/deepseek-v4-flash
Коммерсантъ,В Москве завершились переговоры Путина с Уиткоффом и Кушнером по Украине,Главные новости к утру 6 сентября,https://www.kommersant.ru/doc/8937404,—,Политика,Низкий,"Утренняя сводка мировых новостей: в Москве завершились переговоры Владимира Путина со Стивом Уиткоффом и Джаредом Кушнером. Белый дом сообщил, что Россия и США обсудят дальнейшие шаги по Украине, детали объявят в ближайшие недели. Также премьер Японии призвала демонтировать мемориал победы СССР над Японией, а США и Иран обменялись ударами в районе Ормузского пролива.","Sun, 06 Sep 2026 07:00:29 +0300","Владимир Путин, Стив Уиткофф, Джаред Кушнер, Белый дом, Санаэ Такаити, США, Иран, Россия, Япония","Опубликована сводка международных событий: переговоры по Украине, требование Японии к России и столкновение США и Ирана в Ормузском проливе",6 сентября 2026 года; дальнейшие заявления о переговорах по Украине — в ближайшие недели,"Для GS Labs и ИТ-отрасли прямых последствий не прослеживается; события находятся вне телекома, регулирования ПО и смежных вопросов.",Россия; США; Украина; Япония; Иран; дипломатия; Ормузский пролив,noise,"Материал не связан с деятельностью GS Labs: в нём отсутствуют темы ИТ, цифрового ТВ, защиты контента, реестра ПО или регулирования телекома.",false,"В Москве завершились переговоры Владимира Путина со Стивом Уиткоффом и Джаредом Кушнером.

Помощник президента Юрий Ушаков сообщил, что встреча была откровенной и доверительной.

Белый дом заявил, что Россия и США обсудили следующие шаги в переговорах по Украине. О них будет объявлено в ближайшие недели.

Премьер Японии Санаэ Такаити призвала власти России демонтировать мемориал победы СССР над Японией.

США и Иран обменялись ударами по судам и кораблям в районе Ормузского пролива.",Коммерсантъ,proxy/deepseek-v4-flash
Коммерсантъ,Делегация США в Москве включала чиновников Госдепа и Минфина для переговоров по Украине,Axios: делегация США в Москве включала чиновников Госдепа и Минфина,https://www.kommersant.ru/doc/8937401,—,Политика,Низкий,"Журналист Axios Барак Равид сообщил, что в составе американской делегации в Москву, помимо спецпосланника Уиткоффа и Джерада Кушнера, прилетали представители Совета нацбезопасности, Госдепа и Минфина США. Встречи с Владимиром Путиным состоялись 5 сентября, переговоры были конструктивными и откровенными. Высокопоставленный сотрудник Минфина Джин Ланг, отвечающий за санкции, контактировал со спецпредставителем президента РФ Кириллом Дмитриевым, но в переговорах с Путиным не участвовал.","Sun, 06 Sep 2026 06:51:04 +0300","США, Россия, Стив Уиткофф, Джаред Кушнер, Джин Ланг, Владимир Путин, Кирилл Дмитриев, Барак Равид (Axios)",Американская делегация включала чиновников Госдепа и Минфина и провела переговоры с российским руководством,"5-6 сентября 2026 года (в тексте дата — 5-6 сентября, год публикации 2026)","Новость носит политический характер и не содержит информации, непосредственно влияющей на отрасль цифрового ТВ, программное обеспечение или регулирование телекома. Возможные последствия для GS Labs могут быть только косвенными и не прогнозируются в тексте.",политика; США; Россия; переговоры; санкции,noise,"Новость не касается GS Labs, так как не связана с IT-отраслью, телекомом, регулированием ПО или другими темами мониторинга компании.",false,"Вместе со Стивом Уиткоффом и Джаредом Кушнером на переговоры в Москву прилетали представители Совета нацбезопасности США, Госдепа и Минфина страны, сообщил журналист Axios Барак Равид со ссылкой на источники.

«Уиткофф и Кушнер встретились с президентом Путиным для продвижения курса президента Трампа на достижение мира в российско-украинском конфликте… Стороны обсудили конкретные планы дальнейших действий, о которых будет объявлено в ближайшие недели, и рассчитывают на столь же продуктивные встречи завтра в Украине»,— написал Барак Равид в соцсети X.

Как уточнил журналист Axios, Москву посетил в том числе высокопоставленный сотрудник Минфина США Джин Ланг, отвечающий за санкции. Он не участвовал в переговорах с Владимиром Путиным, но контактировал с его спецпредставителем Кириллом Дмитриевым.

5 сентября в Кремле прошла встреча президента Владимира Путина с американскими переговорщиками Стивом Уиткоффом и Джаредом Кушнером. По словам Юрия Ушакова, стороны продолжили диалог по урегулированию конфликта на Украине. Переговоры, по его словам, были конструктивными и откровенными. 6 сентября Стив Уиткофф и Джаред Кушнер должны встретиться с президентом Украины Владимиром Зеленским.",Коммерсантъ,proxy/deepseek-v4-flash
Коммерсантъ,Аэропорт Джакарты Сукарно-Хатта приостановил работу из-за пепла от извержения вулкана Анак-Кракатау,Аэропорт Джакарты остановил работу из-за извержения вулкана,https://www.kommersant.ru/doc/8937400,—,Общество,Низкий,"Крупнейший аэропорт Индонезии Сукарно-Хатта в Джакарте приостановил работу 6 сентября 2026 года из-за распространения вулканического пепла после извержения Анак-Кракатау. Отменены 16 международных рейсов, всего ограничения затронули 33 рейса. Ограничения неоднократно продлевались.","Sun, 06 Sep 2026 05:51:34 +0300","Индонезия, аэропорт Сукарно-Хатта, вулкан Анак-Кракатау",Аэропорт приостановил прием и отправку рейсов из-за вулканического пепла,"6 сентября 2026 года, с 1:30 по местному времени","Отменены и задержаны международные и внутренние рейсы, возможны дальнейшие сбои в авиасообщении региона. Для GS Labs последствий не ожидается.",Индонезия; вулкан; аэропорт; авиация,noise,"Новость о природном явлении и работе аэропорта в Индонезии не связана с деятельностью GS Labs по разработке ПО для ТВ/OTT, защите контента или регулированию телекома.",false,"Крупнейший аэропорт Индонезии Сукарно-Хатта в Джакарте приостановил работу из-за распространения впепла после извержения вулкана Анак-Кракатау. Отменены 16 международных рейсов.

Как передает CNBC Indonesia, аэропорт Джакарты не работает с 1:30 по местному времени 6 сентября (21:30 мск 5 сентября). Изначально ограничения вводили на четыре часа. Позднее их продлили еще на пять часов. Решение о закрытии аэропорта принимается на основе данных о количестве вулканического пепла в воздухе.

Всего ограничения затронули 33 рейса. Среди международных направлений — Сингапур, Гонконг, Сидней, Сеул, Доха, Амстердам и Куала-Лумпур.

5 сентября в Индонезии произошло несколько извержений вулкана Анак-Кракатау. Зафиксировано около десяти выбросов пепла и лавы.",Коммерсантъ,proxy/deepseek-v4-flash
Коммерсантъ,Минтранс России согласовывает с Китаем проект соглашения о пересечении границы на личных автомобилях,Минтранс: Россия и Китай могут разрешить пересекать границу на личных авто,https://www.kommersant.ru/doc/8937399,—,Политика,Низкий,"Министерство транспорта России согласовывает с Китаем проект двустороннего соглашения, которое позволит физическим лицам пересекать границу на личных легковых автомобилях через ключевые пункты пропуска. Об этом сообщил глава ведомства Андрей Никитин.","Sun, 06 Sep 2026 05:12:15 +0300","Министерство транспорта РФ, Китай, глава Минтранса Андрей Никитин",Согласование проекта российско-китайского соглашения о возможности пересечения границы на личных автомобилях,Не указано; процесс согласования идёт в настоящий момент,"Для GS Labs последствий не ожидается; для граждан возможное упрощение трансграничных поездок на авто, но отрасль ИТ и телекома это напрямую не затрагивает.",международное соглашение; транспорт; Россия; Китай; граница; Минтранс,noise,"Новость касается транспортной политики и не связана с разработкой ПО, телекомом, защитой контента или реестром российского ПО, поэтому для GS Labs это фоновый шум.",false,"Министерство транспорта России согласовывает с Китаем проект двустороннего соглашения о возможности пересечения границы физлицами на личных автомобилях, сообщил глава ведомства Андрей Никитин.

«Минтранс согласовывает проект двустороннего соглашения о пересечении границы физическими лицами на личных легковых автомобилях до 8 мест через ключевые пункты пропуска»,— сказал господин Никитин ТАСС. Он уточнил, что речь идет о КПП «Забайкальск», «Староцурухайтуйский», «Пограничный», «Краскино», «Кани-Курган».",Коммерсантъ,proxy/deepseek-v4-flash
Коммерсантъ,США и Россия провели переговоры о следующих шагах по урегулированию конфликта на Украине,Белый дом: США и Россия обсудили следующие шаги в переговорах по Украине,https://www.kommersant.ru/doc/8937398,—,Политика,Низкий,"Представители России и США обсудили дальнейшие шаги по урегулированию конфликта на Украине, сообщила пресс-служба администрации президента США. Детали будут объявлены в ближайшие недели. Американские спецпосланники после Москвы направятся в Киев для переговоров с Владимиром Зеленским.","Sun, 06 Sep 2026 04:58:48 +0300","Пресс-служба администрации президента США, представители России, американские спецпосланники, Юрий Ушаков, Владимир Путин, Владимир Зеленский",Проведение консультаций Россия–США о следующих шагах украинского урегулирования,"Сентябрь 2026, детали объявят в ближайшие недели","Для GS Labs прямых последствий в тексте нет; возможные геополитические изменения не связаны с IT-регулированием, телекомом или реестром ПО.",международные переговоры; Россия; США; Украина,noise,"Новость касается межгосударственной дипломатии, а не ИТ, цифрового ТВ, защиты контента или регуляторики, поэтому для GS Labs это фоновый политический шум.",false,"Представители России и США обсудили следующие шаги в переговорах по урегулированию конфликта на Украине, сообщила пресс-служба администрации президента Соединенных Штатов. Там добавили, что о них будет объявлено в ближайшие недели.

Комментарий пресс-службы приводит Reuters. Ранее переговоры по урегулированию конфликта прокомментировал представитель президента России Юрий Ушаков. По его словам, встреча Владимира Путина с американскими спецпосланниками была конструктивной и откровенной.

После визита в Москву спецпосланники президента США отправятся в Киев, где проведут переговоры по теме урегулирования конфликта с президентом Украины Владимиром Зеленским.",Коммерсантъ,proxy/deepseek-v4-flash
Коммерсантъ,"Российский теннисист Карен Хачанов вышел в четвёртый круг US Open, обыграв Бенжамена Бонзи",Российский теннисист Хачанов вышел в четвертый круг US Open,https://www.kommersant.ru/doc/8937397,—,Общество,Низкий,"Карен Хачанов победил Бенжамена Бонзи в третьем круге US Open со счётом 6:3, 6:2, 6:4 и вышел в следующий раунд. Матч длился 2 часа 10 минут. В четвёртом круге он встретится с победителем пары Меншик–Тьен.","Sun, 06 Sep 2026 04:23:59 +0300","Карен Хачанов, Бенжамен Бонзи, US Open","Карен Хачанов вышел в четвёртый круг US Open, обыграв Бонзи",6 сентября 2026 года (по дате публикации),"Для отрасли спортивных новостей — стандартное освещение теннисного турнира. Для GS Labs последствий нет, так как событие не связано с IT, телекомом или регулированием.",спорт; теннис; US Open; Хачанов,noise,"Новость о спортивном достижении не касается GS Labs: нет связи с разработкой ПО, цифровым ТВ, телекомом или регулированием отрасли.",false,"Российский теннисист Карен Хачанов обыграл француза Бенжамена Бонзи в третьем круге Открытого чемпионата США (US Open), который проходит в Нью-Йорке.

Встреча завершилась со счетом 6:3, 6:2, 6:4 в пользу Хачанова. На корте теннисисты провели 2 часа 10 минут. В следующем круге российский спортсмен сыграет с победителем встречи между чехом Якубом Меншиком и американцем Лернером Тьеном.

30-летний Карен Хачанов занимает 50-ю строчку в мировом рейтинге Ассоциации теннисистов-профессионалов (ATP). Во втором круге US Open он победил четвертую ракетку мира — канадца Феликса Оже-Альяссима.",Коммерсантъ,proxy/deepseek-v4-flash
Ведомости,Иран заявил об ответных ударах по нефтяным танкерам США после атак CENTCOM,Иран заявил об ударах по нефтяным танкера в ответ на атаки США,https://www.vedomosti.ru/politics/news/2026/09/06/1226674-iran-zayavil-ob,Ася Султанова,Политика,Низкий,"Иран заявил об ответных ударах по трем нефтяным танкерам США и связанным с ними судам в Ормузском проливе. Это ответ на действия Центрального командования США, которое 5 сентября нанесло удары по иранским нефтяным танкерам. Подробности инцидента не раскрываются, подтверждений со стороны США нет.","Sun, 06 Sep 2026 13:07:48 +0300","Иран (КСИР), США (CENTCOM), Bloomberg",Иран объявил об ответных ударах по нефтяным танкерам США,Публикация от 6 сентября 2026 года; удары США по иранским танкерам произошли 5 сентября,"Для GS Labs и российской ИТ-отрасли прямых последствий нет. Возможна дальнейшая эскалация конфликта на Ближнем Востоке, что может косвенно повлиять на мировую экономику и энергоносители.",Иран; США; геополитика; нефтяные танкеры; Ближний Восток,noise,"Новость касается военно-политической обстановки на Ближнем Востоке и не связана с разработкой ПО для ТВ/OTT, реестром российского ПО, телекомом или информационной безопасностью. Поэтому для GS Labs это информационный шум.",false,"Иран заявил об ответных ударах по трем нефтяным танкерам США, а также по ряду судов, связанных с Соединенными Штатами. Об этом пишет Bloomberg. По данным издания, танкеры использовали несанкционированный маршрут через Ормузский пролив.

Военно-морские силы Корпуса стражей исламской революции (КСИР) не предоставили дополнительных подробностей об инцидентах.

Силы Центрального командования США (CENTCOM) 5 сентября нанесли удары по трем иранским нефтяным танкерам после того, как Корпус стражей исламской революции (КСИР) запустил баллистические ракеты в направлении двух эсминцев ВМС США, патрулировавших региональные воды. Об этом ведомство сообщило в соцсети X. Один танкер попал под ракетный обстрел США у острова Харк. Отмечается, что американский авианосец и ракетный эсминец успешно уклонились от нескольких неспровоцированных атак Ирана.

Президент США Дональд Трамп 31 августа разместил в соцсети TruthSocial сгенерированный искусственным интеллектом видеоролик, где якобы запечатлено уничтожение американскими военными иранского острова Харк. 11 июня глава Белого дома заявил, что США готовы захватить Харк и все объекты нефтяной инфраструктуры Ирана.",Ведомости,proxy/deepseek-v4-flash
Ведомости,Минобороны РФ отчиталось об уничтожении 400 украинских БПЛА за сутки,Российские средства ПВО за сутки сбили 400 украинских беспилотников,https://www.vedomosti.ru/politics/news/2026/09/06/1226675-rossiiskie-sredstva,Антон Потоков,Политика,Низкий,"Минобороны РФ сообщило, что за сутки средства ПВО сбили 400 украинских беспилотников и четыре управляемые авиабомбы, а также нанесли удары по объектам транспортно-логистической инфраструктуры Украины. За ночь 6 сентября были перехвачены 258 БПЛА над 14 регионами и акваториями двух морей. В Ростове-на-Дону после атаки беспилотников пострадали четыре человека, обломки повредили локомотив, из-за чего задерживаются поезда.","Sun, 06 Sep 2026 13:01:28 +0300","Минобороны РФ, ВСУ, губернатор Ростовской области Юрий Слюсарь, пострадавшие жители",Публикация сводки о работе ПВО и ударах по инфраструктуре Украины,"Сутки до 6 сентября 2026 г., включая ночь 6 сентября","Продолжение военных действий, возможные перебои в работе транспорта в приграничных регионах. Для GS Labs и отрасли телеком/IT прямых последствий не ожидается.",ПВО; беспилотники; Минобороны; Ростов-на-Дону; Украина,noise,"Новость о боевых действиях не связана с разработкой ПО для ТВ, реестром российского ПО, телеком-регулированием или информационной безопасностью в профильном для GS Labs смысле, поэтому является информационным шумом.",false,"Российская система противовоздушной обороны (ПВО) за сутки сбила 400 украинских беспилотников и четыре управляемые авиабомбы, сообщило Минобороны РФ.

Российские военные также нанесли удары по объектам транспортно-логистической инфраструктуры Украины, цехам производства и местам хранения беспилотников и комплектующих к ним.

За ночь 6 сентября силы противовоздушной обороны перехватили и уничтожили 258 украинских БПЛА самолетного типа. Беспилотники сбиты над 14 регионами страны, а также над акваториями Азовского и Черного морей.

В результате атаки беспилотников ВСУ в Ростове-на-Дону пострадало четыре человека. Губернатор региона Юрий Слюсарь также сообщил, что в Чертковском районе обломки БПЛА повредили локомотив поезда: семь пассажирских поездов задерживаются примерно на три часа.",Ведомости,proxy/deepseek-v4-flash
Ведомости,Jaguar Land Rover планирует сократить 4000 рабочих мест из-за падения продаж и пошлин США,Jaguar Land Rover сократит 4000 рабочих мест из-за падения продаж и пошлин,https://www.vedomosti.ru/politics/news/2026/09/06/1226673-jaguar-land-rover-sokratit,Ася Султанова,Экономика,Низкий,"Jaguar Land Rover (JLR) готовится объявить о сокращении 4000 рабочих мест в течение двух лет из-за роста издержек, падения продаж и последствий пошлин США. Компания открывает программу добровольного сокращения. Ранее JLR также пострадала от кибератаки 2025 года.","Sun, 06 Sep 2026 12:48:48 +0300","Jaguar Land Rover (JLR), правительство США, The Sunday Times",Автопроизводитель JLR планирует сократить 4000 рабочих мест в течение двух лет и запускает программу добровольных увольнений.,Официальный анонс ожидается 7 сентября; сокращения распределены на два года.,"Для автомобильной отрасли Великобритании это означает рост безработицы и давление на поставщиков. Для GS Labs прямых последствий нет, так как событие не связано с ИТ-отраслью, телекомом или регулированием ПО.",Jaguar Land Rover; автопром; сокращение рабочих мест; пошлины США; кибератака,noise,"Для GS Labs это информационный шум: событие относится к автомобилестроению и торговой политике, не затрагивая разработку ПО, реестр российского ПО или регулирование телекоммуникаций.",false,"Крупнейший автомобилестроитель Великобритании компания Jaguar Land Rover (JLR) планирует объявить о сокращении 4000 рабочих мест, пишет The Sunday Times. Ожидается, что руководство официально объявит о масштабной программе сокращений 7 сентября. По данным издания, компания борется с резким ростом издержек, падением объемов продаж и последствиями пошлин президента США Дональда Трампа. Увольнения будут распределены на два года.

Введение Трампом 10%-ной пошлины на импорт британских автомобилей нанесло ущерб JLR, для которой Северная Америка является крупнейшим рынком (29% продаж). Компания также пострадала от кибератаки в 2025 г., парализовавшей еt деятельность на несколько месяцев.

В JLR заявили, что для адаптации к меняющимся мировым рыночным условиям компания должна упростить организацию и повысить эффективность. Автопроизводитель нацелен на достижение экономии около 1,7 млрд фунтов стерлингов в течение двух лет и снижение точки безубыточности. Компания уже сообщила сотрудникам, что открывает программу добровольного сокращения, предлагая им возможность покинуть бизнес.

2 апреля 2025 г. Трамп объявил о введении тарифов против 183 стран и территорий, обвинив их в нарушении принципов свободной торговли. С 5 апреля был введен базовый тариф в 10% на все импортируемые товары, с 9 апреля – индивидуальные повышенные ставки.

5 апреля 2025 г. JLR объявил о временной приостановке поставок автомобилей в США сроком на один месяц. 15 августа агентсво Reuters писало, что китайская автомобильная промышленность демонстрирует рекордные темпы роста за рубежом.",Ведомости,proxy/deepseek-v4-flash
Ведомости,Ральф Нимайер назвал массовые вызовы послов РФ в ЕС скоординированной Брюсселем акцией,Нимайер назвал вызов послов России в ЕС скоординированной акцией Брюсселя,https://www.vedomosti.ru/politics/news/2026/09/06/1226672-nimaier-nazval-vizov-poslov,Татьяна Мозолевская,Политика,Низкий,"Массовые вызовы послов России в страны ЕС, произошедшие в начале сентября 2026 года, глава Немецкого совета за конституцию и суверенитет Ральф Нимайер назвал скоординированной Брюсселем акцией для эскалации отношений с Москвой. Поводом послужили инциденты с БПЛА в аэропорту Лейпцига, а также прекращение Германией договора о деятельности «Русского дома» в Берлине.","Sun, 06 Sep 2026 12:44:30 +0300","Ральф Нимайер, Еврокомиссия, МИД Чехии, МИД Франции, МИД Нидерландов, правительство Германии, МИД Польши","Ральф Нимайер заявил, что вызовы послов России в странах ЕС координируются Брюсселем и направлены на эскалацию отношений с Москвой",Сентябрь 2026 года; заявление сделано на полях ВЭФ 6 сентября 2026 года,"Для GS Labs прямых последствий нет. Событие относится к дипломатической сфере и не затрагивает регулирование телекома, IT-реестры или продукты компании.",Россия; ЕС; дипломатия; вызов послов; Брюссель; политика,noise,"Новость касается межгосударственных отношений РФ и ЕС, не связана с продуктами, реестром российского ПО или телеком-регулированием GS Labs. Влияния на деятельность компании не прослеживается.",false,"Массовый вызов послов России в министерства иностранных дел стран ЕС является скоординированной Брюсселем акцией для эскалации отношений с Москвой, заявил «РИА Новости» на полях Восточного экономического форума ( ВЭФ ) глава Немецкого совета за конституцию и суверенитет Ральф Нимайер.

«Думаю, это придумал Брюссель. [Глава Еврокомиссии Урсула] фон дер Ляйен лично хочет эскалации, да и [глава евродипломатии Кая] Каллас тоже», – сказал Нимайер. Он назвал такой шаг руководства ЕС неадекватным.

«Брюсселю, а также Берлину и Варшаве нужно прийти в себя и прекратить эти игры», – добавил Нимайер.

4 сентября министр иностранных дел Польши Радослав Сикорский заявил, что нужно сократить число российских дипломатических представителей в европейских странах, потому что их «слишком много». Он отметил, что Польша намерена продвигать эту инициативу на уровне европейских институтов.

3 сентября МИД Чехии вызвал посла РФ в Праге Анну Пономареву из-за инцидентов с БПЛА в аэропорту Лейпцига. В МИД Франции и Нидерландов также вызвали послов РФ. Оба ведомства намерены выразить Москве протест.

1 сентября правительство Германии объявило о прекращении договора, разрешавшего деятельность «Русского дома» в Берлине. 18 сентября также будет закрыто генконсульство РФ в Бонне. В тот же день ведомство объявило о прекращении приема заявок по всем консульским вопросам. Глава МИД ФРГ Йоханн Вадефуль также заявил, что власти страны ужесточат контроль въезда граждан России, и призвал оказать давление на российский «теневой флот». Такое решение власти Германии приняли на фоне инцидента с беспилотниками в аэропорту Лейпцига.",Ведомости,proxy/deepseek-v4-flash
Ведомости,Извержение вулкана Анак-Кракатау привело к отмене и задержкам более десятка рейсов в аэропорту Бали,Аэропорт на Бали отменил рейсы из-за извержения вулкана Анак-Кракатау,https://www.vedomosti.ru/politics/news/2026/09/06/1226671-aeroport-na-bali-otmenil,Ася Султанова,Общество,Низкий,"Международный аэропорт Нгурах-Рай на Бали отменил или задержал более десятка рейсов из-за усиления вулканической активности на горе Анак-Кракатау. Утром 6 сентября были отменены пять входящих рейсов из Джакарты, а также 12 вылетов с Бали. Извержение также затронуло главный аэропорт Джакарты и привело к приостановке занятий в школах и рыбной ловли. На востоке Явы произошло извержение вулкана Семеру.","Sun, 06 Sep 2026 12:28:04 +0300","аэропорт Нгурах-Рай на Бали, аэропорт Джакарты, вулкан Анак-Кракатау, вулкан Семеру, агентство Antara",Отмена и задержка рейсов в аэропортах Бали и Джакарты из-за извержений вулканов Анак-Кракатау и Семеру,6 сентября 2026 года,"Для GS Labs последствий нет. Новость носит региональный характер и не затрагивает ИТ-отрасль, телеком или регулирование ПО.",вулкан; извержение; авиаперевозки; Бали; отмена рейсов; Индонезия,noise,"Новость не связана с ИТ-отраслью, телекомом или регулированием российского ПО, поэтому для GS Labs является шумом.",false,"Международный аэропорт Нгурах-Рай на Бали отменил более десятка рейсов на остров и с острова из-за усиления вулканической активности на горе Анак-Кракатау, сообщает агентство Antara со ссылкой на руководство аэропорта.

По данным аэропорта, утром 6 сентября было отменено пять входящих рейсов из Джакарты на Бали. Еще 12 запланированных вылетов с Бали в Джакарту и аэропорт Халим Перданакусума отменили или задержали из-за вулканической активности.

Извержение Анак-Кракатау привело к отмене рейсов в главном аэропорту Джакарты. Были приостановлены учебные занятия в школах, а также рыбная ловля. Извержение Анак-Кракатау началось поздно вечером 4 сентября. Вулканический пепел обнаружили в аэропорту рано утром 6 сентября.

На границе округов Лумаджанг и Маланг в провинции Восточная Ява произошло извержение вулкана Семеру. Столб пепла поднялся примерно на 1000 м над вершиной, достигнув высоты 4 676 м над уровнем моря.",Ведомости,proxy/deepseek-v4-flash
Ведомости,ISU лишил российских фигуристов Валиеву и Кондратюка нейтрального статуса,Губерниев назвал тревожной ситуацию с отзывом нейтрального статуса у Валиевой,https://www.vedomosti.ru/lifestyle/news/2026/09/06/1226670-guberniev-nazval-trevozhnoi,Ведомости,Общество,Низкий,Международный союз конькобежцев (ISU) лишил нейтрального статуса российских фигуристов Камилу Валиеву и Марка Кондратюка. Комментатор Дмитрий Губерниев назвал ситуацию тревожной и призвал спортсменов добиваться прав в юридической и дипломатической плоскостях. Апелляции Валиевой и Кондратюка будут рассматриваться до 9 сентября.,"Sun, 06 Sep 2026 12:20:19 +0300","Международный союз конькобежцев (ISU), Камила Валиева, Марк Кондратюк, Дмитрий Губерниев",ISU отозвал нейтральный статус у фигуристов Валиевой и Кондратюка; Губерниев назвал ситуацию тревожной.,Отзыв статуса — 5 сентября 2026 г.; комментарий — 6 сентября 2026 г.; рассмотрение апелляций — до 9 сентября 2026 г.,"Для GS Labs событие не имеет последствий: новость относится к спорту и не затрагивает ИТ-отрасль, телеком, реестр российского ПО или регулирование.",спорт; фигурное катание; ISU; Валиева; нейтральный статус,noise,"Событие относится к фигурному катанию и не связано с ИТ, цифровым ТВ, телекомом, защитой контента или реестром ПО, поэтому для GS Labs это шум.",false,"Ситуация с отзывом нейтрального статуса у российской фигуристки Камилы Валиевой является тревожной, заявил «Матч ТВ» спортивный комментатор Дмитрий Губерниев.

«Да, она допустила ошибку, вынесла много. История была темная. Но как бы там ни было – на свободу с чистой совестью. Считаю, она лично не была ни в чем виновата. Тем не менее спортсмен несет ответственность. Вернулась. И вместо того, чтобы всех победить, у нее отозвали статус. Это тревожная история», – сказал Губерниев.

Он призвал российских спортсменов добиваться своих прав в юридической и дипломатической плоскостях. «Нужно в юридической, дипломатической плоскостях делать максимум, чтобы устанавливать позиции. Подавать апелляции и добиваться, естественно» – заявил комментатор.

5 сентября Международный союз конькобежцев (ISU) лишил нейтрального статуса Валиеву. Статус также был отозван у фигуриста Марка Кондратюка. Как пишет ТАСС, апелляции Валиевой и Кондратюка на лишение нейтрального статуса будут рассматриваться до 9 сентября.

20-летняя Валиева c декабря 2024 г. по январь 2025 г. отбывала дисквалификацию за нарушение антидопинговых правил. После этого она начала тренироваться в группе Татьяны Навки под руководством Светланы Соколовской. Ранее Валиева работала в команде Этери Тутберидзе.",Ведомости,proxy/deepseek-v4-flash
Ведомости,В Индонезии при извержении вулкана Семеру столб пепла поднялся на 1000 м,В Индонезии при извержении вулкана Семеру столб пепла поднялся на 1000 м,https://www.vedomosti.ru/politics/news/2026/09/06/1226669-indonezii-pri-izverzhenii,Ася Султанова,Общество,Низкий,"На острове Ява в Индонезии произошло извержение вулкана Семеру. Столб пепла поднялся примерно на 1000 м над вершиной, извержение длилось 102 секунды. Власти рекомендовали населению избегать определенных зон, закрыт туристический маршрут в национальном парке Бромо-Тенгер-Семеру.","Sun, 06 Sep 2026 12:15:54 +0300","Вулкан Семеру, Индонезийские власти, агентство Antara, национальный парк Бромо-Тенгер-Семеру",Извержение вулкана Семеру в Индонезии с пепловым столбом на 1000 м и ограничениями для населения,6 сентября 2026 года,"Для GS Labs и отрасли ИТ последствий нет. Новость относится к природным катастрофам и туристическим ограничениям в Индонезии, не связана с телекомом, ПО или регулированием.",вулкан; Индонезия; извержение; природные катастрофы,noise,"Событие не связано с деятельностью GS Labs: тематика мониторинга не охватывает природные катастрофы, отсутствует влияние на реестр российского ПО, телеком-регулирование, защиту контента или ИТ-отрасль.",false,"На границе округов Лумаджанг и Маланг в провинции Восточная Ява произошло извержение вулкана Семеру, сообщает агентство Antara. Согласно данным поста наблюдения, столб пепла поднялся примерно на 1000 м над вершиной, достигнув высоты 4 676 м над уровнем моря. Извержение было зафиксировано сейсмографом с максимальной амплитудой 23 мм и длилось 102 секунды.

Уровень вулканической активности остается на отметке III, что соответствует статусу «Тревога». Столб пепла был плотным, белого и серого цвета и двигался в восточном направлении. В связи с текущей ситуацией власти рекомендовали населению избегать активного отдыха в юго-восточном секторе вдоль реки Бесук Кобокан в пределах 13 км от центра извержения.

Как пишет издание, местным жителям лучше держаться на расстоянии 500 м от берега реки в направлении Бесук Кобокан, где горячие облака и лахары (мощные грязекаменные потоки вулканического происхождения) могут распространяться до 17 км от вершины. Любая деятельность в пределах 5 км от кратера или вершины также запрещена из-за риска выброса раскаленных камней. Жителей призвали быть бдительными в отношении горячих облаков и лахаров вдоль рек и долин.

Вулканическая активность совпала с лесным пожаром на горе Семеру, который утром 6 сентября оставался непотушенным, а выгоревшая площадь превысила 3000 га. Из-за возгорания администрация национального парка Бромо-Тенгер-Семеру закрыла туристический маршрут к самой высокой горе Явы.

4 сентября произошло извержение вулкана Анак-Кракатау в Индонезии, это привело к отмене рейсов в главном аэропорту Джакарты 6 сентября.",Ведомости,proxy/deepseek-v4-flash
Ведомости,Актер театра и кино Константин Сироткин умер 2 сентября на 59-м году жизни,На 59-м году жизни умер актер Константин Сироткин,https://www.vedomosti.ru/society/news/2026/09/06/1226668-na-59-m-godu-zhizni,Ася Султанова,Общество,Низкий,"СМИ сообщают о смерти актера театра и кино Константина Сироткина, наступившей 2 сентября 2026 года на 59-м году жизни. Причина смерти не разглашается. Артист участвовал в мюзиклах «Норд-Ост», «Иствикские ведьмы» и «Двенадцать стульев», а также снимался в сериалах.","Sun, 06 Sep 2026 12:01:28 +0300",Константин Сироткин (актер театра и кино),Кончина актера Константина Сироткина,2 сентября 2026 г.; публикация — 6 сентября 2026 г.,"Событие не связано с ИТ-отраслью и не оказывает влияния на GS Labs. Потерь для телекома, реестра ПО или иных профессиональных сфер нет.",Константин Сироткин; некролог; театр; кино; культура,noise,"Новость не относится к сфере ИТ, телекома, регулирования или защите контента, поэтому для GS Labs является шумом.",false,"На 59-м году жизни скончался актер театра и кино Константин Сироткин, пишет «АиФ».

Артист умер 2 сентября, причины смерти не называются.

Сироткин родился 16 июня 1968 г. С 1979 по 1987 г. он учился во Фрунзенском хореографическом училище, которое окончил с дипломом артиста балета. В 1991 г. он завершил обучение в РАТИ на курсе Г.П. Ансимова, получив профессиональную актерскую подготовку.

Профессиональная карьера артиста началась в театре-кабаре «Летучая мышь», где он выступал с 1996 по 2001 г. Затем последовал период работы в мюзиклах. В 2002–2003 гг. он участвовал в ансамблевых сценах постановки «Норд -Ост», в 2003 г. – в мюзикле «Иствикские ведьмы». В 2004 г. исполнил роли Воробьянинова и Горького в мюзикле «Двенадцать стульев».

В 2004 г. стал актером театра «На Басманной». Сироткин снимался в кино с конца 90-х. Самыми популярными проектами с его участием были «Склифосовский-1» и «Морозова-2».",Ведомости,proxy/deepseek-v4-flash
Ведомости,"Рейтинг одобрения политики Дональда Трампа снизился до 33%, показал опрос Focaldata",FT: политику Трампа одобряют 33% американцев,https://www.vedomosti.ru/politics/news/2026/09/06/1226666-politiku-trampa,Ася Султанова,Политика,Низкий,"Опрос Focaldata показал падение одобрения политики президента США Дональда Трампа до 33% (ранее — 35%). Поддержка среди республиканцев составила 72% — исторический минимум. Респонденты недовольны пошлинами, две трети считают, что экономика США движется неверным курсом.","Sun, 06 Sep 2026 11:48:24 +0300","Дональд Трамп, Financial Times, Focaldata, американские избиратели",Рейтинг одобрения политики президента США опустился до 33%,06.09.2026; даты опроса не указаны,"Для GS Labs и отрасли телеком/ИТ значимых последствий нет; возможно косвенное макроэкономическое влияние, но не связанное с деятельностью компании.",США; Трамп; одобрение; опрос; Focaldata; экономика,noise,"Новость не связана с деятельностью GS Labs: она о политическом рейтинге и экономической политике США, без влияния на телеком-рынок, реестр российского ПО или регулирование.",false,"Рейтинг одобрения политики президента США Дональда Трампа опустился до 33%, тогда как ранее этот показатель составлял 35%. Об этом пишет Financial Times со ссылкой на результаты исследования британской компанией Focaldata. При этом поддержка Трампа среди республиканских избирателей достигла исторического минимума, снизившись до 72%.

Респонденты оказались крайне недовольны пошлинами и торговой политикой Трампа, что спровоцировало рост цен на товары и услуги для рядовых граждан США. Две трети опрошенных считают, что экономика США идет неверным курсом. Почти 60% опрошенных считают, что их финансовое положение ухудшилось именно из-за Трампа. Тарифы на канадские товары не одобряют 56%.

В августе FT писала, что, согласно опросу Focaldata, 53,4% респондентов отметили ухудшение своего материального положения при Трампе. Почти 57% независимых избирателей и почти четверть республиканцев также чувствуют себя хуже при нынешнем президенте.

В июне CNN со ссылкой на аналитиков сообщал, что Трамп столкнулся с нарастающим политическим кризисом, который усиливает его уязвимость как внутри страны, так и на международной арене.

В мае The Washington Post со ссылкой на совместный опрос с ABC News и исследовательской компанией Ipsos сообщала, что доля американцев, не одобряющих работу Трампа, достигла 62%.",Ведомости,proxy/deepseek-v4-flash
Ведомости,МИД России прокомментировал требование Японии демонтировать мемориал в Хабаровске,Захарова: пренебрежение Токио к истории не должно распространяться,https://www.vedomosti.ru/politics/news/2026/09/06/1226664-zaharova-prenebrezhenie,Ася Султанова,Политика,Низкий,"МИД РФ ответил на требование Японии демонтировать мемориал в Хабаровске, открытый 4 сентября. Мемориал посвящен победе СССР над милитаристской Японией. На фоне территориального спора Япония продолжает претендовать на южные Курильские острова.","Sun, 06 Sep 2026 11:13:00 +0300","МИД РФ, Мария Захарова, правительство Японии, премьер-министр Санаэ Такаити",МИД РФ прокомментировал требование Японии демонтировать мемориал в Хабаровске,6 сентября 2026 года,Прямого влияния на деятельность GS Labs не прослеживается. Возможное ухудшение российско-японских отношений не меняет регулирование в сфере ИТ или телекома.,МИД; Япония; мемориал; Курилы; геополитика,noise,"Новость касается внешней политики и не имеет отношения к разработке ПО, цифровому ТВ, телеком-регулированию или другим темам мониторинга GS Labs.",false,"Официальный представитель МИД РФ Мария Захарова прокомментировала требование Токио демонтировать мемориал в честь победы СССР над милитаристской Японией, установленный в Хабаровске.

«Если Токио с пренебрежением относится к истории, этот недуг не должен распространяться», – заявила дипломат ( цитата по «РИА Новости»).

5 сентября правительство Японии потребовало от российской стороны демонтировать памятник в Хабаровске, который был открыт 4 сентября. Об этом премьер-министр Японии Санаэ Такаити написала в соцсети X. По ее словам, на монументе изображена сцена разрушения советским солдатом пограничного столба с оттиском хризантемового герба. Хризантемовый герб широко признан как символ Японии и установка памятника, изображающего его разрушение, «абсолютно неприемлема», написала Такаити. По ее словам, вопрос затрагивает чувства японского народа. Правительство Японии и дальше будет настоятельно призывать российскую сторону к демонтажу памятника. Похожее сообщение разместил и МИД Японии.

13 августа Токио выразил протест российскому послу Николаю Ноздреву в связи с посещением президентом России Владимиром Путиным острова Итуруп. Премьер-министр Японии Санаэ Такаити заявила, что данные территории являются якобы «исконно японскими как с исторической, так и с международно-правовой точки зрения». Токио предупредил, что предпримет соответствующие меры. В свою очередь Москва заявила, что считает демарш Японии необоснованным. 18 августа МИД России сообщил, что вызвал посла Японии в Москве Акиру Муто и выразил ему протест в связи с высказываниями японского руководства о поездке Путина на остров Итуруп.

Япония продолжает претендовать на четыре острова южной части Курильской гряды – Итуруп, Кунашир, Шикотан и Хабомаи. Из-за этого территориального спора Москва и Токио до сих пор не заключили мирный договор по итогам Второй мировой войны.",Ведомости,proxy/deepseek-v4-flash
Ведомости,АКОРТ сообщил о росте доли отечественных овощей и фруктов в российских торговых сетях,АКОРТ: российские сети нарастили долю отечественных овощей и фруктов,https://www.vedomosti.ru/business/news/2026/09/06/1226662-akort-rossiiskie-seti-narastili,Ася Султанова,Экономика,Низкий,"Председатель АКОРТ Станислав Богданов заявил в интервью ТАСС, что крупные российские торговые сети наращивают долю овощей и фруктов отечественного производства. За последний год доля импортного картофеля в сетях сократилась почти вдвое, а в «Магните» около 90% яблок — российские. Сети инвестируют в агроагрегаторы и инфраструктуру для фермеров, в том числе X5 в Чувашии, «Магнит» в Тамбовской области и «Лента». Минсельхоз также сообщил о росте сборов тепличных овощей на 3,5%.","Sun, 06 Sep 2026 10:49:49 +0300","АКОРТ, Станислав Богданов, X5, «Магнит», «Лента», Минсельхоз России, Россельхознадзор",Крупные российские торговые сети увеличивают долю отечественных овощей и фруктов за счет агроагрегаторов и инвестиций в фермерскую инфраструктуру,"06.09.2026, данные о текущем сезоне (август-сентябрь 2026 года) и динамике за последний год","Продолжится импортозамещение в продовольственном ритейле, розничные сети будут активнее работать с местными производителями. Для GS Labs прямых последствий нет.",АКОРТ; розничная торговля; импортозамещение; овощи и фрукты; агроагрегаторы; сельское хозяйство,noise,"Новость о продовольственном ритейле и сельском хозяйстве, не связана с разработкой ПО, ТВ/OTT, телекомом или регулированием ИТ-отрасли, поэтому для GS Labs это шум.",false,"В крупных российских торговых сетях увеличивается доля овощей и фруктов отечественного производства. Об этом заявил в интервью ТАСС председатель Ассоциации компаний омниканальной розничной торговли (АКОРТ) Станислав Богданов.

Доля импортного картофеля в крупных российских сетях сократилась почти в два раза за последний год, а отечественные яблоки достигли почти 90% присутствия на полках «Магнита». Глава АКОРТ объяснил это эффективным использованием агроагрегаторов, которые консолидируют закупки у фермеров, и агроконтрактов с авансовой оплатой будущего урожая. В сезон пиковых продаж, приходящийся на август и начало сентября, российский урожай служит основным источником плодоовощной продукции.

Богданов рассказал, что сети инвестируют в инфраструктуру для фермеров. Так, X5 открыла в Чувашии ягодный агроагрегатор, объединив несколько десятков хозяйств по поставкам клубники и малины. «Магнит» в Тамбовской области запустил первый склад для фермерских овощей, чтобы круглогодично увеличить долю отечественной продукции. «Лента» проводит регулярные торгово-закупочные сессии с производителями.

Как заключил эксперт, крупные торговые сети поддерживают местных производителей практически во всех региональных направлениях – от Северо-Запада до Дальнего Востока, включая Дагестан на Кавказе и Коми на северных территориях.

В августе Минсельхоз России сообщил, что с начала текущего года объем сбора тепличных овощей достиг 1 млн т. Это на 3,5% превышает показатели аналогичного периода прошлого года.

В мае Россельхознадзор ввел временные ограничения на ввоз овощей и фруктов 10 экспортеров из Узбекистана из-за нарушения фитосанитарных требований. 28 мая Россельхознадзор также объявил о введении с 30 мая запрета на ввоз свежих томатов, огурцов, перца, зеленных культур и клубники из Армении. Глава Минэкономразвития Максим Решетников 29 мая заявил, что отказ от армянских овощей и плодов станет проблемой для Армении, но не для российского рынка. По его словам, объемы спокойно можно будет заместить с других рынков, а также внутренним производством.",Ведомости,proxy/deepseek-v4-flash
Ведомости,"Российские ученые ВНИИ лекарственных растений обнаружили, что казуариктин способен подавлять рост раковых клеток",Российские ученые обнаружили в листьях облепихи вещество против рака,https://www.vedomosti.ru/society/news/2026/09/06/1226661-rossiiskie-uchenie-obnaruzhili,Ася Султанова,Общество,Низкий,Российские исследователи из ВНИИ лекарственных и ароматических растений изучили противоопухолевый потенциал казуариктина из листьев облепихи. В экспериментах на клеточной модели рака шейки матки вещество снижало метаболическую активность раковых клеток. Пока это лабораторная работа; для превращения в лекарство нужны дополнительные исследования.,"Sun, 06 Sep 2026 10:44:32 +0300","ВНИИ лекарственных и ароматических растений, Минобрнауки РФ, научный сотрудник Елена Жничкова","Обнаружено, что казуариктин из листьев облепихи может подавлять рост раковых клеток на клеточной модели",Публикация от 06.09.2026; сроки дальнейших этапов исследования не указаны,"Для фармацевтической отрасли новость формирует ранний задел для возможных противоопухолевых препаратов, однако до клинических испытаний и регистрации далеко. Для GS Labs последствий нет.",медицина; наука; онкология; казуариктин; облепиха,noise,"Новость о биомедицинском исследовании не связана с телекомом, разработкой ПО для ТВ/OTT, CAS/DRM, реестром российского ПО или смежным регулированием, поэтому для GS Labs это шум.",false,"Российские ученые обнаружили, что природный компонент казуариктин, содержащийся в листьях облепихи, может подавлять рост раковых клеток. Об этом «РИА Новости» сообщили в Минобрнауки РФ.

Специалисты ВНИИ лекарственных и ароматических растений исследовали противоопухолевый потенциал казуариктина. Оказалось, что метаболическая активность раковых клеток снижалась пропорционально концентрации и длительности воздействия этого вещества. Как пояснили в Минобрнауки, воздействие казуариктина было проанализировано на стандартной клеточной модели, выращенной из клеток рака шейки матки.

Для оценки эффективности клетки обрабатывали разными концентрациями облепихового экстракта, а их состояние проверяли двумя методами: МТТ -тестом и с помощью прямого подсчета живых и мертвых клеток.

Старший научный сотрудник ВНИИ лекарственных и ароматических растений Елена Жничкова, слова которой приводятся в сообщении, отметила, что полученные данные позволяют рассматривать казуариктин как перспективное соединение для дальнейшего изучения. По ее словам, вещество выступает как мощный ингибитор опухолевых клеток, что открывает путь к разработке средств по борьбе с раком. В дальнейшем ученые оценят цитотоксичность, антиоксидантный профиль и биодоступность соединения. Комплекс этих исследований покажет, сможет ли казуариктин перейти из лабораторного образца в статус полноценного фармацевтического вещества.

В августе Минздрав России зарегистрировал препарат «Арейма» для иммунотерапии тройного негативного рака молочной железы. В феврале президент РАН Геннадий Красников сообщил о новых разработках российских ученых в области лечения рака без химиотерапии. Он отметил, что в этой области есть «большой прогресс».

В июле сообщалось, что российские ученые открыли способ более эффективного лечения рака кожи.",Ведомости,proxy/deepseek-v4-flash
Ведомости,Минэнерго Турции планирует ввести первый энергоблок АЭС «Аккую» в эксплуатацию до конца 2026 года,Минэнерго Турции: первый блок АЭС «Аккую» планируют запустить до конца 2026 года,https://www.vedomosti.ru/politics/news/2026/09/06/1226660-minenergo-turtsii,Ася Султанова,Экономика,Низкий,"Министр энергетики и природных ресурсов Турции Алпарслан Байрактар сообщил о планах запустить первый реактор АЭС «Аккую» до конца 2026 года. Строительство станции ведет Росатом, стоимость проекта выросла из-за инфляции, уровень локализации превысил 50%. Также обсуждаются перспективы строительства новых АЭС в Синопе и Фракии при участии России, Канады, Китая и Южной Кореи.","Sun, 06 Sep 2026 10:21:06 +0300","Минэнерго Турции, Алпарслан Байрактар, АО «Аккую Нуклеар», ГК «Росатом», Турция, Россия","Минэнерго Турции объявило о планах ввести первый энергоблок АЭС «Аккую» до конца 2026 года, строительство ведется Росатомом.","Запуск первого блока планируется до конца 2026 года; второй блок готов на 60–70%, третий и четвертый на ранней стадии. Дата публикации: 06.09.2026","Для отрасли IT/телеком значимых последствий нет. Возможны косвенные эффекты, связанные с энергоснабжением в Турции, но это не влияет на рынки, где работает GS Labs.",АЭС; Аккую; Турция; энергетика; Росатом,noise,"Новость об атомной энергетике не затрагивает деятельность GS Labs в области цифрового ТВ, OTT, CAS/DRM и не связана с реестром российского ПО или IT-регулированием.",false,"Первый реактор АЭС «Аккую» планируют ввести в эксплуатацию до конца 2026 г. Об этом сообщил министр энергетики и природных ресурсов Турции Алпарслан Байрактар, пишет Odatv.

С вводом в эксплуатацию первого энергоблока потребности Турции в электроэнергии будут покрываться за счет атомной энергии на 2–2,5%. После ввода в строй всех четырех энергоблоков «Аккую» сможет самостоятельно покрывать потребности Стамбула в электричестве.

Байрактар отметил, что строительство второго реактора завершено на 60–70%, в то время как третий и четвертый реакторы находятся на гораздо более ранней стадии. Кроме того, у Турции есть планы создать центр обработки данных вместе с третьим и четвертым реакторами.

Министр также сообщил, что из-за инфляции первоначальная стоимость станции в $20 млрд увеличилась, но вместе с проектом «Аккую» Турция перешагнула важный порог – уровень локализации превысил 50%. По его словам, страна получила ноу-хау, а национальная промышленность начала поставлять продукцию для ядерного объекта.

Министр энергетики Алпарслан Байрактар сообщил, что по будущим станциям в Синопе и Фракии выделяются четыре страны-партнера. Россия намерена перенести свой опыт и кадры с «Аккую» в Синоп. Кроме того, Анкара ведет переговоры с Канадой, Китаем и Южной Кореей. В ближайшие месяцы турецкая сторона планирует принять решение и завершить юридические процедуры. В целом Турция нацелена построить еще восемь дополнительных реакторов.

В середине февраля министр энергетики Турции Байрактар подтвердил планы запустить первый энергоблок АЭС «Аккую» в 2026 г. Тогда он подчеркивал, что после строительства еще двух атомных электростанций в Синопе и Фракии Турция станет страной со значительными атомными мощностями.

В конце июня гендиректор «Росатома» Алексей Лихачев сообщил, что «Росатом» планирует осенью текущего года начать загрузку ядерного топлива и осуществить пуск первого энергоблока «Аккую».

24 июля Лихачев заявил, что проект «Аккую» находится под большим давлением, а прямое противодействие со стороны ряда западных государственных структур влияет на его стоимость и сроки реализации.

АЭС «Аккую» строится на юге Турции в провинции Мерсин у Средиземного моря. Планируется, что она обеспечит электроэнергией более 10 регионов Турции. Это первая атомная электростанция в Турции. Ее строительство ведет АО «Аккую Нуклеар» (дочерняя компания ГК «Росатом»).",Ведомости,proxy/deepseek-v4-flash
Ведомости,В Ростовской области при атаке БПЛА пострадали четыре человека,Число пострадавших из-за атак БПЛА в Ростовской области выросло до четырех,https://www.vedomosti.ru/politics/news/2026/09/06/1226654-chislo-postradavshih-iz-za,Ася Султанова,Общество,Низкий,"В результате атаки БПЛА в Ростовской области пострадали четыре человека, двое госпитализированы. Обломки БПЛА повредили локомотив, из-за чего задерживаются семь пассажирских поездов. В Ростове-на-Дону повреждены два многоквартирных дома, проведена эвакуация.","Sun, 06 Sep 2026 09:48:06 +0300","Губернатор Ростовской области Юрий Слюсарь, пострадавшие жители, экстренные службы",Атака БПЛА на Ростовскую область привела к пострадавшим и нарушениям транспортного движения,6 сентября 2026 года,"Последствия для GS Labs отсутствуют: событие не затрагивает телеком, ИТ или регулирование ПО.",БПЛА; Ростовская область; ЧС; Пострадавшие,noise,"Новость не связана с деятельностью GS Labs, так как касается последствий атаки БПЛА и не влияет на разработку ПО для ТВ/OTT/DRM, телеком-регулирование или информационную безопасность.",false,"Количество пострадавших в результате атаки БПЛА в Ростове-на-Дону выросло до четырех. Об этом сообщил губернатор региона Юрий Слюсарь.

«Три человека обратились за медицинской помощью, двое – доставлены в больницу, одному человеку оказана медицинская помощь на месте, от госпитализации отказался», – сообщил Слюсарь.

Он добавил, что в Чертковском районе обломки БПЛА повредили локомотив поезда: семь пассажирских поездов задерживаются примерно на три часа.

В Кировском районе Ростова-на-Дону эвакуировали многоквартирный дом, на месте работают экстренные службы. В доме повреждена квартира и остекление на балконе. Информация о последствиях уточняется.

Слюсарь ранее сообщал о ребенке, пострадавшем в результате атаки БПЛА. Мальчик в больнице. В результате утренней атаки беспилотников на Ростов-на-Дону повреждены два многоквартирных дома в Советском районе города. За минувшую ночь силы ПВО ликвидировали 258 украинских БПЛА самолетного типа над 14 регионами страны, а также над акваториями Азовского и Черного морей. В Рязанской области на одном из предприятий возник пожар после падения обломков БПЛА.",Ведомости,proxy/deepseek-v4-flash
Ведомости,ВМС США потопили в Тихом океане суда эквадорского наркокартеля,Американские военные потопили суда наркоторговцев в Тихом океане,https://www.vedomosti.ru/politics/news/2026/09/06/1226653-amerikanskie-voennie,Ася Султанова,Политика,Низкий,"Военные США перехватили и затопили в восточной части Тихого океана суда эквадорского наркокартеля «Лос Чонерос», использовавшиеся как плавучая заправочная станция. Лица, находившиеся на борту, переданы властям Эквадора. Операция проводится в рамках инициативы «Южное копье» по борьбе с наркотрафиком.","Sun, 06 Sep 2026 09:31:17 +0300","Южное командование ВС США (Southcom), объединенная оперативная группа «Западное полушарие», наркокартель «Лос Чонерос», власти Эквадора",Вооруженные силы США перехватили и затопили суда эквадорского наркокартеля в рамках борьбы с наркотрафиком,"6 сентября 2026 года (дата публикации), точная дата операции не указана; операция «Южное копье» проводится с ноября 2025 года","Для ИТ-отрасли и GS Labs значимых последствий нет. Возможны косвенные геополитические эффекты, не влияющие на деятельность компании.",США; Эквадор; Тихий океан; наркокартель; Southcom; операция Южное копье,noise,"Новость о военной операции США против наркокартеля не связана с телекоммуникациями, цифровым ТВ, защитой контента, ИТ-аккредитацией или реестром российского ПО, поэтому для GS Labs является шумом.",false,"Военные США затопили в восточной части Тихого океана суда эквадорского наркокартеля. Об этом в соцсети X сообщило Южное командование ВС США (Southcom).

«Силы объединенной оперативной группы «Западное полушарие» успешно перехватили многокорпусную плавучую заправочную станцию, использовавшуюся для поддержки незаконных операций по транспортировке наркотиков в Восточной части Тихого океана», – говорится в сообщении.

Разведданные подтвердили, что суда действовали в интересах наркотеррористической организации «Лос Чонерос». Лиц, снятых с основного судна, передали властям Эквадора. После того как основное судно было очищено, а экипаж покинул борт, силы США затопили его, а также прикрепленные к нему вспомогательные плавсредства.

8 мая американские военные нанесли удар по судну, следовавшему по традиционным маршрутам наркотрафика в Тихом океане. Погибли два человека. 25 апреля под ракетный удар ВС США попало маломерное судно в восточной части Тихого океана, в результате чего погибли два человека. В Пентагоне сообщили, что лодка была причастна к перевозке наркотиков.

В ноябре 2025 г. Вашингтон анонсировал запуск широкомасштабной операции «Южное копье» в Западном полушарии. Как сообщалось тогда, ее главная цель – борьба с наркокартелями и ужесточение контроля над каналами поставки наркотиков на территорию США.",Ведомости,proxy/deepseek-v4-flash
Ведомости,В Рязанской области обломки БПЛА вызвали пожар на предприятии и повредили жилой дом,На предприятии в Рязанской области произошел пожар из-за падения обломков БПЛА,https://www.vedomosti.ru/politics/news/2026/09/06/1226651-na-predpriyatii,Ася Султанова,Общество,Низкий,"В Сапожковском округе Рязанской области обломки украинских беспилотников спровоцировали пожар на одном из предприятий и повредили жилой дом в областном центре. По предварительным данным, пострадавших нет, на месте работают оперативные службы. Губернатор сообщил о продолжающейся атаке БПЛА и работе ПВО.","Sun, 06 Sep 2026 09:14:58 +0300","Павел Малков (губернатор Рязанской области), предприятие в Сапожковском округе, оперативные службы",Обломки БПЛА вызвали пожар на предприятии и повреждение жилого дома в Рязанской области.,"6 сентября 2026 года, утреннее время","Для GS Labs как разработчика ПО для ТВ/OTT событие не несет прямых последствий. Возможные косвенные риски связаны с перебоями в работе региональных операторов связи, но в тексте не упоминаются.",БПЛА; Рязанская область; пожар; предприятие; ЧП,noise,"Новость находится вне контекста деятельности GS Labs — не касается ИТ, телекома, реестра российского ПО или регулирования. Поэтому оценивается как шум.",false,"В Сапожковском округе Рязанской области обломки беспилотников спровоцировали пожар на одном из предприятий, а также повредили жилой дом в областном центре. Об этом сообщил губернатор региона Павел Малков. По предварительным данным, обошлось без пострадавших. На месте ЧП работают оперативные службы.

По словам Малкова, атака украинских БПЛА на регион продолжается утром 6 сентября, работают ПВО и мобильные огневые группы.

За минувшую ночь силы ПВО ликвидировали 258 украинских БПЛА самолетного типа над 14 регионами страны, а также над акваториями Азовского и Черного морей. В селе Головчино в Белгородской области в результате атаки БПЛА на легковой автомобиль погиб мужчина, тяжелые ранения получила женщина. В Ростове-на-Дону из-за налета беспилотников пострадал ребенок.",Ведомости,proxy/deepseek-v4-flash
Ведомости,"Россия и США обсудили планы по Украине, о следующих шагах объявят в ближайшие недели",Белый дом: о следующих шагах по Украине объявят в ближайшие недели,https://www.vedomosti.ru/politics/news/2026/09/06/1226650-belii-dom,Дарья Снегова,Политика,Низкий,"Россия и США провели переговоры по украинскому урегулированию. Представитель Белого дома сообщил Reuters, что переговоры были содержательными и о следующих шагах объявят в ближайшие недели. Путин обсудил с посланниками Трампа ситуацию в зоне конфликта и возможные совместные экономические проекты.","Sun, 06 Sep 2026 09:00:47 +0300","Россия, США, Белый дом, Reuters, Владимир Путин, Стивен Уиткофф, Джаред Кушнер",Переговоры России и США по Украине; заявление Белого дома о скором анонсе следующих шагов,6 сентября 2026 года — публикация; объявление следующих шагов — в ближайшие недели,"Нет прямых последствий для деятельности GS Labs, так как тема касается международной политики, а не ИТ-отрасли или регулирования телекома.",политика; международные отношения; Украина; Россия; США,noise,"Тема не связана с ИТ, цифровым ТВ, реестром российского ПО или регулированием – только общий геополитический фон.",false,"Россия и Соединенные Штаты обсудили конкретные планы дальнейших действий по украинскому урегулированию. О результатах переговоров будет объявлено в ближайшие недели, сообщило агентство Reuters со ссылкой на представителя Белого дома.

«Представитель Белого дома сообщил Reuters, что переговоры были содержательными и что о следующих шагах будет объявлено в ближайшие недели», – пишет агентство.

5 сентября президент РФ Владимир Путин рассказал посланникам американского лидера Дональда Трампа Стивену Уиткоффу и Джареду Кушнеру о ситуации в зоне боевых действий, а также подтвердил настрой продолжать совместную с американцами работу по поиску политико-дипломатических способов выхода из конфликта на Украине. Целью визита было продолжение диалога по урегулированию кризиса на Украине и обсуждение других актуальных вопросов. Также обсуждалась и экономическая тематика, в частности, возможные крупные российско-американские проекты.",Ведомости,proxy/deepseek-v4-flash
Ведомости,Минобороны РФ отчиталось о перехвате за ночь 258 БПЛА; есть погибший и раненые,Силы ПВО за ночь сбили 258 беспилотников над регионами РФ,https://www.vedomosti.ru/politics/news/2026/09/06/1226649-sili-pvo,Дарья Снегова,Политика,Низкий,"Минобороны РФ сообщило, что в ночь с 5 на 6 сентября силы ПВО перехватили и уничтожили 258 украинских беспилотников самолётного типа над 14 регионами, Краснодарским краем, Крымом и акваториями Азовского и Чёрного морей. В ходе атак пострадали мирные жители: в Белгородской области погиб мужчина, в Ростове-на-Дону ранен ребёнок. Новость относится к военной тематике и не связана с ИТ-регулированием.","Sun, 06 Sep 2026 08:47:59 +0300","Минобороны РФ, силы ПВО, ВСУ (украинские БПЛА), пострадавшие жители Белгородской и Ростовской областей",Отражение ночной массированной атаки БПЛА на российские регионы с жертвами среди мирного населения,"5–6 сентября 2026, с 20:00 мск 05.09 до 08:00 мск 06.09","Для GS Labs и отрасли разработки ПО последствий нет; новость находится вне профильных тем мониторинга. Возможное ужесточение режимов безопасности в регионах может косвенно влиять на операционную деятельность, но это не специфично для ИТ.",Минобороны РФ; ПВО; БПЛА; атака; Белгородская область; Ростов-на-Дону; пострадавшие; конфликт,noise,"Новость не касается продуктов GS Labs, реестра российского ПО, телекома, CAS/DRM или информационной безопасности как отрасли регулирования. Это фоновый информационный шум.",false,"За минувшую ночь силы противовоздушной обороны перехватили и уничтожили 258 украинских БПЛА самолетного типа. Беспилотники сбиты над 14 регионами страны, а также над акваториями Азовского и Черного морей, сообщило Минобороны РФ.

Атака отражалась с 20:00 мск 5 сентября до 8:00 мск 6 сентября. Цели уничтожены над Белгородской, Брянской, Волгоградской, Воронежской, Калужской, Курской, Липецкой, Орловской, Ростовской, Рязанской, Саратовской, Тамбовской, Тульской областями, Краснодарским краем, Республикой Крым, а также над Азовским и Черным морями.

В селе Головчино Грайворонского округа беспилотник ВСУ атаковал легковой автомобиль. В результате погиб мужчина, тяжело ранена женщина. В результате утренней атаки беспилотников на Ростов-на-Дону пострадал ребенок.",Ведомости,proxy/deepseek-v4-flash
Ведомости,Минтранс России ведет переговоры с Китаем о соглашении о пересечении границы на личных авто,Россиянам могут разрешить ездить в Китай на личных автомобилях,https://www.vedomosti.ru/politics/news/2026/09/06/1226648-rossiyanam-mogut,Дарья Снегова,Регулирование,Низкий,"Минтранс России ведет переговоры с Китаем о двустороннем соглашении, которое позволит физлицам пересекать границу на личных автомобилях. Глава Минтранса Андрей Никитин заявил об этом на полях ВЭФ. Стороны обсуждают срок действия водительских прав; технически пункты пропуска готовы.","Sun, 06 Sep 2026 08:37:18 +0300","Минтранс РФ, Китай, Андрей Никитин (глава Минтранса РФ)",Ведение переговоров о двустороннем соглашении о пересечении границы физлицами на личных автомобилях,"на 6 сентября 2026 года — стадия переговоров, проект соглашения",В случае заключения соглашения россияне смогут ездить в Китай на личных автомобилях через перечисленные пункты пропуска. Для GS Labs и ИТ-отрасли последствий нет.,Минтранс; Россия-Китай; автомобильные поездки; двустороннее соглашение,noise,"Новость не связана с телекомом, разработкой ПО или регулированием в ИТ-сфере. Относится к транспорту и международным поездкам, поэтому для GS Labs это шум.",false,"Минтранс РФ ведет переговоры с Китаем о заключении двустороннего соглашения, которое позволит физлицам пересекать границу на личных автомобилях. Об этом на полях ВЭФа заявил глава ведомства Андрей Никитин.

«Минтранс согласовывает проект двустороннего соглашения о пересечении границы физическими лицами на личных легковых автомобилях до восьми мест через ключевые пункты пропуска», – сказал министр ( цитата по ТАСС).

Речь идет о переходах «Забайкальск», «Староцурухайтуйский», «Пограничный», «Краскино» и «Кани-Курган». По словам Никитина, технических проблем с переходами нет, они готовы к работе.

В настоящее время стороны обсуждают срок действия водительских прав. Необходимо определить период, в течение которого российские водители смогут управлять автомобилем в Китае, а китайские – в России.

Пассажиропоток на авиарейсах между Россией и Китаем в январе – мае 2026 г. вырос на 48% к показателю аналогичного периода прошлого года и достиг 902 200 человек. За аналогичный период прошлого года между странами было перевезено 608 600 пассажиров. По данным Погранслужбы ФСБ, в I квартале 2026 г. (более свежих данных в открытом доступе пока нет) Китай посетило более 690 000 россиян, что на 54% больше, чем годом ранее. За тот же период из Китая в Россию въехало около 396 000 граждан КНР – на 23% больше, чем в I квартале 2025 г.",Ведомости,proxy/deepseek-v4-flash
Ведомости,Извержение вулкана Анак-Кракатау в Индонезии привело к приостановке полетов в Джакарте,Из-за извержения вулкана Анак-Кракатау в Индонезии приостановлена работа авиации,https://www.vedomosti.ru/politics/news/2026/09/06/1226647-iz-za-izverzheniya-vulkana,Дарья Снегова,Общество,Низкий,"Извержение вулкана Анак-Кракатау в Индонезии привело к приостановке работы международного аэропорта Сукарно-Хатта в Джакарте. Министерство транспорта сообщило об отмене 209 рейсов, включая несколько международных. Также были приостановлены школьные занятия и рыбная ловля.","Sun, 06 Sep 2026 08:19:50 +0300","Аэропорт Сукарно-Хатта, Министерство транспорта Индонезии, метеорологическое агентство BMKG","Вулкан Анак-Кракатау начал извергаться, в результате чего в аэропорту Джакарты приостановлены полеты и отменены 209 рейсов.","Извержение началось вечером 4 сентября 2026 года, вулканический пепел обнаружен утром 6 сентября 2026 года. Дата публикации: 06.09.2026.","Для GS Labs последствий нет. Событие может повлиять на авиасообщение и экономику Индонезии, но не связано с телеком-отраслью или регулированием ИТ в России.",извержение вулкана; Индонезия; авиаперевозки; отмена рейсов,noise,"Новость не относится к сфере деятельности GS Labs: в ней нет связи с разработкой ПО, цифровым ТВ, телеком-регулированием или реестром российского ПО. Это общеинформационный сюжет о природном катаклизме.",false,"Извержение индонезийского вулкана Анак-Кракатау привело к отмене рейсов в главном аэропорту Джакарты. Также были приостановлены школьные занятия и рыбная ловля, пишет Reuters.

Международный аэропорт Сукарно-Хатта сообщил в Instagram (принадлежит Meta – организация признана экстремистской и запрещена в РФ), что приостанавливает полеты из-за вулканического пепла. По данным министерства транспорта Индонезии, приостановка затронула 209 рейсов, в том числе несколько международных.

Извержение вулкана Анак-Кракатау началось поздно вечером 4 сентября, а вулканический пепел был обнаружен в аэропорту рано утром 6 сентября, говорится в заявлении министерства.

По данным метеорологического агентства BMKG, пепел поднимался на высоту до 20 000 футов (6000 м) со стороны вулкана на Яве и до 50 000 футов (15 000 м) со стороны Суматры и некоторых районов провинции Бантен на Яве.

Анак-Кракатау находится примерно на полпути между Явой и Суматрой в обширной цепи индонезийских островов, расположенных в тихоокеанском «Огненном кольце», где часто происходят землетрясения и извержения вулканов. Анак-Кракатау, что означает «дитя Кракатау», появился 100 лет назад на месте, которое когда-то занимал Кракатау, известный тогда как Кракатаа. Кракатаа был разрушен в 1883 г., когда в результате серии цунами, вызванных мощными извержениями, погибло более 36 000 человек.",Ведомости,proxy/deepseek-v4-flash
Ведомости,"В Белгородской области беспилотник атаковал автомобиль, погиб мужчина и ранена женщина",Человек погиб при атаке дрона на авто в Белгородской области,https://www.vedomosti.ru/society/news/2026/09/06/1226646-chelovek-pogib,Ведомости,Общество,Низкий,"В селе Головчино Грайворонского округа Белгородской области беспилотник ВСУ атаковал легковой автомобиль. В результате мужчина погиб на месте, женщина с тяжелыми ранениями госпитализирована. Автомобиль полностью сгорел.","Sun, 06 Sep 2026 08:07:07 +0300","ВСУ, региональный оперативный штаб Белгородской области, мирные жители",Атака беспилотника на автомобиль в Белгородской области,6 сентября 2026 года,"Для GS Labs и отрасли IT/телеком последствий нет, событие носит общественно-политический характер.",Белгородская область; беспилотник; ВСУ; гибель мирного жителя,noise,"Событие не относится к отрасли GS Labs — это региональное происшествие, не связанное с разработкой ПО, телеком-регулированием или реестром российского ПО.",false,"В селе Головчино Грайворонского округа беспилотник ВСУ атаковал легковой автомобиль. В результате погиб мужчина, тяжело ранена женщина, сообщил региональный оперативный штаб.

«Мужчина от полученных травм скончался на месте. Выражаем соболезнования его семье», – говорится в публикации оперштаба на платформе Max.

Находившаяся в машине женщина получила проникающее ранение живота, открытые переломы рук и множественные осколочные ранения. Она госпитализирована в тяжелом состоянии. Автомобиль полностью сгорел.

5 сентября мирный житель погиб в результате удара ВСУ в Белгородском округе. В шести округах – Белгородском, Борисовском, Грайворонском, Краснояружском, Ракитянском и Шебекинском – пострадали 15 человек, из них двое детей.",Ведомости,proxy/deepseek-v4-flash
Ведомости,Спецпосланники США после переговоров в Москве прилетели в Польшу,По пути в Киев спецпосланники США приземлились в Польше,https://www.vedomosti.ru/politics/news/2026/09/06/1226645-po-puti-v-kiev,Дарья Снегова,Политика,Низкий,"Самолет спецпосланников президента США Стива Уиткоффа и Джареда Кушнера вылетел из Москвы и совершил посадку в польском Жешуве. До этого они провели трехчасовые переговоры с Владимиром Путиным. В воскресенье запланирован визит в Киев для встречи с Владимиром Зеленским, где продолжат диалог по урегулированию конфликта и обсудят экономические проекты.","Sun, 06 Sep 2026 07:54:06 +0300","Спецпосланники президента США Стив Уиткофф, Джаред Кушнер, президент России Владимир Путин, президент Украины Владимир Зеленский",Спецпосланники США после переговоров в Москве совершили промежуточную посадку в Польше по пути в Киев.,"6 сентября 2026 года: около полуночи вылет из Москвы, посадка в Польше в 2:30 мск, далее в тот же день планируется визит в Киев","Для GS Labs последствий не ожидается, новость носит геополитический характер и не связана с деятельностью компании.",международные отношения; США; Россия; Украина; переговоры,noise,"Новость не связана с телеком-индустрией, IT-регулированием или реестром российского ПО, поэтому не оказывает влияния на деятельность GS Labs.",false,"Самолет спецпосланников президента США Стива Уиткоффа и Джареда Кушнера покинул московский аэропорт «Внуково» около полуночи и приземлился в польском Жешуве. Об этом сообщает «РИА Новости» со ссылкой на данные сервиса Flightradar.

Посадка в Польше завершилась приблизительно в 2:30 мск. Вылету предшествовали трехчасовые переговоры с президентом России Владимиром Путиным. В воскресенье представители США посетят Киев для встречи с Владимиром Зеленским.

Путин рассказал посланникам американского лидера Дональда Трампа Стивену Уиткоффу и Джареду Кушнеру о ситуации в зоне боевых действий, а также подтвердил настрой продолжать совместную с американцами работу по поиску политико-дипломатических способов выхода из конфликта на Украине. Целью визита было продолжение диалога по урегулированию кризиса на Украине и обсуждение других актуальных вопросов. Также обсуждалась и экономическая тематика, в частности, возможные крупные российско-американские проекты.",Ведомости,proxy/deepseek-v4-flash
Ведомости,"В Ростове-на-Дону при атаке БПЛА пострадал ребенок, повреждены два многоквартирных дома",Ребенок пострадал при атаке БПЛА на Ростов-на-Дону,https://www.vedomosti.ru/society/news/2026/09/06/1226643-rebenok-postradal,Дарья Снегова,Общество,Низкий,"Утром 6 сентября 2026 года при атаке беспилотников на Ростов-на-Дону пострадал ребенок, он госпитализирован. Повреждены два многоквартирных дома в Советском районе, жильцы эвакуированы. В Ленинском районе осколки повредили квартиру и окна жилого дома, без жертв.","Sun, 06 Sep 2026 07:40:10 +0300","Губернатор Ростовской области Юрий Слюсарь, пострадавший ребенок, жители поврежденных домов",Атака БПЛА на Ростов-на-Дону с пострадавшим ребенком и повреждением жилых домов,"6 сентября 2026 года, утро","Для отрасли IT/телекома последствий не прослеживается. Для GS Labs новость не имеет прямого влияния, за исключением возможных косвенных эффектов на работу сотрудников в регионе (не указано).",БПЛА; атака; Ростов-на-Дону; пострадавший ребенок; повреждение домов,noise,"Новость не связана с деятельностью GS Labs (разработка ПО для ТВ/OTT, CAS/DRM, реестр российского ПО). Не влияет на регулирование телекома, информационную безопасность или продукты компании.",false,"В результате утренней атаки беспилотников на Ростов-на-Дону пострадал ребенок. Повреждены два многоквартирных дома в Советском районе города, сообщил губернатор Ростовской области Юрий Слюсарь.

«В настоящий момент мальчик госпитализирован. Врачи оказывают всю необходимую помощь», – написал Слюсарь в своем телеграм-канале.

Жильцы поврежденных домов эвакуированы. В одном здании повреждены верхние этажи, в другом – крыша и остекление. В Ленинском районе Ростова осколки повредили квартиру и окна жилого дома, там обошлось без жертв.

29 августа Ростовская область подверглась атаке около 30 беспилотников. В Ростове были повреждены две многоэтажки. Еще несколько объектов пострадали в Аксайском районе. В больницы региона после атаки доставили 11 человек, в том числе четверых детей. После атаки 211 человек подали заявления на единовременную материальную помощь.",Ведомости,proxy/deepseek-v4-flash
Ведомости,Самолет-разведчик ВМС США Boeing P-8A Poseidon совершил разведывательный полет над Баренцевым морем,Американский самолет-разведчик заметили над Баренцевым морем,https://www.vedomosti.ru/politics/news/2026/09/06/1226642-amerikanskii-samolet-razvedchik,Ведомости,Политика,Низкий,"Самолет-разведчик ВМС США Boeing P-8A Poseidon совершил полет над Баренцевым морем вблизи российских границ. Он вылетел с авиабазы в Исландии, пролетел в сотне километров от Мурманска и вернулся обратно. Самолет предназначен для патрулирования и противолодочной обороны.","Sun, 06 Sep 2026 07:33:17 +0300","ВМС США, Boeing P-8A Poseidon, РИА Новости, сервисы отслеживания авиации",Американский самолет-разведчик совершил полет над Баренцевым морем вблизи российских границ,"не указано (публикация 6 сентября 2026), полет в субботу после 15:00 мск",Возможных последствий для отрасли IT и GS Labs не выявлено.,Баренцево море; Boeing P-8A; разведка; ВМС США; Россия,noise,"Не касается GS Labs: новость о военном самолете-разведчике не связана с разработкой ПО, телекомом, реестром российского ПО или информационной безопасностью для GS Labs.",false,"Самолет-разведчик ВМС США Boeing P-8A Poseidon совершил полет над Баренцевым морем вблизи российских границ. Об этом сообщает «РИА Новости» со ссылкой на данные сервисов отслеживания авиации.

Воздушное судно вылетело с авиабазы в Исландии в субботу после 15.00 мск. По данным источников, самолет совершил маневр над акваторией моря в сотне километров от Мурманска и российского Заполярья. После 20.00 мск разведчик взял курс на обратный путь и благополучно вернулся на базу.

Boeing P-8A Poseidon предназначен для патрулирования и противолодочной обороны.",Ведомости,proxy/deepseek-v4-flash
Ведомости,Замглавы МИД РФ Грушко назвал призывы политиков ЕС к миру с Россией сотрясением воздуха,Грушко: политики ЕС «сотрясают воздух» словами о мире,https://www.vedomosti.ru/politics/news/2026/09/06/1226641-grushko-politiki,Дарья Снегова,Политика,Низкий,"Замглавы МИД РФ Александр Грушко на полях Восточного экономического форума во Владивостоке заявил, что призывы европейских политиков к переговорам с Москвой не имеют практического значения и являются «сотрясением воздуха». Он отметил, что реальные действия Брюсселя направлены на затягивание конфликта с целью нанесения России стратегического поражения. В Европе нарастает число политиков, выступающих за восстановление контактов с РФ.","Sun, 06 Sep 2026 07:18:05 +0300","Александр Грушко (замглавы МИД РФ), Евросоюз, Россия, Восточный экономический форум","Заявление замглавы МИД РФ Александра Грушко о том, что призывы политиков ЕС к мирным переговорам с Россией не имеют практического значения","Сентябрь 2026 года, на полях Восточного экономического форума во Владивостоке (дата публикации — 06.09.2026)","Новость не оказывает прямого влияния на ИТ-отрасль, телеком-рынок, реестр российского ПО или продукты GS Labs. Являясь частью внешнеполитического контекста, она не создаёт для компании ни рисков, ни возможностей.",политика; дипломатия; Россия; ЕС; Грушко; ВЭФ,noise,"Новость касается внешней политики и не связана с деятельностью GS Labs — разработкой ПО для цифрового ТВ, CAS/DRM или регулированием телекома.",false,"Заявления европейских лидеров о необходимости переговоров с Москвой не имеют практического значения. Об этом заявил заместитель главы МИД РФ Александр Грушко на полях Восточного экономического форума во Владивостоке, сообщает «РИА Новости».

«То, что мы наблюдаем со стороны Евросоюза – призывы к миру, о том, что надо говорить с Россией, – это скорее сотрясение воздуха, создание белого информационного шума», – сказал дипломат. По его словам, реальные действия Брюсселя идут в русле курса НАТО и направлены на затягивание конфликта для нанесения Москве стратегического поражения.

В Европе нарастает число политиков, ратующих за восстановление контактов с РФ. Премьер Бельгии Барт де Вевер связывает это с необходимостью импорта энергоресурсов, а финский лидер Александр Стубб не раз говорил о неизбежности диалога. Ранее президент Франции Эмманюэль Макрон направлял в Москву своего советника.

5 сентября президент РФ Владимир Путин рассказал посланникам американского лидера Дональда Трампа Стивену Уиткоффу и Джареду Кушнеру о ситуации в зоне боевых действий, а также подтвердил настрой продолжать совместную с американцами работу по поиску политико-дипломатических способов выхода из конфликта на Украине. Путин оценил этот посреднический канал и роль американских переговорщиков, а также поблагодарил президента США за попытки урегулировать кризис на Украине и оказать содействие для взаимоприемлемых развязок.",Ведомости,proxy/deepseek-v4-flash
Ведомости,В Кремле состоялась встреча Путина с Уиткоффом и Кушнером длительностью 3 часа 10 минут,Ушаков: беседа Путина с Уиткоффом и Кушнером продолжалась больше трех часов,https://www.vedomosti.ru/politics/news/2026/09/06/1226632-beseda-putina,Елена Вострикова,Политика,Низкий,"В Кремле прошла встреча президента РФ Владимира Путина с американскими переговорщиками Стивом Уиткоффом и Джаредом Кушнером. По словам помощника президента Юрия Ушакова, беседа длилась 3 часа 10 минут и была содержательной и конструктивной. Обсуждались в том числе ситуация на Украине, вопросы безопасности и освобождение американского морпеха Роберта Гилмана.","Sun, 06 Sep 2026 00:30:44 +0300","Владимир Путин, Стив Уиткофф, Джаред Кушнер, Юрий Ушаков, Кирилл Дмитриев, Дональд Трамп",Путин провел переговоры с Уиткоффом и Кушнером в Кремле; встреча продолжалась 3 часа 10 минут.,"5–6 сентября 2026 года: Уиткофф и Кушнер прибыли в Москву 5 сентября, 6 сентября Ушаков сообщил о деталях встречи.","Для GS Labs прямых последствий не прослеживается. Возможное изменение международной обстановки может косвенно влиять на экономику, но не на ИТ-отрасль, телеком или регулирование.",политика; международные отношения; Россия; США; Кремль; переговоры,noise,"Событие не связано с деятельностью GS Labs: в материале нет упоминаний ИТ, телекома, цифрового ТВ, защиты контента или регулирования; это международная политика, поэтому новость является шумом для компании.",false,"Беседа президента РФ Владимира Путина с американскими переговорщиками Стивом Уиткоффом и Джаредом Кушнером продолжалась 3 часа 10 минут. Об этом журналистам сообщил помощник президента Юрий Ушаков.

По его словам, разговор был содержательным, конструктивным, предельно откровенным и доверительным.

В Москву Уиткофф и Кушнер прибыли 5 сентября. В столичном аэропорту «Внуково» их встретил спецпредставитель президента России по инвестиционно-экономическому сотрудничеству с зарубежными странами Кирилл Дмитриев.

Открывая встречу, Путин назвал ситуацию для обсуждения непростой и попросил передать президенту США Дональду Трампу наилучшие пожелания и слова благодарности. По словам лидера РФ, Трамп «заходит в непростую ситуацию», но продолжает попытки внести вклад в урегулирование конфликта на Украине.

Путин подчеркнул важность прямых контактов с американской стороной. По его словам, уровень доверия России к Уиткоффу и Кушнеру довольно высокий, а подобные контакты «всегда идут на пользу».

Уиткофф поблагодарил Путина за прием в Кремле и передал ему наилучшие пожелания от Трампа. Он также сообщил, что семья бывшего американского морпеха Роберта Гилмана благодарна российскому президенту за его освобождение.

В ходе встречи также обсуждались вопросы безопасности – Уиткофф поблагодарил Путина за согласие на трехдневное прекращение огня, чтобы делегация могла безопасно прилететь сначала в Москву, а затем в Киев.",Ведомости,proxy/deepseek-v4-flash
Ведомости,В Кремле завершились трёхчасовые переговоры президента РФ Путина с представителями США Уиткоффом и Кушнером,Переговоры Путина с Уиткоффом и Кушнером завершились,https://www.vedomosti.ru/politics/news/2026/09/05/1226631-peregovori-zavershilis,Елена Вострикова,Политика,Низкий,"В Кремле завершились переговоры Владимира Путина со спецпосланником президента США Стивом Уиткоффом и Джаредом Кушнером. Встреча длилась около трёх часов, после чего американская делегация покинула Кремль. Стороны обсуждали урегулирование украинского конфликта, а также обменялись приветствиями от имени президентов России и США.","Sat, 05 Sep 2026 23:11:08 +0300","Владимир Путин, Стив Уиткофф, Джаред Кушнер, Кирилл Дмитриев, Дональд Трамп (упоминается)",Завершились переговоры Путина с Уиткоффом и Кушнером в Кремле по украинскому урегулированию,"5 сентября 2026 года, переговоры длились около трёх часов","Для GS Labs и ИТ-отрасли прямых последствий не описано. Возможны косвенные макроэкономические или политические эффекты, однако в тексте они не раскрываются.",международные переговоры; Россия-США; Украинский конфликт; Путин,noise,"Событие не связано с разработкой ПО, телекомом, реестром российского ПО или регулированием отрасли, поэтому для GS Labs это фоновый политический шум.",false,"Переговоры президента России Владимира Путина со спецпосланником президента США Стивом Уиткоффом и зятем Трампа Джаредом Кушнером в Кремле завершились. Они продлились около трех часов. Кортеж американских представителей покинул территорию Кремля, передает «РИА Новости».

Уиткофф и Кушнер прибыли в Москву 5 сентября. В аэропорту «Внуково» их встретил спецпредставитель президента России по инвестиционно-экономическому сотрудничеству с зарубежными странами Кирилл Дмитриев.

В начале встречи Путин назвал ситуацию, которую сторонам предстоит обсудить, непростой. Он также попросил передать президенту США Дональду Трампу наилучшие пожелания и слова благодарности. Российский лидер отметил, что Трамп «заходит в непростую ситуацию», но продолжает попытки внести вклад в урегулирование украинского конфликта.

Путин также подчеркнул важность прямых контактов с американской стороной. По его словам, уровень доверия Москвы к Уиткоффу и Кушнеру довольно высокий, а подобные контакты «всегда идут на пользу».

Уиткофф в начале переговоров поблагодарил Путина за прием в Кремле и передал ему наилучшие пожелания от Трампа. Он также сообщил, что семья бывшего американского морпеха Роберта Гилмана благодарна российскому президенту за его освобождение.",Ведомости,proxy/deepseek-v4-flash
Ведомости,Канцлер ФРГ Мерц заявил о потере рабочих мест в промышленности Германии,Мерц: Германия теряет рабочие места в промышленности,https://www.vedomosti.ru/politics/news/2026/09/05/1226630-germaniya-teryaet,Елена Вострикова,Экономика,Низкий,"Канцлер Германии Фридрих Мерц на мероприятии ХДС в Лангенхагене заявил, что Германия теряет значительное число рабочих мест в промышленности, и эту тенденцию необходимо переломить. Он привёл ситуацию в Volkswagen как пример тяжёлого положения автомобильной промышленности. Bloomberg сообщил о планах Volkswagen сократить около 50 000 сотрудников по всему миру.","Sat, 05 Sep 2026 22:53:48 +0300","Фридрих Мерц, ХДС, Volkswagen, Bloomberg",Заявление канцлера ФРГ о потере промышленных рабочих мест и планы Volkswagen по сокращению персонала,5 сентября 2026 года (публикация); мероприятие в Лангенхагене; Bloomberg сообщил 3 сентября,"Новость не касается отрасли GS Labs (ИТ, телеком, регулирование ПО) и не влечёт прямых последствий для компании. Возможные косвенные эффекты на мировую экономику не рассматриваются как значимые.",Германия; промышленность; Volkswagen; рабочие места,noise,"Новость о промышленности Германии и автоконцерне Volkswagen не связана с ИТ, телекомом, регулированием программного обеспечения или защитой контента, поэтому для GS Labs это информационный шум.",false,"Германия теряет значительное число рабочих мест в промышленности, и эту тенденцию необходимо переломить. Об этом заявил канцлер ФРГ Фридрих Мерц, его слова приводит Die Zeit.

«Мы теряем в настоящий момент в большом объеме рабочие места в промышленности», – сказал Мерц на мероприятии Христианско-демократического союза в Лангенхагене под Ганновером.

По словам канцлера, Германия должна оставаться индустриальной страной. Он также предостерег от дальнейшего сокращения рабочих мест на фоне кризиса в Volkswagen. Ситуацию в концерне Мерц назвал примером тяжелого положения автомобильной промышленности Германии и Европы.

3 сентября Bloomberg сообщал, что Volkswagen планирует дополнительно сократить около 50 000 сотрудников по всему миру в рамках масштабной реструктуризации, одобренной наблюдательным советом концерна. Сокращения затронут в том числе управленческие позиции.",Ведомости,proxy/deepseek-v4-flash
Ведомости,"Путин, Уиткофф и Кушнер проводят переговоры в Кремле более двух часов",Переговоры Путина с Уиткоффом и Кушнером идут более двух часов,https://www.vedomosti.ru/politics/news/2026/09/05/1226629-peregovori-idut,Елена Вострикова,Политика,Низкий,В Кремле 5 сентября 2026 года проходят переговоры президента России Владимира Путина со спецпосланником президента США Стивом Уиткоффом и зятем американского лидера Джаредом Кушнером. Встреча началась около 19:55 мск и продолжается более двух часов. Российскую сторону также представляют помощник президента Юрий Ушаков и спецпредставитель Кирилл Дмитриев. Тема переговоров — урегулирование конфликта между Россией и Украиной.,"Sat, 05 Sep 2026 22:23:45 +0300","Владимир Путин, Стив Уиткофф, Джаред Кушнер, Юрий Ушаков, Кирилл Дмитриев",Переговоры Путина с Уиткоффом и Кушнером в Кремле продолжаются более двух часов,"5 сентября 2026 года, начало около 19:55 мск, на момент публикации продолжаются","Для GS Labs последствий нет, новость не связана с деятельностью компании.",Политика; Переговоры; Россия; США; Украина,noise,"Новость не касается GS Labs, так как не связана с IT, телекомом, регулированием, реестром ПО или другими темами мониторинга.",false,"Переговоры президента России Владимира Путина со спецпосланником президента США Стивом Уиткоффом и зятем американского лидера Джаредом Кушнером в Кремле продолжаются более двух часов.

Встреча началась около 19:55 мск. С российской стороны в ней участвуют помощник президента Юрий Ушаков и спецпредставитель президента по инвестиционно-экономическому сотрудничеству с зарубежными странами Кирилл Дмитриев.

Уиткофф и Кушнер прибыли в Москву 5 сентября. В аэропорту «Внуково» их встретил Дмитриев. После переговоров в российской столице американские представители планируют отправиться в Киев.

В начале встречи Путин назвал ситуацию, которую предстоит обсудить, непростой. Он попросил передать президенту США Дональду Трампу наилучшие пожелания и слова благодарности. По словам российского лидера, Трамп «заходит в непростую ситуацию», но продолжает попытки внести вклад в урегулирование конфликта между Россией и Украиной.

Президент также подчеркнул важность прямых контактов с американской стороной и доверия к посредникам. По словам Путина, уровень доверия российской стороны к Уиткоффу и Кушнеру довольно высокий.

Уиткофф в начале переговоров поблагодарил президента за прием в Кремле и передал ему наилучшие пожелания от Трампа. Он также сообщил, что семья бывшего американского морпеха Роберта Гилмана благодарна Путину за его освобождение.",Ведомости,proxy/deepseek-v4-flash
Ведомости,На запуске «Восток ойла» Сечин сравнил проект с открытием западно-сибирской нефти в СССР,Сечин сравнил запуск «Восток ойла» с открытием западно-сибирской нефти в СССР,https://www.vedomosti.ru/business/news/2026/09/05/1226622-sechin-sravnil,Инна Шульгина,Экономика,Низкий,"Глава «Роснефти» Игорь Сечин на церемонии запуска проекта «Восток ойл» сравнил его значение с открытием западно-сибирской нефти в СССР. Президент Владимир Путин, участвовавший по видеосвязи, отметил, что новый нефтепровод и портовый терминал увеличат перевозки по Северному морскому пути. «Восток ойл» — проект «Роснефти» по освоению новой нефтегазовой провинции с ресурсной базой 7 млрд т нефти.","Sat, 05 Sep 2026 21:27:18 +0300","Игорь Сечин, «Роснефть», Владимир Путин, «Восток ойл»","Церемония запуска нефтяного проекта «Восток ойл», на которой Сечин провел историческую параллель с открытием западно-сибирской нефти.",5 сентября 2026 года,"Прямых последствий для GS Labs нет. Возможные эффекты связаны с общеэкономическим развитием Арктики и инфраструктуры, но не затрагивают ИТ-отрасль, телеком или регулирование ПО.",Восток ойл; Роснефть; Сечин; Путин; нефть,noise,"Новость о нефтяном проекте не касается сферы GS Labs — разработки ПО для цифрового ТВ, OTT и защиты контента. Влияния на реестр российского ПО, телеком-регулирование или деятельность компании нет.",false,"Запуск проекта «Восток ойл» можно сравнить с открытием западно-сибирской нефти в советское время. Такое мнение озвучил главный исполнительный директор «Роснефти» Игорь Сечин на церемонии запуска проекта.

Обращаясь к президенту России Владимиру Путину, который участвовал в церемонии в режиме видеоконференцсвязи, Сечин отметил, что идет загрузка танкера «Валентин Пикуль», а на рейде ожидает афрамакс «Академик Губкин» дедвейтом 120 000 т, также построенный на верфи «Звезда». Глава «Роснефти» поздравил Путина с днем рождения новой российской нефтяной провинции «Восток ойл».

«Это событие стоит в одном ряду с такими великими подвигами, как открытие западно-сибирской нефти в советское время», – сказал Сечин.

По его словам, все сотрудники «Роснефти» и сотни тысяч поставщиков, подрядчиков, строителей, металлургов, транспортников, причастных к этому проекту, воодушевлены.

Путин заявил, что новый нефтепровод и портовый терминал позволят увеличить объемы перевозок по Северному морскому пути. Реализацию «Восток ойла» президент назвал частью работы по развитию Сибири, Арктики и Дальнего Востока, в том числе по созданию трансарктического транспортного коридора.

«Восток ойл» – проект по освоению новой нефтегазовой провинции, который по поручению Путина реализует «Роснефть». Его ресурсная база составляет 7 млрд т малосернистой нефти с содержанием серы 0,01–0,1%",Ведомости,proxy/deepseek-v4-flash
Телеспутник,Выпуск «Телеспутник-Экспресс» рассказал о стандарте 5G и причинах его отсутствия в России,«Телеспутник-Экспресс»: что из себя представляет мобильная связь 5G,https://telesputnik.ru/materials/telekom/video/telesputnik-ekspress-cto-iz-sebya-predstavlyaet-mobilnaya-svyaz-5g,Дмитрий Тарасов,Технологии,Низкий,"В новом выпуске «Телеспутник-Экспресс» авторы планируют разобраться, что представляет собой стандарт мобильной связи 5G и почему он до сих пор не внедрён в России. Текст является анонсом видеоматериала и не содержит развёрнутой информации.","Fri, 04 Sep 2026 19:30:00 +0300",«Телеспутник-Экспресс»,"Вышел выпуск «Телеспутник-Экспресс», посвящённый стандарту 5G и его отсутствию в России",4 сентября 2026 года,"В материале нет конкретных последствий, так как это анонс видеовыпуска. Обсуждение 5G может косвенно затрагивать перспективы телеком-отрасли, но детали не раскрыты.",5G; мобильная связь; Россия; Телеспутник-Экспресс; видеовыпуск,low,"Тема 5G относится к телеком-инфраструктуре, но в материале нет упоминаний о продуктах GS Labs или регулировании, влияющем на компанию. Потенциально развитие 5G может открыть новые сценарии для OTT-сервисов, однако сейчас это общий обзор.",true,Что из себя представляет новый стандарт связи и почему до сих пор не появился в России? Разбирались в новом выпуске «Телеспутник-Экспресс».,Телеспутник,proxy/deepseek-v4-flash
Телеспутник,Греф заявил о росте вклада ИИ в ВВП России менее 1% до 2030 года,Герман Греф оценил вклад искусственного интеллекта в экономику РФ,https://telesputnik.ru/materials/money/news/german-gref-ocenil-vklad-iskusstvennogo-intellekta-v-ekonomiku-rf,Андрей Кондратьев,Экономика,Низкий,"Председатель правления Сбербанка Герман Греф на ВЭФ-2026 оценил текущий вклад ИИ в ВВП России менее чем в 1%, ожидая после 2030 года ежегодный прирост около 0,5% ВВП. Он прогнозирует ""взрывной рост"" влияния ИИ на экономику в ближайшие 3-4 года. Новость носит общеэкономический характер и не связана напрямую с регулированием или рынком ТВ/OTT.","Fri, 04 Sep 2026 17:26:00 +0300","Сбербанк (Герман Греф), ТАСС, ВЭФ-2026",Герман Греф на ВЭФ оценил влияние ИИ на ВВП России менее чем в 1% до 2030 года,"4 сентября 2026 года, ВЭФ во Владивостоке","Для отрасли – подтверждение курса на развитие ИИ, возможное будущее стимулирование ИИ-разработок. Прямых последствий для GS Labs нет, кроме косвенного контекста цифровизации.",ИИ; экономика; ВЭФ; прогноз,noise,"Это общеэкономическая новость о вкладе ИИ в ВВП, не касается рынка цифрового ТВ, CAS/DRM или ИТ-аккредитации, поэтому не влияет на деятельность GS Labs.",false,"Влияние технологий искусственного интеллекта на валовой внутренний продукт России в настоящее время оценивается менее чем в 1%. Однако, как сообщает ТАСС со ссылкой на заявление председателя правления Сбербанка Германа Грефа, сделанное в ходе Восточного экономического форума (ВЭФ), после 2030 года ожидается качественный скачок в эффективности внедрения данных решений.

По словам главы Сбербанка, воздействие ИИ на экономические процессы будет нарастать постепенно.

«Влияние будет нарастать постепенно, до 2030 года оно оценивается до 1% ВВП, а затем примерно полпроцента ВВП ежегодно. Ни одна технология не оказала такого драматического влияния на развитие экономики», — подчеркнул Герман Греф.

Он также добавил, что в ближайшие три-четыре года рынок ожидает «взрывной рост» и фундаментальные изменения в привычных бизнес-процессах, к которым необходимо готовить кадры.

Восточный экономический форум проходит с 1 по 4 сентября 2026 года во Владивостоке на базе кампуса Дальневосточного федерального университета. Ключевой темой мероприятия в текущем году стало развитие Дальнего Востока.

Ранее «Телеспутник» сообщал, что разработчикам отечественного ИИ могут предоставить налоговые вычеты. Эти меры позволят компаниям возместить расходы на разработку моделей и закупку необходимого оборудования.

Иллюстрация: 123rf",Телеспутник,proxy/deepseek-v4-flash
Телеспутник,Сергей Ладан рассказал об ожиданиях заказчиков от отечественных ИТ-разработчиков,"В «Комфортеле» рассказали, чего заказчики ждут от отечественных ИТ-разработчиков",https://telesputnik.ru/materials/companies/news/v-komfortele-rasskazali-cego-zakazciki-zdut-ot-otecestvennyx-it-razrabotcikov,Андрей Кондратьев,Экономика,Низкий,"Сергей Ладан в публикации, распространяемой Telegram-каналом Axoft/«Комфортел», заявил, что импортозамещение часто воспринимается заказчиками как затратное и остаётся частичным. Он призвал создавать простые, надёжные и доступные отечественные ИТ-продукты, а не заменять решения формально. Также отмечены экспортный потенциал российских вендоров на рынках Азии, Латинской Америки и Африки и потребность в подготовке кадров.","Fri, 04 Sep 2026 16:50:00 +0300","Сергей Ладан, «Комфортел» (Telegram-канал Axoft), заказчики ИТ-решений","Опубликовано экспертное мнение о том, что заказчики ждут от российских ИТ-разработчиков простые, надёжные и доступные продукты, а не формальную замену импортного ПО",04.09.2026 — дата публикации в Telesputnik; время высказывания не указано,"Прямых регуляторных последствий нет. Для GS Labs тезисы могут быть полезны как рыночный сигнал о ценности простых и надёжных продуктов, но материал не затрагивает телеком, реестр российского ПО или конкретные решения компании.",импортозамещение; отечественное ПО; ИТ-рынок; Axoft; Комфортел; Сергей Ладан,low,"Материал не касается продуктов GS Labs, реестра российского ПО или телеком-регулирования. Его можно учитывать как общий рыночный контекст для российских ИТ-вендоров.",true,"По словам эксперта, за последние четыре года импортозамещение стало для бизнеса и госсектора синонимом значительных затрат. При этом, по его словам, модернизация инфраструктуры часто остается частичной: новые продукты внедряются в отдельных сегментах или просто остаются невостребованными. Ладан подчеркнул, что импортозамещение должно быть не формальной заменой одного продукта другим, а концептуальным подходом к развитию всей IT-инфраструктуры.

«У многих заказчиков импортозамещение ассоциируется с дорогими и сложными решениями. На деле бизнесу нужны продукты, которые просто работают, выполняют свои задачи и стоят адекватных денег. Российскому рынку нужны свои условные ""АК-47"" — простые, надёжные и доступные решения. Чем больше таких продуктов будет появляться, тем быстрее будет меняться отношение к отечественным вендорам», — приводит слова Сергея Ладана Telegram-канал компании Axoft.

Эксперт также добавил, что у отечественных вендоров есть потенциал для выхода на рынки Юго-Восточной Азии, Латинской Америки и Африки, что позволит им получать реальную обратную связь и лучше понимать потребности бизнеса.

Говоря о кадровой ситуации, Ладан обратил внимание, что рынок специалистов формируется заново, и именно они во многом определяют, станет ли импортозамещение возможностью для развития или останется раздражителем. По его мнению, заказчикам важно давать вендорам честную обратную связь, а разработчикам — не только продавать продукты, но и обучать специалистов работе с ними.

Ранее в июле «Телеспутник» сообщал, что молодежь стала больше интересоваться рабочими профессиями, чем занятостью в IT-сфере.

Фото: 123RF",Телеспутник,proxy/deepseek-v4-flash
Телеспутник,Телеканал «Большой эфир» начал показ шоу «Без сценария» с 4 сентября,Теперь и на федеральном ТВ: шоу «Без сценария» выходит в «Большом эфире»,https://telesputnik.ru/materials/companies/news/teper-i-na-federalnom-tv-sou-bez-scenariya-vyxodit-v-bolsom-efire,Андрей Кондратьев,Общество,Низкий,"Шоу «Без сценария», созданное Президентским фондом культурных инициатив, с 4 сентября выходит на федеральном телеканале «Большой эфир». Ведущие Роман Карманов и Олеся Гарипова беседуют с известными артистами и режиссёрами. Канал доступен на спутнике, в приложении «Триколор Кино и ТВ» и в онлайн-кинотеатре.","Fri, 04 Sep 2026 15:59:00 +0300","Президентский фонд культурных инициатив, Роман Карманов, Олеся Гарипова, телеканал «Большой эфир», «Триколор», Михаил Анисимов, Дмитрий Маликов",Старт показа шоу «Без сценария» на федеральном телеканале «Большой эфир».,Еженедельно с 4 сентября 2026 года; публикация — 4 сентября 2026 года.,"Новость расширяет контентную линейку «Триколора», но не затрагивает ПО для ТВ/OTT, защиту контента или регулирование. Для GS Labs последствий нет.",Без сценария; Большой эфир; Триколор; ТВ-контент; Президентский фонд культурных инициатив,noise,"Это контентно-медийное событие, а не новость о технологиях или регулировании. Не связано с продуктами GS Labs (CAS/DRM, EPG, OTT), реестром российского ПО или телеком-регулированием.",false,"Шоу «Без сценария» Президентского фонда культурных инициатив – альтернативная творческая площадка для неформальных бесед о прекрасном: от классического искусства до креативных индустрий. Ведущие шоу – генеральный директор Президентского фонда культурных инициатив Роман Карманов и Олеся Гарипова – беседуют с гостями без сценария, что позволяет зрителям увидеть известных на всю страну артистов, музыкантов и режиссеров в непривычном ракурсе.

В рамках большого дебюта на телеканале «Большой эфир» зрители смогут посмотреть эпизоды шоу с участием таких известных гостей, как народная артистка России Анита Цой, народный артист России Александр Олешко, народный артист России Игорь Угольников, заслуженный артист России Андрей Мерзликин, и многих других.

«Премьера проекта “Без сценария” в “Большом эфире” — значимое событие для российского телевидения и закономерный ответ на запрос аудитории, которая ищет качественный и вдохновляющий контент. Уверены, что шоу, уже завоевавшее популярность в интернете, получит новый масштаб и импульс благодаря выходу на федеральном канале и станет доступно аудитории “Триколор”, а это более 40 миллионов зрителей по всей стране», — говорит генеральный продюсер «Триколор» Михаил Анисимов.

Лучшие эпизоды проекта будут выходить еженедельно с 4 сентября на телеканале «Большой эфир». В гостях первого эфира – народный артист России Дмитрий Маликов. В беседе с ведущими музыкант вспомнил, как в 18 лет покорил страну с песней «Лунный сон», раскрыл секрет баланса между «Пианоманией» и вирусными роликами с его участием и объяснил, почему искусственный интеллект никогда не заменит настоящих композиторов.

Телеканал «Большой эфир» доступен как на спутнике, так и в мобильном приложении «Триколор Кино и ТВ» и на сайте одноименного онлайн-кинотеатра бесплатно и без регистрации.

Фото: 123rf",Телеспутник,proxy/deepseek-v4-flash
Телеспутник,"ФСБ расширила требования к криптографической защите на внешние сервисы, обеспечивающие работу госсистем",ФСБ ужесточила требования к криптозащите внешних сервисов для госсистем,https://telesputnik.ru/materials/gov/news/fsb-uzestocila-trebovaniya-k-kriptozashhite-vnesnix-servisov-dlya-gossistem,Андрей Кондратьев,Регулирование,Средний,"ФСБ приказом № 321 от 22 августа расширила требования по криптографической защите информации на внешние облачные сервисы и аппаратное обеспечение, которые не входят в состав ГИС, но обеспечивают их функционирование. Это дополняет постановление правительства № 1024 от 18 августа 2026 года, вступившее в силу 1 сентября, обязывающее операторов размещать компоненты сервисов в РФ и выполнять другие требования. Ранее сертифицированные СКЗИ требовались только для компонентов, непосредственно интегрированных в ГИС.","Fri, 04 Sep 2026 15:26:00 +0300","ФСБ России, Минцифры, операторы ГИС и внешних сервисов, хостинг-провайдеры, ТПП РФ","Установлены новые требования к криптозащите внешних облачных сервисов и оборудования, обеспечивающих функционирование государственных информационных систем",Приказ ФСБ № 321 от 22 августа 2026 года; постановление правительства № 1024 действует с 1 сентября 2026 года; публикация 4 сентября 2026 года,"Ужесточение регулирования в сфере ИБ: внешние сервисы, работающие с ГИС, обязаны использовать сертифицированные СКЗИ и выполнять требования по размещению в РФ, резервному копированию и уведомлению об инцидентах. Для GS Labs важно, если продукты используются в интеграциях с ГИС или операторами, подключающимися к госсистемам, — может потребоваться сертификация/соответствие. Также возможен рост затрат для хостеров и облачных провайдеров, что косвенно затрагивает рынок.",криптозащита; СКЗИ; ФСБ; ГИС; облачные сервисы; регулирование; информационная безопасность,medium,"GS Labs разрабатывает ПО для ТВ/OTT с DRM и CAS, но прямое отношение к ГИС не из текста. Продукты реестровые, компания работает в телекоме, который может взаимодействовать с ГИС (например, через операторов). Если решения GS Labs используются во внешних сервисах для ГИС — потребуется соответствие новым требованиям к СКЗИ, но в тексте нет прямого упоминания.",true,"ФСБ расширило требования по криптографической защите информации. Теперь правила распространяются не только на сами государственные информационные системы (ГИС) и их внутренние компоненты, но и на внешние облачные сервисы и аппаратное обеспечение, которые не входят в состав ГИС напрямую, но обеспечивают их функционирование. Об этом сообщают «Ведомости» со ссылкой на приказ Федеральной службы безопасности № 321 от 22 августа.

В ведомстве подчеркивают, что данные меры направлены на обеспечение комплексной безопасности виртуальных и облачных сред, взаимодействующих с государственными ресурсами. Новые требования призваны закрыть потенциальные уязвимости в инфраструктуре, которая ранее оставалась вне зоны действия жестких регуляторных норм в части криптографии.

По мнению экспертов, внедрение специальных правил для внешних сервисов стало логическим продолжением законодательных инициатив, в частности закона № 568-ФЗ от 29 декабря 2025 года, который регулирует порядок создания ГИС и устанавливает обязанности для операторов. Ранее требования к применению сертифицированных средств криптографической защиты касались исключительно компонентов, непосредственно интегрированных в государственные системы.

Дополнительным стимулом для ужесточения контроля стало постановление правительства № 1024 от 18 августа 2026 года, вступившее в силу 1 сентября. Документ обязал операторов размещать компоненты сервисов на территории России, обеспечивать регулярное резервное копирование данных, оперативно уведомлять об инцидентах безопасности, а также четко разграничивать зоны ответственности между заказчиком и поставщиком в рамках контрактных отношений. Приказ ФСБ дополняет эти нормы техническими требованиями к защите данных.

Напомним, в июле Торгово-промышленная палат РФ предложила отложить ужесточение требований к хостинг-провайдерам госсистем. ТПП выступила с критикой проекта Минцифры, опасаясь роста затрат хостинг-провайдеров при работе с государственными системами. Эксперты настаивают на введении переходного периода.

Фото: 123rf",Телеспутник,proxy/deepseek-v4-flash
Телеспутник,Организаторы форума «Микроэлектроника-2026» анонсировали темы предконференции по доверенной электронике и КИИ.,Организаторы «Микроэлектроники» назвали тему первой предконференции,https://telesputnik.ru/materials/novosti-kompanii/news/organizatory-mikroelektroniki-nazvali-temu-pervoi-predkonferencii,Андрей Кондратьев,Технологии,Низкий,"Организаторы форума «Микроэлектроника 2026» представили программу первой предконференции, которая пройдет в Москве в очном и онлайн-форматах. Мероприятие объединит более 50 докладов в пяти тематических блоках, ключевые из которых — доверенная электроника, стандартизация и испытания электронной компонентной базы для объектов критической информационной инфраструктуры. Основной форум запланирован с 27 сентября по 3 октября 2026 года на федеральной территории «Сириус».","Fri, 04 Sep 2026 14:21:00 +0300","Организаторы форума «Микроэлектроника 2026», НИЯУ МИФИ, АО «ЭНПО СПЭЛС», Госкорпорация «Росатом», АО «НПО КИС»","Объявлены темы и структура первой предконференции форума «Микроэлектроника-2026», посвященные доверенной электронике, ЭКБ и стандартизации для КИИ.",Дата предконференции не указана; основной форум «Микроэлектроника 2026» — 27 сентября — 3 октября 2026 года в «Сириусе».,"Для отрасли микроэлектроники и КИИ возможна консолидация требований к доверенной ЭКБ и программно-аппаратным комплексам, развитие национальных стандартов и сертификации. Для GS Labs это скорее фоновое событие: изменения стандартов для регулируемых рынков КИИ могут в перспективе повлиять на требования к программно-аппаратным решениям.",Микроэлектроника; КИИ; доверенная электроника; стандартизация; Программно-аппаратные комплексы; конференция; ЭКБ,low,"Прямого влияния на GS Labs нет: мероприятие посвящено микроэлектронике и доверенной ЭКБ, а не ПО для ТВ/OTT. Косвенный интерес может представлять стандартизация доверенных программно-аппаратных комплексов для КИИ, если компания будет выводить свои решения на регулируемые рынки.",true,"Мероприятие объединит специалистов научных организаций, промышленных предприятий, вузов и органов управления для обсуждения перспектив создания, применения и обеспечения работоспособности электронной компонентной базы, радиоэлектронной аппаратуры и программно-аппаратных комплексов. Программа включает 50+ докладов в пяти тематических блоках.

Традиционным направлением предконференции останется экстремальная электроника – блок «Экстремальная электроника» (модератор – к.т.н., доцент каф. 3 НИЯУ МИФИ и директор испытательного центра АО «ЭНПО СПЭЛС» Георгий Викторович Чуков ). Специалисты обсудят создание и испытания изделий, предназначенных для работы при радиационных воздействиях, расширенных температурах, повышенных электрических нагрузках, электромагнитных помехах и других внешних дестабилизирующих факторах.

В последнее время важным вызовом стало импортозамещение технологического оборудования, актуальные вопросы которого будут рассмотрены в следующем блоке «Технологическое и контрольно-измерительное оборудование» (модератор – к.т.н., доцент каф. 3 НИЯУ МИФИ, зам. генерального директора по испытаниям АО «ЭНПО СПЭЛС» Анастасия Владиславовна Уланова ).

Проектированию, разработке и изготовлению изделий микроэлектроники разных классов (от СВЧ до пассивных) будет посвящен отдельный блок докладов «Разработка и производство ЭКБ микроэлектроники, СВЧ, фотоники, микросистемной техники, пассивки» (модератор – к.т.н., директор Дизайн центра твердотельной аналого-цифровой СВЧ электроники НИЯУ МИФИ Николай Александрович Усачёв ).

Особое место в программе будет отведено вопросам обеспечения и подтверждения доверенности электронной продукции в рамках двух тематических блоков «Доверенная электроника» и «Развитие стандартизации в доверенной электронике» (модератор – к.т.н., зам. директора Аттестационно-испытательного центра ИБ и СЗИ НИЯУ МИФИ Леонид Николаевич Кессаринский ). Участники обсудят, какие требования должны предъявляться к электронной компонентной базе, радиоэлектронным устройствам и программно-аппаратным комплексам для объектов критической информационной инфраструктуры, а также каким образом соответствие этим требованиям должно обеспечиваться и подтверждаться на разных стадиях жизненного цикла изделий.

Целый день будет посвящен обсуждению подходов к стандартизации в относительно новой области – электроники для критической информационной инфраструктуры при сомодераторстве экспертов госкорпорации «Росатом» и НИЯУ МИФИ. К участию приглашены к.т.н., заместитель председателя ТК 167, руководитель проекта Госкорпорации «Росатом» Дмитрий Владимирович Гоголев и руководитель центрального органа СДС «КИИ-СЕРТ», руководитель направления по оценке соответствия и стандартизации АО «НПО КИС», ответственный секретарь ТК 167 Иван Сергеевич Гребенников.

В центре дискуссии окажутся подтвержденные качество и безопасность электронной продукции. В понятие качества входят работоспособность, надежность и стойкость к режимам и условиям эксплуатации, а безопасность включает информационную, технологическую и функциональную составляющие. Отдельное внимание планируется уделить контролируемости жизненного цикла электронной компонентной базы, прослеживаемости её происхождения и производства, выявлению контрафактной продукции и недекларированных возможностей.

Участники рассмотрят вопросы разработки национальных стандартов, сертификации доверенных ПАК и ЭКБ, формирования требований к испытаниям и подтверждения соответствия продукции к предполагаемым условиям эксплуатации. Значительная часть программы будет посвящена практическим механизмам обеспечения доверенности: контролю проектных и технологических решений, верификации, испытаниям, оценке надёжности и стойкости, а также сохранению подтвержденных свойств электронной продукции на стадиях производства, поставки и эксплуатации.

Мероприятие пройдет в очном и онлайн-форматах по адресу: Москва, проспект Андропова, дом 18, корпус 5.

Предконференция станет московским этапом подготовки к основной программе российского форума «Микроэлектроника 2026», который пройдет с 27 сентября по 3 октября на федеральной территории «Сириус». Обсуждение вопросов доверенной электроники продолжится в рамках трека обзорно-дискуссионных заседаний «Доверенные ПАК и ЭКБ для регулируемых рынков критической информационной инфраструктуры».

Актуальная информация, формирующаяся программа и условия участия опубликованы на официальной странице Предконференции №1.",Телеспутник,proxy/deepseek-v4-flash
Телеспутник,"Минцифры рассматривает реформу лицензирования операторов связи: три уровня лицензий, рост взносов в РУО и ужесточение требований",Три лицензии и удар по регионам: как в России могут измениться правила игры на телеком-рынке,https://telesputnik.ru/materials/gov/article/tri-licenzii-i-udar-po-regionam-kak-v-rossii-mogut-izmenitsya-pravila-igry-na-telekom-rynke,Андрей Кондратьев,Регулирование,Средний,"Минцифры прорабатывает реформу телеком-рынка, предполагающую замену действующих 20 лицензий на три уровня (базовая, универсальная, генеральная), запрет оказания услуг связи индивидуальными предпринимателями, обязательное подключение к СОРМ, рост отчислений в резерв универсального обслуживания (РУО) с 2% от выручки до фиксированного 1 млн рублей. Также обсуждается создание «системообразующего оператора», способного управлять сетями и абонентскими базами операторов, утративших лицензию. Решения пока не приняты, Минцифры заявляет о сборе замечаний и рассмотрении альтернативной модели аварийного оператора, предложенной АМОР.","Fri, 04 Sep 2026 13:31:00 +0300","Минцифры РФ, операторы связи, АСТО, АМОР, «Ростелесеть»",Инициатива реформы лицензирования и регулирования операторов связи,"Сроки не определены, решения не приняты; возможное принятие после выборов в Госдуму (октябрь 2026)","Уход с рынка значительной части малых операторов (до 4,6 тыс. компаний) может сократить каналы дистрибуции ТВ-услуг и контента, снизить конкуренцию и замедлить внедрение отечественного ПО в регионах. Для GS Labs это означает потенциальное сокращение клиентской базы среди малых операторов, но возможно усиление крупных операторов — потенциальных заказчиков.",лицензирование; операторы связи; Минцифры; РУО; СОРМ; реформа телекома,medium,"Реформа затрагивает рынок телекома, на котором работают клиенты GS Labs. Сокращение малых операторов может уменьшить потенциальный спрос на продукты CAS/DRM и OTT-платформы, однако крупные операторы, вероятно, сохранят и усилят позиции. Прямого влияния на реестр или аккредитацию нет.",true,"Телекоммуникационный рынок России ожидает новая фундаментальная реформа. Тектонические изменения в отрасли связи могут поставить под удар более 4,6 тысяч малых операторов, а также более 50 млн граждан страны. Сильнее всего от ужесточения регулирования пострадают жители малых и отдаленных населенных пунктов.

Первые разговоры о существенных изменениях, которые готовятся Министерством цифрового развития РФ, появились в СМИ и отраслевых информационных ресурсах в апреле. Реформу тут же назвали «переделом рынка», поскольку настолько масштабных изменений отрасль связи в России ранее не видела. Ключевых изменений три: введение новой системы лицензирования, ужесточение требований к уже существующим компаниям и повышение взноса в резерв универсального обслуживания (РУО).

Новая система лицензирования предполагает переход к уровням, которые будут привязаны к масштабу деятельности оператора связи. Так, вместо сегодняшних 20 лицензий, на рынке всего будет три: базовая, универсальная и генеральная.

Касательно ужесточения требований, то они коснутся формы юридического лица. Реформа связи предполагает запрет на оказание услуг индивидуальными предпринимателями и обязательное подключение к системе оперативно-розыскных мероприятий (СОРМ).

Что до отчислений в РУО, то их предполагается поднять до 1 млн рублей вместо 2% от размера выручки.

Фото: 123rf

В Минцифры не отрицают, что подобная реформа действительно рассматривается. Так, например, в ответ на запрос «Телеспутника» в июне в ведомстве пояснили, что «никаких решений не принято», а регулятор «получает замечания и предложения от заинтересованных ведомств по возможным изменениям условий работы операторов связи». Однако сведения, имеющиеся у представителей отраслевых ассоциаций, неутешительны — реформа связи находится в крайней степени готовности и может «увидеть свет» уже в октябре, после выборов в Госдуму.

В рамках пресс-конференции АСТО представила карту рынка — пересчёт региональных операторов связи, основанный на данных Роскомнадзора и Федеральной налоговой службы. Согласно им, рынок региональных операторов сегодня насчитывает около 4 680 компаний. В 2025 году из совокупная выручка составила более 425 млрд рублей.

«Цифры реформы на первый взгляд не выглядят запредельными. Реальность в том, что огромную часть рынка делают малые операторы с выручкой 100–200 миллионов рублей в год. Один финансовый барьер создаёт серьёзные проблемы в десятках субъектов. В 27 регионах рынок местных операторов исчезает полностью», — считает Алексей Леонтьев.

По мнению президента ассоциации «Ростелесеть» Олега Грищенко, существенные изменения в отрасли связи способны негативно сказаться не только на удаленных и малых населенных пунктах, а также уровне проникновения связи в городах-миллионниках и новых регионах России.

«Мы выделяем три кластера — это малые населенные пункты (малые города, поселки, деревни), это очень крупные города и третья территория, это новые регионы. Начнем с малых городов: почему они пострадают? Сейчас все операторы платят 2% в РУО. На эти деньги государство развивает проект устранения цифрового неравенства, чтобы малые населенные пункты были обязательно подключены к интернету. В чем специфика малых населенных пунктов: как правило они находятся далеко от крупных городов, они подключены автономно и в них не работают федеральные операторы. Если и работают, то только один, который исторически имеет там инфраструктуру, но у этого федерального оператора там отсутствуют сотрудники, они приезжают раз в одну-две недели для того, чтобы устранять заявки», — объясняет Олег Грищенко.

Часто такие небольшие телеком-компании, созданные на местах энтузиастами, имеют небольшой оборот около 10 млн рублей. Поэтому введение фиксированной выплаты в РУО размером в 1 млн рублей может составлять до 10% от оборота, что может привести к коллизии между целями государства по устранению цифрового неравенства и экономической действительностью.

«То есть это отчисления, которые становятся выше, чем налоги. И эти отчисления уходят куда? На то, чтобы устранить цифровое неравенство. То есть мы убиваем существующие сети для того, чтобы якобы формально построить какие-то кому-то сети, при этом непонятно, будут ли они реально востребованы. При этом мы убиваем этот рынок», — рассуждает президент «Ростелесети».

Говоря о том, каким будет негативное влияние для городов-миллионников, представители рынка обращают внимание на требования охвата, по которому оператор должен иметь 20-30% проникновения в многоквартирные дома (МКД). Однако сегодня специфика крупных городов заключается в развитии частных секторов и есть операторы связи, которые специализируются на этом сегменте аудитории. Для них выполнить требования по проникновению в МКД будет нереально.

Если же говорить про новые регионы, то там местные компании поддерживают связи для населения и военных в тяжелых условиях и уже существенно закредитованы из-за требования по СОРМ.

Другим нововведением, заложенным в реформу связи, является создание так называемого «системообразующего оператора», который сможет получать в управление сети и абонентские базы других компаний, если те утратят лицензию. По данным Ассоциации малых операторов связи (АМОР), Минцифры готовит пакет законодательных изменений, который может изменить модель всего телеком-рынка и создать механизм перераспределения активов.

Ранее соответствующая правовая позиция была направлена АМОР в адрес руководителя аппарата правительства РФ Дмитрия Григоренко и главы Минцифры Максута Шадаева. В ассоциации подчеркивают: цель сохранения непрерывности услуг легитимна, однако «предложенный механизм выходит далеко за пределы этой цели». Игроки рынка опасаются, что лицензионное регулирование может превратиться в механизм распределения активов и клиентов.

Предполагается, что ядром изменений станет обязанность операторов заключать договор с системообразующим оператором, имеющим генеральную лицензию. Пока обычный оператор сохраняет статус, договор является «спящим». При утрате лицензии и наличии абонентов он должен начать исполняться. Системообразующий оператор получает право управлять сетью, обслуживать абонентов, подключать новых, а в будущем — выкупить сеть с преимущественным правом. Бывший владелец сможет рассчитывать на компенсацию лишь части затрат на содержание сети.

Представители АМОР считают несоразмерным цели превращение временной меры защиты абонентов в коммерческое освоение имущества конкурента, а компенсация, которая будет полагаться оператору, окажется недостаточной.

Вместо системообразующего оператора АМОР предлагает создать институт аварийного (резервного) оператора. Каждая компания могла бы заключить «спящий» договор, который вступает в силу только при фактической угрозе массового прекращения услуг. Управление сетью резервный оператор получает на ограниченное время (до 6 месяцев), новые коммерческие подключения запрещены, право преимущественного выкупа отсутствует. Владелец сети сможет рассчитывать на объективно определяемую компенсацию без риска, что его бизнес выкупят.

В Минцифры в ответ на предложения ассоциации ответили, что приняли во внимание и прорабатывают альтернативные варианты реформирования отрасли, в том числе модель аварийного (резервного) оператора связи.

﻿ «В настоящее время Минцифры России прорабатывает предложенные вами альтернативные варианты реформирования отрасли связи, в том числе модель аварийного (резервного) оператора связи. Благодарим вас за предложения и проявление гражданской позиции», — говорится в ответе министерства, подписанном врио директора департамента государственного регулирования рынка телекоммуникаций Денисом Ляшенковым.

Игорь Дорофеев, президент Ассоциации участников отрасли центров обработки данных, считает, что реформа связи может затормозить развитие распределенной инфраструктуры ЦОД.

По его словам, связность центров обработки данных играет фундаментальную роль: именно каналы связи позволяют ЦОДам отдавать цифровые сервисы не только гражданам, но и организациям. Однако сегодняшняя ситуация с доступностью операторов неравномерна. Как отметил Дорофеев, в столичном регионе в любом ЦОДе насчитывается 50–70 операторов связи, а за пределами МКАДа — хорошо если 3–4, и это считается достаточным минимумом для функционирования.

«С точки зрения перспективы, обработка данных сегодня движется в распределение, — пояснил эксперт. — Сейчас у нас фактически существуют сети ЦОДов иерархического характера на один-два уровня, но уже в перспективе ближайших 5–10 лет количество уровней технологически должно расти. То есть будет фактическое распределение центров обработки данных по уровню задержки клиентов».

Однако, по мнению Дорофеева, изменения, заложенные в реформе, могут привести к обратному эффекту: периферийный сегмент, который обслуживает массовых абонентов, окажется под угрозой вымывания.

Сжатие слоя малых и средних операторов связи нанесёт серьёзный удар по независимым разработчикам ПО, дистрибьюторам контента и производителям оборудования. Такое мнение озвучил глава комитета по телекоммуникациям АРПП «Отечественный софт» Николай Михайлов.

По его словам, малые операторы долгое время служили полигоном для обкатки отечественных биллингов, DPI, медиаплатформ и систем защиты контента. Крупные игроки, как правило, неохотно ставят непроверенный софт и предпочитают закрывать потребности внутренней разработкой через индустриальные центры компетенций.

Он также обратил внимание на бюджетные последствия: уход операторов обернётся для государства расходами на переподключение абонентской базы.

Также реформа связи ставит вопрос о будущем рынка платного телевидения. Обсуждаемые министерством изменения в регулировании отрасли вызвали серьезное беспокойство у вещателей и операторов, которые за последние два десятилетия выстроили устойчивую систему дистрибуции контента.

По мнению экспертов, региональные операторы связи выступают важным буфером, обеспечивающим доступ к рынку для крупных федеральных сетей и формирующим значительную часть доходов. Исключение малых компаний из числа активных игроков операторского рынка неизбежно приведет к снижению конкуренции и усилению позиций монополистов.

Специалисты опасаются, что подобные структурные сдвиги негативно скажутся на качестве предоставляемых услуг связи для конечных потребителей.",Телеспутник,proxy/deepseek-v4-flash
Телеспутник,Генеральный адвокат Суда ЕС рекомендовал отменить санкции против «Мегафона»,В ЕС рекомендовали отменить санкции против одного из российских мобильных операторов,https://telesputnik.ru/materials/hipe/news/v-es-rekomendovali-otmenit-sankcii-protiv-odnogo-iz-rossiiskix-mobilnyx-operatorov,Андрей Кондратьев,Политика,Низкий,"Генеральный адвокат Суда ЕС Андреа Бьонди опубликовал заключение, в котором рекомендовал отменить первоначальные санкции ЕС против «Мегафона». Он указал, что у Совета ЕС не было доказательств поддержки оператором российского ВПК, а Общий суд допустил правовые ошибки. Также адвокат отметил нарушение права «Мегафона» на эффективную судебную защиту.","Fri, 04 Sep 2026 11:31:00 +0300","Генеральный адвокат Суда ЕС Андреа Бьонди, Совет ЕС, Общий суд ЕС, «Мегафон»",Генеральный адвокат рекомендовал отменить санкции ЕС против «Мегафона» из-за отсутствия доказательной базы,Заключение опубликовано 4 сентября 2026; санкции введены в феврале 2023; в январе 2025 Общий суд ЕС отклонил иск оператора,"Если Суд ЕС примет рекомендацию, первоначальные санкции против «Мегафона» могут быть отменены. Для GS Labs прямых последствий нет, так как новость касается оператора связи и судебного процесса в ЕС, а не рынка ПО для ТВ и OTT.",санкции; Мегафон; Суд ЕС; телеком; ЕС,noise,"Новость посвящена санкциям против «Мегафона» и судебному разбирательству в ЕС; GS Labs не упоминается, а её продукты и услуги не связаны с данным санкционным кейсом. Поэтому для компании это шум.",false,"Генеральный адвокат Суда ЕС Андреа Бьонди рекомендовал отменить первоначальные санкционные ограничения, наложенные на российского оператора связи «Мегафон». По мнению представителя суда, на момент принятия ограничительных мер у Совета ЕС отсутствовала необходимая доказательная база для включения компании в санкционный список. Об этом сообщает «Коммерсант» со ссылкой на опубликованное заключение.

Андреа Бьонди подчеркнул, что общий суд ЕС допустил ряд правовых ошибок, когда счел допустимым обоснование санкций ссылкой на «общеизвестный факт» о поддержке оператором российского ВПК. Генеральный адвокат отметил, что в первоначальных актах отсутствовали как прямые ссылки на подобные сведения.

Бьонди также указал на нарушение права «Мегафона» на эффективную судебную защиту. По его словам, после введения ограничений оператор получил лишь общие критерии, по которым он попал под санкции, однако конкретные факты и доказательства, обосновывающие это решение, предоставлены не были. В связи с этим адвокат предложил Суду ЕС удовлетворить ключевые пункты апелляции компании, касающиеся ошибок в оценке доказательств.

«Мегафон» был внесен в санкционный перечень ЕС в феврале 2023 года. Данные меры предполагают усиленные ограничения на экспорт товаров и технологий двойного назначения. В январе 2025 года Общий суд ЕС отклонил иск оператора об отмене ограничений, после чего компания подала апелляцию.

Напомним, в июле Совет ЕС ввел санкции против другой российской компании — холдинга VK. Представители отечественной компании заявили, что рестрикции не повлияют на работу компании и мессенджера «Макс».

﻿ Фото: 132rf

Фото: 132rf",Телеспутник,proxy/deepseek-v4-flash
Телеспутник,Минцифры и участники рынка прорабатывают создание 30–40 межрегиональных ЦОД-хабов,В России прорабатывают создание 30–40 межрегиональных хабов ЦОД,https://telesputnik.ru/materials/trends/news/v-rossii-prorabatyvayut-sozdanie-30-40-mezregionalnyx-xabov-cod,Андрей Кондратьев,Технологии,Низкий,"В России обсуждается создание сети из 30–40 межрегиональных центров обработки данных (ЦОД), каждый из которых сможет обслуживать несколько субъектов. Минцифры совместно с регионами и участниками рынка рассматривает различные предложения по развитию инфраструктуры. Эксперты оценивают стоимость строительства ЦОДа уровня Tier III в 0,9–1,4 млрд руб. за 1 МВт, а потенциальными операторами называются РТК-ЦОД (группа «Ростелеком») и Key Point.","Fri, 04 Sep 2026 10:25:00 +0300","Минцифры, Олег Максименков («Атомдата-центр»), Игорь Дорофеев (ассоциация участников отрасли ЦОД), Петр Истомин, Антон Гущин (ПСМ), РТК-ЦОД, Key Point",Проработка создания 30–40 межрегиональных ЦОД-хабов для обслуживания нескольких субъектов РФ,"Сентябрь 2026 года, стадия проработки; сроки реализации не определены","Для отрасли ЦОД возможно появление десятков региональных кластеров и перераспределение мощностей из Московского региона. Для GS Labs прямых последствий нет; косвенный эффект возможен лишь через развитие инфраструктуры для цифровых сервисов, но это отдалённо и несущественно.",ЦОД; Минцифры; региональные хабы; инфраструктура; ИИ,noise,"Новость не касается продуктов GS Labs (CAS/DRM, OTT, EPG) и не содержит регуляторных или рыночных изменений в сфере цифрового ТВ. Для мониторинга это фоновый шум о строительстве дата-центров.",false,"Как сообщают «Ведомости», под хабом подразумевается строительство одного дата-центра для нескольких регионов. Как заявил генеральный директор «Атомдата-центра» Олег Максименков, компания уже готова включиться в эту работу, однако для реализации потребуется синхронизация интересов потребителей, заказчиков и органов исполнительной власти.

Президент ассоциации участников отрасли ЦОД Игорь Дорофеев подтвердил, что создание кластеров прорабатывается на уровне ряда федеральных округов. Он подчеркнул, что такие центры должны быть «нейтральными» и не зависеть от конкретного оператора. С учетом конкуренции между городами-субмиллионниками, где еще нет развитых локаций, на рынке могут появиться несколько десятков таких объектов, что, по его мнению, более прагматично, поскольку для небольших городов загрузка ЦОДов слабо коррелирует с экономикой.

В Минцифры сообщили, что ведомство совместно с регионами и участниками рынка рассматривает различные предложения по развитию инфраструктуры ЦОД.

Экономическая логика проекта, по оценке эксперта Петра Истомина, заключается в том, что один дорогостоящий вычислительный кластер сможет обслуживать 2–3 субъекта в среднем. При этом строительство здания и инженерной инфраструктуры ЦОДа уровня Tier III сейчас обходится в 0,9–1,4 млрд руб. на 1 МВт IT-мощности, а для хабов с высокой плотностью стоек и усиленным охлаждением эта сумма может превышать 1,5 млрд руб. на 1 МВт, не включая стоимость серверного оборудования, которое для крупных GPU-кластеров может оказаться дороже самой инфраструктуры.

Директор по развитию отрасли ЦОД компании ПСМ Антон Гущин назвал оператора РТК-ЦОД (входит в группу «Ростелеком») наиболее вероятным размещением хабов, так как у компании уже есть крупнейшая геораспределенная сеть и инфраструктура в регионах. Другим примером, но уже в коммерческом сегменте, является сеть Key Point с ЦОДами во Владивостоке, Новосибирске и Екатеринбурге, а также строящимися объектами в Санкт-Петербурге и Дагестане.

По словам Гущина, постепенное формирование крупных региональных центров, способных обслуживать несколько субъектов, выглядит закономерным этапом развития рынка. Это связано с высокой концентрацией ЦОДов в Московском регионе и ограничениями по доступности электроэнергии там, а также с ростом спроса на вычислительные мощности для задач искусственного интеллекта (ИИ), которые требуют еще больше энергии.

Напомним, ранее «Телеспутник» сообщал, что президент России Владимир Путин поддержал инициативу Минпромторга по внедрению специальных инвестиционных контрактов (СПИК) для компаний, которые занимаются строительством центров обработки данных.

Фото: 132rf

Фото: 123rf",Телеспутник,proxy/deepseek-v4-flash
Телеспутник,Ассоциация предупреждает о рисках реформы связи для рынка платного ТВ,Могут просто «выключить»: как реформа связи может отразиться на рынке платного ТВ,https://telesputnik.ru/materials/gov/news/mogut-prosto-vyklyucit-kak-reforma-svyazi-mozet-otrazitsya-na-rynke-platnogo-tv,Андрей Кондратьев,Регулирование,Средний,"На пресс-конференции «Реформа телеком-отрасли: что ждет российский рынок связи?» Олег Грищенко, представляющий отраслевую ассоциацию, заявил, что обсуждаемые Минцифры изменения в отрасли связи вызвали «шок» у телеканалов. Реформа предполагает новую систему лицензирования операторов, запрет на оказание услуг связи индивидуальными предпринимателями, требования по доле выручки и повышение взноса в резерв универсального обслуживания. По мнению экспертов, исключение региональных операторов с рынка снизит конкуренцию и качество услуг. Минцифры пока не приняло решений.","Thu, 03 Sep 2026 17:14:00 +0300","Олег Грищенко, Минцифры, операторы связи, телеканалы, региональные операторы","Обсуждение возможной реформы телеком-отрасли, которая может ужесточить лицензирование операторов и ограничить рынок платного ТВ","Пресс-конференция состоялась 3 сентября 2026 года; решения не приняты, обсуждение идёт с весны","Возможное сокращение числа региональных операторов, снижение конкуренции, усиление зависимости телеканалов от федеральных операторов. Для GS Labs — потенциальное сокращение клиентской базы среди небольших операторов и консолидация рынка.",реформа связи; лицензирование операторов; платное ТВ; Минцифры; региональные операторы,medium,"Новость затрагивает рынок платного ТВ, на котором работают клиенты GS Labs, но прямого влияния на продукты или регуляторный статус компании не описано. Реформа может изменить структуру рынка и число потенциальных заказчиков.",true,"Вопрос будущего рынка платного телевидения был затронут в ходе пресс-конференции «Реформа телеком-отрасли: что ждет российский рынок связи?». Отвечая на вопрос «Телеспутника» Олег Грищенко отметил, что ассоциация сегодня плотно работает с телеканалами. На данном рынке за 20 лет бизнесу удалось выстроить дистрибуцию и тесное взаимодействие, однако обсуждаемые изменения в отрасли связи вызвали «шок».

«Если вы помните, то зарубежные каналы ушли с рынка. Сейчас у нас присутствуют отечественные каналы и контролируемые зарубежные. И для них (обсуждаемая реформа связи) — это шок. Эту реформу мы обсуждали в первый раз весной. Существует целый рынок, который обеспечивает создание и распространение контента. И у них (игроков рынка) отношения с федеральными игроками строятся очень тяжело. Потому что федеральный оператор — это оптовый закупщик контента. Он тебя может просто выключить и у тебя не будет с ним никакого бизнеса», — пояснил Олег Грищенко, отвечая на вопрос «Телеспутника».

Буфер из региональных операторов порой является главным источником доходов, который, в том числе, обеспечивает доступ к рынку крупных федеральных сетей. Исключение региональных компаний как игроков операторского рынка снизит конкуренцию внутри целой отрасли, оставив только монополистов. В результате может значительно снизиться качество услуг связи, обращают внимание эксперты.

Напомним, в настоящее время в отрасли обсуждается ряд изменений на рынке связи, которые готовятся министерством цифрового развития. Среди ключевых ужесточений: введение новое системы лицензирования операторов (создание трех ключевых лицензий), запрет на оказание услуг связи индивидуальным предпринимателями, требования по доли выручки, повышение минимального взноса в резерв универсального обслуживания до 1 млн рублей. В Минцифры на запрос редакции в июле пояснили, что никаких решений не принято, в ведомство «получает замечания и предложения от заинтересованных ведомств по возможным изменениям условий работы операторов связи».

Ранее редакция портала «Телеспутник» провела круглый стол с ключевыми телеком-ассоциациями. Участники дискуссии сошлись во мнении, что законопроект приведёт к массовому вымиранию малых компаний на рынке связи — и не выиграют от этого ни население, ни бизнес, ни даже крупные игроки.

Фото:123RF

Фото: 123rf",Телеспутник,proxy/deepseek-v4-flash
Телеспутник,Ассоциация малых операторов связи предупредила о риске исчезновения региональных операторов в 27 субъектах РФ,Реформа связи способна уничтожить телеком-рынок в 27 регионах России,https://telesputnik.ru/materials/hipe/news/reforma-svyazi-sposobna-unictozit-telekom-rynok-v-27-regionax-rossii,Андрей Кондратьев,Регулирование,Средний,"На пресс-конференции 3 сентября Ассоциация малых операторов связи регионов (АМОР) представила статистику, согласно которой реформа связи Минцифры может привести к уходу с рынка операторов с выручкой до 200 млн рублей. В 27 регионах это оставит рынок без региональных операторов, в 9 регионах рынок сократится более чем на 70%. Данные озвучены для привлечения внимания к проблемам малого бизнеса в телекоме.","Thu, 03 Sep 2026 16:41:00 +0300","Ассоциация малых операторов связи регионов (АМОР/АСТО), Минцифры, региональные операторы",Опубликована статистика о негативных последствиях реформы лицензирования для малых операторов связи,3 сентября 2026 года (пресс-конференция),"Возможное сокращение числа региональных операторов, необходимость передачи их сетей федеральным компаниям, снижение доступности связи в сельских районах. Для GS Labs — потенциальное изменение клиентской базы в сторону укрупнения операторов.",реформа связи; малые операторы; лицензирование; региональный рынок; Минцифры,medium,"Реформа лицензирования может изменить структуру телеком-рынка: уход малых операторов сократит базу потенциальных заказчиков GS Labs, но одновременно укрупнит оставшихся игроков — основных потребителей решений для цифрового ТВ и OTT. Прямого влияния на продукты или реестр ПО нет.",true,"Статистика была озвучена в рамках пресс-конференции «Реформа телеком-отрасли: что ждет российский рынок связи?», которая состоялась 3 сентября на площадке «Российской газеты» и была организована Ассоциацией малых операторов связи регионов (АМОР)

По данным АСТО, сегодня 21% рынка региональных операторов связи занимают компании, годовая выручка которых составляет до 100 млн рублей. При этом 36% рынка занимают операторы с выручкой до 200 млн рублей. Этот сегмент компаний чаще всего обеспечивает связью сельские районы и наиболее подвержен нововведениям, которые предполагает реформа. При этом в различных регионах России выручка телеком-операторов разная, обращает внимание эксперт.

«Регионы крайне неравномерны в плане выручки (телеком-операторов). Москва и Московская область из 425 млрд (общей выручки рынка) забирает 40%. Петербург вместе с Ленинградской областью занимают 10%. То есть Москва и Петербург с областями — половина рынка региональных операторов. Все остальные регионы живут в совсем иных условиях, потому что города беднее, люди беднее, экономика слабее. Какой рынок региональных операторов останется, если убрать с рынка операторов с выручкой менее 200 млн рублей в год? В 27 субъектах Российской Федерации останется ноль региональных операторов. Никого не будет. Их сети нужно будет подхватывать федеральным компаниям», — обращают внимание в АСТО.

Согласно представленной статистике, ужесточение правил работы на рынке связи и уход малых операторов способно оставить без малого телеком-бизнеса такие регионы, как Республику Марий Эл, Чукотку, Алтай, Кабардино-Балкарию, Забайкалье, Коми, Чувашию, Калмыкию, Ингушетию, Мордовию, а также Брянскую, Кировскую, Курскую, Архангельскую, Саратовскую и другие области.

Статистика АСТО, кадр из презентации ассоциации

Более чем на 70% рынок сократится в 9 регионах. В этом ключе сильнее всего может пострадать Нижегородская область, Запорожье, Смоленская область и так далее.

Более чем на половину рынок сократится в 12 регионах. Среди них: Магадан, Липецкая область, Приморье, Краснодарский край, ДНР и другие.

В 22 регионах рынок потеряет от 31% до 50% региональных операторов в результате принятия реформы связи, посчитали в АСТО. В этот список также входит Москва, Подмосковье, Санкт-Петербург и Ленобласть.

Наименьшее сокращение (около 30%) числа малых операторов связи ожидается в 14 регионах, в которых исторически телеком-инфраструктура развивалась крупными операторами. Например, Бурятия, Ямало-Ненецкий АО, Татарстан, Башкортостан, ЛНР.

Напомним, ранее «Телеспутник» провёл круглый стол о реформе Минцифры с ассоциациями. Редакция собрала игроков рынка за дискуссией о новых правилах лицензирования операторов связи и проблемах, с которыми столкнутся малые компании.

Фото: 123rf",Телеспутник,proxy/deepseek-v4-flash
Телеспутник,«Мегафон» объяснил причины отказов в блокировке SIM-карт через «Госуслуги» из-за несовпадения данных абонентов,Абонентам разъяснили правила блокировки сим-карт через «Госуслуги»,https://telesputnik.ru/materials/gov/news/abonentam-razyasnili-pravila-blokirovki-sim-kart-cerez-gosuslugi,Дмитрий Тарасов,Регулирование,Низкий,"Пресс-служба «Мегафона» разъяснила, что отказ в блокировке SIM-карты через «Госуслуги» обычно связан с несовпадением персональных данных пользователя и информации в договоре. Для решения проблемы операторы инициируют принудительное обновление данных через ГИС мониторинга. Также сообщается о подготовленном Минцифры проекте постановления, ужесточающем контроль за оборотом M2M-SIM-карт.","Thu, 03 Sep 2026 16:00:00 +0300","«Мегафон», Минцифры, операторы связи, абоненты","«Мегафон» пояснил, что основная причина отказов в блокировке SIM-карт через «Госуслуги» — несовпадение персональных данных с договором, поэтому операторы проводят принудительное обновление через ГИС; Минцифры подготовило проект постановления об ужесточении контроля за M2M-SIM-картами.","Дата публикации — 03.09.2026; проект постановления Минцифры подготовлен ранее, точная дата и стадия не указаны.","Операторам необходимо усилить верификацию данных абонентов и использовать ГИС для корректной привязки номеров. Ужесточение оборота M2M-SIM-карт может повлиять на операторов связи, но не затрагивает напрямую сегмент цифрового ТВ/OTT и продукты GS Labs.",SIM-карты; Госуслуги; Минцифры; M2M; телематика; регулирование; персональные данные,noise,"Новость касается блокировки мобильных SIM-карт и оборота M2M-карт, а не решений GS Labs для цифрового ТВ, OTT, CAS/DRM. Прямого влияния на продукты компании, реестр российского ПО или телеком-направление GS Labs нет.",false,"В пресс-службе «Мегафона» пояснили Hi-Tech Mail, что отказ в блокировке чаще всего связан с тем, что персональные данные пользователя, указанные на «Госуслугах», не совпадают с информацией о клиенте, на которого оформлен конкретный договор. В таких случаях оператор не может подтвердить право собственности абонента на номер, что делает невозможным проведение стандартной процедуры закрытия счета по запросу пользователя.

Для решения проблемы операторы инициируют принудительное обновление данных через Государственную информационную систему мониторинга исполнения операторами связи обязанностей при оказании услуг связи. В «Мегафоне» подчеркнули, что после успешной обработки такого запроса спорный номер автоматически исключается из учетной записи обратившегося гражданина и корректно отображается в профиле его фактического владельца.

Ранее Минцифры подготовило проект постановления правительства, направленный на ужесточение контроля за оборотом сим-карт, предназначенных для M2M-устройств. Инициатива призвана исключить возможность использования таких карт в обычных мобильных телефонах, что зачастую применяется злоумышленниками для анонимных рассылок и обзвонов.

Фото: 123RF",Телеспутник,proxy/deepseek-v4-flash
Телеспутник,Минфин планирует прямую продажу компании «Леста» частному инвестору,Минфин готовится к продаже компании «Леста» частному инвестору,https://telesputnik.ru/materials/companies/news/minfin-gotovitsya-k-prodaze-kompanii-lesta-castnomu-investoru,Дмитрий Тарасов,Экономика,Низкий,"Замглавы Минфина Алексей Моисеев заявил, что компания «Леста» может быть продана напрямую частному инвестору; доходы бюджета от приватизации могут превысить 500 млрд рублей. Активы «Лесты» были арестованы и переданы Росимуществу в 2025 году. Эксперты сомневаются в высокой цене сделки. Новость не связана с IT-отраслью и рынком цифрового ТВ.","Thu, 03 Sep 2026 15:30:00 +0300","Минфин, Росимущество, Генпрокуратура, компания «Леста», Иван Федяков (Infoline), Мосбиржа",Минфин готовит прямую продажу подконтрольной государству игровой компании «Леста» частному инвестору,сроки не указаны; на сентябрь 2026 года — стадия подготовки,Для GS Labs последствий нет; сделка может повлиять только на рынок игровой разработки и бюджетные доходы.,приватизация; Леста; Минфин; Wargaming; Росимущество; игровая индустрия,noise,"Тема приватизации игрового актива не относится к профилю GS Labs (разработка ПО для ТВ/OTT/CAS/DRM), не затрагивает реестр российского ПО и не влияет на деятельность компании.",false,"Замглавы Минфина Алексей Моисеев в интервью РБК отметил, что речь идет о прямой продаже заинтересованному инвестору. Он добавил, что за счет сделки доходы бюджета от приватизации могут превысить 500 млрд рублей.

В разговоре с «Телеспутником» основатель информационно-аналитического агентства Infoline Иван Федяков усомнился, что актив удастся реализовать по высокой цене. Он также не верит, что за лот развернется борьба.

Первоначально «Леста» – российское подразделение белорусской студии Wargaming. После начала СВО и последовавших санкций Wargaming объявила об уходе с российского и белорусского рынков, а также вышла из капитала «Лесты». В апреле 2025 года Генпрокуратура наложила арест на активы компании, вскоре суд признал ее владельцев экстремистами. В июле структуры, связанные с «Лестой», перешли в собственность Росимущества. Согласно материалам Генпрокуратуры, стоимость активов оценивается в 135 млрд рублей.

Ранее стало известно, что Мосбиржа планирует создать экспертный совет для отбора игровых студий на фондовый рынок. Эксперты оценят потенциал сектора, где, по данным торговой площадки, в 2025 году насчитывалось 173 компании, занимающиеся разработкой видеоигр, их совокупная выручка составила 64 млрд рублей, а средняя маржинальность — около 25%.",Телеспутник,proxy/deepseek-v4-flash
Телеспутник,"Стриминговые сервисы заказали 70 новых сериалов в Азиатско-Тихоокеанском регионе, опередив Северную Америку и Европу",Азиатско-Тихоокеанский регион стал лидером по производству сериалов для стримингов,https://telesputnik.ru/materials/content/news/aziatsko-tixookeanskii-region-stal-liderom-po-proizvodstvu-serialov-dlya-strimingov,Дмитрий Тарасов,Экономика,Низкий,"По данным Ampere Analysis, в первом полугодии 2026 года шесть крупнейших стриминговых сервисов заказали в Азиатско-Тихоокеанском регионе 70 новых сериалов — больше, чем в Северной Америке (46) и Западной Европе (44). Основными драйверами роста стали Amazon и Netflix, а лидерами по количеству заказов — Индия и Южная Корея. Также заметный рост зафиксирован на Тайване и Филиппинах, а в жанровой структуре преобладают криминальные драмы и триллеры.","Thu, 03 Sep 2026 14:00:00 +0300","Prime Video, Apple TV+, Disney+, HBO Max, Netflix, Paramount+, Ampere Analysis, Amazon, Индия, Южная Корея",Стриминговые платформы разместили в Азиатско-Тихоокеанском регионе наибольшее количество заказов на новые сериалы среди всех регионов мира.,Первое полугодие 2026 года; публикация данных — 3 сентября 2026 года,"Для отрасли это подтверждает смещение контентных инвестиций глобальных стриминговых платформ в Азию и усиление их позиций относительно традиционных вещателей. Для GS Labs прямых последствий не прослеживается: новость не затрагивает российский рынок, регулирование, ПО для цифрового ТВ или защиту контента.",стриминг; OTT; сериалы; Азиатско-Тихоокеанский регион; Ampere Analysis; Netflix; производство контента,low,"Прямого влияния на GS Labs нет: новость описывает контентную экспансию глобальных стримингов в Азии, а не изменения в технологиях, регулировании или рынке ПО для цифрового ТВ. Может использоваться только как фоновый индикатор развития мирового OTT-рынка.",true,"В первом полугодии 2026 года, как пишет Advanced Television со ссылкой на исследование Ampere Analysis, шесть крупнейших стриминговых сервисов — Prime Video, Apple TV, Disney+, HBO Max, Netflix и Paramount+ — заказали в АТР 70 новых сериалов. Для сравнения: в Северной Америке было заказано 46 проектов, а в Западной Европе — 44. Основным драйвером этого роста стала активность компаний Amazon и Netflix, в то время как объемы заказов этих же платформ в западных регионах остались практически на уровне прошлого года. Лидером по количеству заказов стала Индия (25 проектов), за ней следует Южная Корея.

Значительный рост производства также зафиксирован на развивающихся рынках: на Тайване и Филиппинах было заказано девять и семь новых сериалов соответственно. В жанровом разрезе наиболее востребованными оказались криминальные драмы и триллеры, на которые пришлось около трети всех заказов, в то время как доля научной фантастики и фэнтези заметно сократилась. Эксперты подчеркивают, что для устоявшихся рынков, таких как Япония и Южная Корея, новые проекты служат инструментом удержания аудитории, тогда как в новых регионах они помогают активно привлекать свежих подписчиков.

Ранее «Телеспутник» писал, что глобальные стриминговые платформы подрывают доминирующее положение традиционных вещательных компаний в Европе. По мнению аналитиков, транснациональные игроки выигрывают благодаря более совершенным сетям распространения, контролю пользовательских данных и монетизации таргетированной рекламы. Вещатели же ограничены регулирующими обязательствами и внутренним рынком.

﻿ Фото: 123RF",Телеспутник,proxy/deepseek-v4-flash
Телеспутник,Телеканалы холдинга «Первый ТВЧ» анонсировали новые сезоны и премьеры сентября,"Новый сезон на «Первом ТВЧ»: космос, охота, принцессы и Балтийский флот",https://telesputnik.ru/materials/content/news/novyi-sezon-na-pervom-tvc-kosmos-oxota-princessy-i-baltiiskii-flot,Ян Яскевич,Общество,Низкий,"Телеканалы «Первый ТВЧ» («Арсенал», «В мире животных», «Рыболов», «Первый Космический», «Охотник и рыболов», «Телепутешествия», «Рыжий») представили программы нового сезона: премьеры, новые циклы и продолжения проектов, выходящих в сентябре 2026 года. Контент охватывает военную историю, природу, рыбалку, космос, путешествия и мультфильмы.","Thu, 03 Sep 2026 13:20:00 +0300","Первый ТВЧ, телеканалы «Арсенал», «В мире животных», «Рыболов», «Первый Космический», «Охотник и рыболов», «Телепутешествия», «Рыжий»",Анонс новых сезонов и премьер телеканалов «Первого ТВЧ» на сентябрь 2026 года,"Сентябрь 2026 года, конкретные даты премьер с 1 по 21 сентября","Для GS Labs как разработчика ПО для цифрового ТВ и OTT это косвенная рыночная информация: рост оригинального контента у нишевых телеканалов может поддерживать спрос на платформы дистрибуции, EPG и защиту контента. Прямого влияния на реестр, регулирование или продукты нет.",Первый ТВЧ; телеканалы; контент; новый сезон; цифровое ТВ,low,"Новость о контентных планах телеканалов, а не о технологиях или регулировании. Для GS Labs это слабый сигнал о развитии нишевого ТВ-вещания, но прямого отношения к продуктам компании, реестру ПО или телеком-регулированию не имеет.",true,"«Арсенал»

Телеканал «Арсенал» в сентябре объединит военную историю, документалистику и драматические сюжеты. Уже 4 сентября стартует новый сезон проекта «Оружие морей», посвященный истории Балтийского флота — от его создания до современных кораблей, вооружения и людей, которые несут службу сегодня. 10 сентября состоится премьера военной драмы «Операция Мухаббат», где история любви становится частью шпионской игры вокруг Афганской войны. Кроме того, в сентябре в эфир вернутся хорошо знакомые зрителям «Офицеры: последние солдаты империи» и «Офицеры–2».

«В мире животных»

Канал «В мире животных» расширяет привычную географию и форматы наблюдения за природой. 7 сентября стартует сериал «Удивительные животные Австралии» — проект о малоизвестных обитателях континента, от квокки до свинорылой черепахи. 14 сентября шесть фотографов отправятся в аргентинский заповедник Эстерос-дель-Ибера, чтобы посоревноваться за лучший кадр. 18 сентября выйдет третий сезон «Живого журнала» Даниила Воронина, а 21 сентября — проект «Что умеют звери?» о поведении домашних животных с комментариями ученых, ветеринаров и зооблогеров.

«Рыболов»

Сентябрь на «Рыболове» — это разные подходы к одной страсти. Проект «Из крайности в крайность» показывает рыбалку без жанровых ограничений: от охоты за трофеями с современной электроникой до простой ловли у дачного берега. В «Карасях и не только» 70-летняя Татьяна Аржанухина делится многолетним опытом поплавочной ловли. А новый сезон «Камчатских рассказов» знакомит с рыбалкой полуострова через историю местного рыбака Андрея Волченко, его друзей и знакомых ему сибирских рек и мест.

«Первый Космический»

«Первый Космический» в новом сезоне соединяет космическую науку с личными историями исследователей. 1 сентября стартует «Научный туризм» — цикл путешествий по местам, связанным с космосом и научными открытиями. В тот же день состоится премьера «Границ Вселенной»: физик и будущий астронавт Хавьер Сантаолалья отправляется в путешествие по Вселенной, объясняя сложные научные идеи и рассказывая о современных космических исследованиях. А проект «Открой свою Вселенную» покажет космос глазами отечественных астрофотографов и энтузиастов, которые наблюдают за ним буквально из собственного двора.

«Охотник и рыболов»

Новый сезон «Охотника и рыболова» предлагает посмотреть на народное хобби шире, чем просто на азартное увлечение. В премьере второго сезона «По малым рекам с Лобановым» рыбалка становится поводом для путешествия по лесам и рекам, где важны не только трофеи, но и сам контакт с природой. В цикле Сергея Уткина «В фокусе: охота» внимание смещается с финального выстрела на наблюдение за окружающим миром. Охота здесь становится способом задавать вопросы, на которые не всегда находится ответ с первого раза.

«Телепутешествия»

Осенью «Телепутешествия» продолжают проверять привычные представления о путешествиях. В новом сезоне проекта «Тревел-Чек» Макс Васильчук собирает самые интересные видео от тревел-блогеров и проверяет, действительно ли увиденное на экране стоит повторить в реальности. В конце сентября стартует «Я хочу это увидеть» — мотопутешествие Владимира Богдана по Беларуси. По маршруту он знакомится с кухней разных городов, национальными ремеслами и местными историями, превращая поездку в полноценное исследование страны.

«Рыжий»

5 сентября на «Рыжем» стартует мультсериал «Тайны радужного кристалла». Семь принцесс отправляются из подводного королевства в мир людей после того, как магический кристалл разбивается и его осколки оказываются разбросаны по всему свету. Героям предстоит найти артефакты раньше морской ведьмы Агаты и одновременно привыкнуть к совершенно незнакомому миру. Приключенческая история объединяет фэнтези, юмор и классический сюжет о дружбе, смелости и совместном преодолении трудностей.",Телеспутник,proxy/deepseek-v4-flash
Телеспутник,Александр Панёв назначен директором по контенту онлайн-кинотеатра «КИОН»,Александр Панёв назначен директором по контенту онлайн-кинотеатра «КИОН»,https://telesputnik.ru/materials/companies/news/aleksandr-panyov-naznacen-direktorom-po-kontentu-onlain-kinoteatra-kion,Дмитрий Тарасов,Технологии,Низкий,"Онлайн-кинотеатр «КИОН» объявил о назначении Александра Панёва директором по контенту. Ранее Панёв занимал руководящие должности в Okko, Rambler&Co и холдинге ON Медиа. В компании рассчитывают, что новое назначение усилит позиции сервиса на рынке и оптимизирует работу с оригинальным контентом.","Thu, 03 Sep 2026 12:55:00 +0300","Александр Панёв, онлайн-кинотеатр «КИОН»",Назначение Александра Панёва на должность директора по контенту в онлайн-кинотеатре «КИОН»,Объявлено 3 сентября 2026 года; дата вступления в должность не указана,Для рынка OTT — возможное изменение стратегии контентной библиотеки «КИОН». На деятельность GS Labs событие не влияет.,OTT; онлайн-кинотеатр; кадровые изменения; КИОН; медиа,noise,"Новость не связана с направлениями GS Labs: CAS/DRM, реестром российского ПО, регулированием телекома или разработкой ПО. Это кадровая перестановка в одном из видеосервисов, поэтому для компании она не значима.",false,"Онлайн-кинотеатр «КИОН» официально объявил о кадровых изменениях в руководящем составе. На должность директора по контенту назначен Александр Панёв. Об этом сообщила пресс-служба платформы.

В компании подчеркнули значимость данного назначения для дальнейшего развития сервиса. Согласно позиции руководства «КИОН», приход Александра Панёва позволит усилить позиции онлайн-кинотеатра на высококонкурентном рынке медиапотребления и оптимизировать работу с библиотекой оригинального контента.

Панёв окончил Московский авиационный институт по специальности «прикладная математика», имеет звание кандидата физико-математических наук. Прежде Александр возглавлял направление по работе с данными в холдинге ON Медиа. До прихода в компанию он занимал должность директора по данным в онлайн-кинотеатре Okko и работал директором по аналитике в Rambler&Co.

Ранее стало известно, что МИЦ «Известия», один из ключевых активов Национальной Медиа Группы (НМГ), стал владельцем контрольной доли Издательского дома «Комсомольская правда».

Фото: пресс-служба «КИОН»",Телеспутник,proxy/deepseek-v4-flash
Телеспутник,НМГ приобретает контрольную долю в издательском доме «Комсомольская правда»,НМГ приобретает контрольную долю в ИД «Комсомольская правда»,https://telesputnik.ru/materials/media/news/nmg-priobretaet-kontrolnuyu-dolyu-v-id-komsomolskaya-pravda,Дмитрий Тарасов,Экономика,Низкий,Национальная Медиа Группа объявила о приобретении контрольной доли в издательском доме «Комсомольская правда». Сделка направлена на усиление позиций холдинга на рекламном рынке за счёт формирования мультиплатформенного предложения. Детали и стадия сделки не раскрываются.,"Thu, 03 Sep 2026 12:25:00 +0300","НМГ (Национальная Медиа Группа), ИД «Комсомольская правда»",Сделка по приобретению НМГ контрольной доли в ИД «Комсомольская правда»,03.09.2026 — публикация; сроки и стадия сделки не указаны,"Для медиарынка возможна дальнейшая консолидация активов и изменение структуры рекламных продаж. Для GS Labs прямых последствий нет: событие затрагивает медиахолдинг и печатные/онлайн-СМИ, а не инфраструктуру цифрового ТВ, OTT или защиту контента.",НМГ; Комсомольская правда; M&A; медиахолдинг,noise,"Новость не связана с деятельностью GS Labs: нет упоминаний ПО для ТВ/OTT, CAS/DRM, реестра российского ПО или регулирования телекома, поэтому для компании это шум.",false,"Кроме того, благодаря сделке значительно усилятся позиции на рекламном рынке за счет формирования уникального мультиплатформенного предложения, включающего диджитал-среду, федеральные каналы, радио, региональные издания.

НМГ – крупнейший российский частный медиахолдинг. В числе ключевых активов холдинга телеканалы РЕН ТВ, Пятый канал, СТС, Домашний, Че, СТС Love, СТС Kids; мультимедийный информационный центр МИЦ «Известия»; газеты — «Спорт-Экспресс», «Деловой Петербург», НМГ Кинопрокат, компании по производству популярных фильмов, шоу и сериалов, технологические и рекламные активы. НМГ также владеет пакетом акций «Первого канала». В 2019 году НМГ запустила онлайн-сервис more.tv, а в июне 2023 году завершила сделку по объединению видеосервисов more.tv и Wink в рамках совместного предприятия с ПАО «Ростелеком».

Ранее «Телеспутник» сообщал, что «Известия» второй месяц подряд возглавляют рейтинг СМИ в «Дзене». В июне 2026 года ресурс охватил аудиторию свыше 15,8 млн человек.

Фото: 123RF",Телеспутник,proxy/deepseek-v4-flash
Телеспутник,Российские предприятия испытали отечественные молд-компаунд и фоторезист для микроэлектроники,Для российской микро- и наноэлектроники требуются отечественные материалы,https://telesputnik.ru/materials/novosti-kompanii/news/dlya-rossiiskoi-mikro-i-nanoelektroniki-trebuyutsya-otecestvennye-materialy,Денис Чупров,Технологии,Низкий,"В России ведутся работы по импортозамещению материалов для микроэлектроники. Успешно испытаны первый российский молд-компаунд на мощностях GS Nanotech и первый отечественный фоторезист для техпроцесса 90 нм на заводе «Микрон». Работы ведутся в рамках нацпроекта «Новые материалы и химия», курируемого первым вице-премьером Денисом Мантуровым, и по поручениям президента Владимира Путина.","Thu, 03 Sep 2026 11:57:00 +0300","GS Nanotech (входит в GS Group), НИУ МИЭТ, АО «Институт Пластмасс», завод «Микрон», АО «НИИМЭ», ООО «Поликетон», РАН, Минобрнауки, Ростех, Роспатент, Правительство РФ (Денис Мантуров), Президент РФ Владимир Путин",Российские предприятия завершили испытания первых отечественных материалов для микроэлектроники — молд-компаунда и фоторезиста,2025–2026 годы; форум «Микроэлектроника 2026» запланирован на 27 сентября – 3 октября 2026 года,"Для отрасли микроэлектроники новость означает снижение зависимости от импорта материалов и развитие отечественной элементной базы. Для GS Labs, разработчика ПО для ТВ и OTT, прямых последствий нет; косвенно может быть важна в контексте импортозамещения электроники и возможного использования российских компонентов в приставках.",микроэлектроника; импортозамещение; отечественные материалы; молд-компаунд; фоторезист; GS Nanotech; Микрон; нацпроект «Новые материалы и химия»,noise,"GS Labs занимается разработкой ПО для цифрового ТВ и не связана с производством микроэлектроники и материалов. Упоминание GS Nanotech относится к другому предприятию холдинга GS Group, поэтому новость для GS Labs является шумом.",false,"В условиях санкций быстрый переход российской промышленности на отечественные материалы для микроэлектроники стал и остается чрезвычайно актуальной задачей. Кроме того, перспективы развития микро- и особенно наноэлектроники определяются поиском новых материалов, особенно низкоразмерных и решений, на основе которых будет возможно создание принципиально новой элементной базы.

Задача обеспечения отечественных предприятий материалами непростая, но в стране накоплен серьезный научный и технологический потенциал для ее решения. Обеспечению всего необходимого для создания новых отечественных материалов в последнее время большое внимание уделяет государство. Так, одним из проектов для достижения национальной цели «Технологическое лидерство» является национальный проект «Новые материалы и химия», рассчитанный до 2030 года. Его куратор — первый заместитель председателя правительства РФ Денис Мантуров.

Ускорение создания инновационных российских материалов, в том числе для микроэлектроники, находится под контролем и у главы государства. Владимир Путин 21 февраля прошлого года принял участие в работе Форума будущих технологий, посвященного химии и применению новых материалов. Президент России с трибуны Форума подчеркнул: «Совершенно очевидно, чтобы быть в числе лидеров по ключевым направлениям научно-технологического развития, а именно такую задачу мы ставим перед собой, нам нужно добиться, в том числе, превосходства в области химии и в создании новых материалов».

По итогам пленарного заседания и посещения выставки Форума будущих технологий, а также встречи с учеными, состоявшихся 21 февраля 2025 года, Владимр Путин утвердил перечень поручений. Документ предусматривает разработку мер, направленных на поддержку нацпроекта «Новые материалы и химия» в сфере промышленного внедрения перспективных разработок, цифровизации, подготовки кадров и других. Отдельные поручения касаются мер по развитию отрасли производства и промышленного внедрения химических катализаторов, разработки и производства перспективных устройств для накопления и хранения энергии, создания материалов в сфере фотоники, а также предусматривают создание межотраслевой цифровой базы данных свойств высокотехнологичных материалов и их компонентов.

С 28 по 30 мая 2026 года Центром компетенций Минобрнауки России совместно с госкорпорацией «Ростех» и Роспатентом на базе Казанского национального исследовательского технического университета им. А. Н. Туполева была организована стратегическая сессия по кооперации науки и бизнеса «Новые материалы и химия», целью которой являлось усиление взаимодействия между научными и индустриальными партнерами, а также решение актуальных вопросов научно-технической политики.

Сегодня в стране активно ведутся работы по созданию новых отечественных материалов для микро- и наноэлектроники. Так, в 2025 году была завершена опытно-конструкторская работа по созданию молд-компаунда под руководством НИУ МИЭТ при участии АО «Институт Пластмасс», ФИЦ ИПХФ и МХ РАН. Молд-компаунд — это полимерный композитный материал, применяемый для герметизации кристаллов микросхем методом трансферного прессования. Он обеспечивает механическую фиксацию кристалла, защищает активные элементы от влаги, пыли, коррозии и механических повреждений, а также отводит тепло.

До сих пор российские производители микроэлектроники вынуждены были использовать импортные аналоги, преимущественно китайские. Это создавало зависимость от логистических цепочек, увеличивало сроки поставок и себестоимость продукции электроники.

Успешные испытания первого российского молд-компаунда были осуществлены на производственных мощностях GS Nanotech, предприятия в области разработки, корпусирования и тестирования микроэлектроники (входит в холдинг GS Group). На основании данных, полученных в результате отработки технологии и тестирования, новый материал обладает значительным потенциалом для замены зарубежного аналога EMG-700-BSE. Об этом сообщила пресс-служба GS Group.

О другом примере успешного тестирования нового российского материала — на зеленоградском заводе «Микрон», говорится в сообщении пресс-службы ОЭЗ «Технополис Москва», чьим резидентом является предприятие. Речь идет о первом отечественном фоторезисте для производства интегральных микросхем по технологическому процессу 90 нм, разработанном и созданном в результате плотной научно-технической кооперации АО «НИИМЭ», ФИЦ ПХФ и МХ РАН и ООО «Поликетон».

Фоторезист — это светочувствительный полимерный материал, используемый в фотолитографии, ключевом процессе производства микросхем. Он позволяет создавать на поверхности кристаллической подложки будущую топологию процессора, через которую осуществляется процесс микроструктурирования кристаллической подложки.

Созданием новых прорывных материалов для ЭКБ занимаются и в РАН. Так, сайт Института физики полупроводников им. А. В. Ржанова Сибирского отделения РАН сообщил 5 марта 2026 года о ведущейся учеными института разработке нового материала для энергонезависимых элементов памяти. Статью о работе они опубликовали в авторитетном журнале The Journal of Physics and Chemistry of Solids. В ней рассматривается создание элементов флеш-памяти, где заряд хранится в массиве самоорганизованных квантовых точек. Внимание группы новосибирских ученых в данный момент сосредоточено на системе квантовых точек на основе GaN/AlN. Расчеты, опубликованные в статье, показали, что эти объекты характеризуются весьма высокой энергией локализации электронов, которой вполне достаточно для энергонезависимого хранения заряда в течение десяти лет.

Разработка резистов для технологических процессов фотолитографии, электронно-лучевой, ионно-лучевой литографии, рентгеновской литографии и наноимпринтинга наряду с работой по созданию целого ряда других новых перспективных материалов будут обсуждаться на заседаниях секции №13 Российского форума «Микроэлектроника 2026» «Материалы микро- и наноэлектроники, диагностика материалов и элементов электронной компонентной базы» 12-й Научной конференции «ЭКБ и микроэлектронные модули». Конференция состоится в рамках форума «Микроэлектроника 2026», который стартует 27 сентября и продлится до 3 октября.

Фото: пресс-служба Российского форума «Микроэлектроника 2026»",Телеспутник,proxy/deepseek-v4-flash
Телеспутник,Президент поручил обеспечить все региональные столицы Дальнего Востока квантовой сетью к 2030 году,Квантовые коммуникации охватят все региональные столицы Дальнего Востока к 2030 году,https://telesputnik.ru/materials/gov/news/kvantovye-kommunikacii-oxvatyat-vse-regionalnye-stolicy-dalnego-vostoka-k-2030-godu,Дмитрий Тарасов,Регулирование,Низкий,"На пленарном заседании ВЭФ президент поручил до 2030 года обеспечить региональные столицы Дальнего Востока доступом к квантовой сети, головной компанией назначена РЖД. Действующая магистральная квантовая сеть превышает 7,8 тыс. км и охватывает 27 субъектов, включая 13 городов-миллионников. Также в материале упоминается план «ИКС Холдинг» вложить более 35 млрд рублей в завод полупроводников в Приморском крае.","Thu, 03 Sep 2026 11:45:00 +0300","Президент РФ, РЖД, региональные столицы Дальнего Востока, «ИКС Холдинг»",Поручение президента обеспечить все столицы регионов Дальнего Востока квантовой сетью к 2030 году.,Поручение дано на ВЭФ (публикация от 03.09.2026); целевой срок — 2030 год.,"Развитие защищённой квантовой инфраструктуры на Дальнем Востоке, возможные будущие инвестиции в телеком-оборудование. Для GS Labs прямых последствий не прослеживается.",квантовые коммуникации; Дальний Восток; РЖД; ВЭФ; защищённая передача данных; ИКС Холдинг,noise,"GS Labs не работает с квантовыми сетями и не участвует в проекте РЖД; новость не связана с CAS/DRM, OTT, EPG, реестром российского ПО или ИТ-аккредитацией. Это фоновый отраслевой шум для компании.",false,"Глава государства в ходе пленарного заседания Восточного экономического форума поручил обеспечить все региональные столицы Дальнего Востока доступом к квантовой сети к 2030 году. Данная инициатива направлена на интеграцию дальневосточных субъектов в единый контур высокоскоростного и защищенного обмена данными.

Комментируя стратегическую важность проекта, президент подчеркнул, что ключевыми вопросами являются безопасность и высокая скорость передачи информации. Головной компанией в проекте назначена РЖД.

На текущий момент инфраструктура квантовых коммуникаций в стране уже достигла значительных масштабов. Общая протяженность магистральной сети превышает 7,8 тыс. км. Технология охватывает 27 субъектов России, включая 13 городов-миллионников, обеспечивая новый уровень защиты передаваемой информации.

Ранее стало известно, что «ИКС Холдинг» планирует инвестировать свыше 35 млрд рублей в строительство производственного комплекса по выпуску сложных полупроводников в Приморском крае. Проект предполагает создание мощностей для выпуска сверхвысокочастотных (СВЧ) компонентов и фотоэлектрических преобразователей, которые будут востребованы в космической отрасли, телекоммуникациях и радиоэлектронике.

Фото: 123RF",Телеспутник,proxy/deepseek-v4-flash
Телеспутник,«ИКС Холдинг» подписал соглашение о создании на Дальнем Востоке завода микроэлектроники для космоса,«ИКС Холдинг» создаст на Дальнем Востоке производство микроэлектроники для космоса,https://telesputnik.ru/materials/elektronika/news/iks-xolding-sozdast-na-dalnem-vostoke-proizvodstvo-mikroelektroniki-dlya-kosmosa,Дмитрий Тарасов,Экономика,Низкий,"«ИКС Холдинг» на Восточном экономическом форуме подписал соглашение о строительстве на Дальнем Востоке производственного комплекса для выпуска микроэлектроники на основе арсенида и нитрида галлия. Предприятие рассчитано на выпуск более 5 млн СВЧ-микросхем и до 500 тыс. космических фотоэлектрических преобразователей в год, будет создано около 500 рабочих мест. Основными потребителями продукции станут структуры холдинга — Yadro и спутниковая компания «Бюро 1440».","Thu, 03 Sep 2026 10:30:00 +0300","ИКС Холдинг, Минпромторг, Минвостокразвития, правительство Приморского края, Yadro, Бюро 1440, ДВФУ",Подписание соглашения о строительстве на Дальнем Востоке завода по производству микроэлектроники для космической отрасли,Начало сентября 2026 года (ВЭФ); точные сроки реализации проекта не указаны,"Новость значима для российской микроэлектроники и космической отрасли: может снизить зависимость от импорта СВЧ-микросхем и фотопреобразователей. Для GS Labs вероятных прямых последствий нет — компания не работает с микроэлектроникой и космической тематикой, поэтому влияние на её продукты (CAS/DRM, цифровое ТВ) минимальное.",микроэлектроника; космос; ИКС Холдинг; Дальний Восток; ВЭФ; СВЧ-микросхемы; производство; Yadro,noise,"Новость не относится к профилю GS Labs (ПО для цифрового ТВ, CAS/DRM). Возможен разве что косвенный эффект через развитие электронной промышленности в телекоме, но прямого влияния на деятельность компании нет.",false,"Производственный комплекс площадью более 35 тыс. кв. м будет базироваться на технологиях использования арсенида и нитрида галлия. Эти материалы позволяют создавать высокоэффективные силовые и высокочастотные компоненты, способные работать в экстремальных условиях. Планируемый объем выпуска составит более 5 млн СВЧ-микросхем и до 500 тыс. космических фотоэлектрических преобразователей в год. На предприятии будет создано около 500 рабочих мест для инженерного состава. Соглашение о реализации проекта было подписано на Восточном экономическом форуме при участии представителей Минпромторга, Минвостокразвития и правительства Приморского края.

Выбор Дальнего Востока в качестве площадки для строительства обусловлен несколькими факторами: близостью к рынкам Азиатско-Тихоокеанского региона, наличием налоговых льгот в рамках территорий опережающего развития и доступом к научно-образовательной базе ДВФУ. Основными потребителями продукции станут структуры самого холдинга, включая разработчика оборудования Yadro и спутниковую компанию «Бюро 1440», однако в будущем компания планирует поставлять изделия и внешним заказчикам.

Ранее аналитики прогнозировали глобальный дефицит микросхем как минимум до 2028 года. Именно к этому сроку завершится строительство новых заводов, которые могли бы увеличить предложение чипов.

﻿ Фото: 123RF",Телеспутник,proxy/deepseek-v4-flash
Телеспутник,Минцифры разработало проект постановления о правилах выдачи национальных сертификатов для подписи кода,Минцифры разработало правила выдачи национальных сертификатов для подписи кода,https://telesputnik.ru/materials/cifrovaya-sreda/news/mincifry-razrabotalo-pravila-vydaci-nacionalnyx-sertifikatov-dlya-podpisi-koda,Денис Чупров,Регулирование,Средний,"Минцифры подготовило проект постановления, устанавливающий правила выдачи национальных сертификатов для подписи программного кода. Сертификат будет отображаться в установочных файлах, позволяя операционным системам идентифицировать издателя и предупреждать о неизвестном разработчике. Инициатива направлена на создание доверия к отечественному ПО из-за ограничений со стороны иностранных удостоверяющих центров. Предполагается поэтапное внедрение, в первую очередь для госзакупок и КИИ, а также интеграция с RuStore и российскими ОС. Правила должны вступить в силу 1 марта 2027 года.","Wed, 02 Sep 2026 18:11:00 +0300","Минцифры, Национальный удостоверяющий центр (НУЦ), «СКБ Контур», «Астра», «СберТех», «Базальт СПО», «Лаборатория Касперского», RuStore",Минцифры разработало проект правил выдачи национальных сертификатов для подписи программного кода,"Проект подготовлен, вступление в силу планируется 1 марта 2027 года","Для отрасли появится национальная система подтверждения подлинности и целостности кода, что повысит доверие к российскому ПО. Для GS Labs потенциально потребуется обеспечить подпись своих продуктов национальными сертификатами, особенно при поставках для госзаказчиков и КИИ. Компании нужно отслеживать требования и заранее подготовить инфраструктуру подписания.",Минцифры; национальные сертификаты; подпись кода; российское ПО; КИИ; госзакупки,medium,"Для GS Labs как разработчика ПО для ТВ/OTT новость значима: внедрение национальных сертификатов подписи кода может стать обязательным для ПО, поставляемого в госсектор и для КИИ. Необходимо отслеживать развитие требований, чтобы заранее подготовить процессы подписания дистрибутивов.",true,"Как сообщает издание «Ведомости», ведомство подготовило проект постановления, закрепляющий правила выдачи национальных сертификатов для подписи программного кода. Согласно документу, информация о сертификате будет отображаться в установочном файле, что позволит операционным системам идентифицировать издателя и предупреждать пользователя о запуске софта от неизвестного разработчика. Данная инициатива направлена на создание системы доверия к отечественному ПО в условиях ограничений со стороны иностранных удостоверяющих центров.

Эксперты отмечают, что новые сертификаты будут эффективны преимущественно внутри страны, так как глобальные технологические гиганты вряд ли признают легитимность российского регулятора. «Сложно представить, что к нашим отечественным сертификатам появилось бы доверие у иностранных магазинов приложений», — прокомментировал ситуацию эксперт удостоверяющего центра «СКБ Контур» Иван Быков. По его мнению, сертификат НУЦ не обеспечит возвращение подсанкционных разработчиков в App Store или Google Play, однако позволит подтверждать целостность и происхождение программ в рамках российского ИТ-контура.

До настоящего времени Национальный удостоверяющий центр (НУЦ), подведомственный Минцифры, занимался преимущественно выдачей сертификатов для веб-ресурсов, что стало особенно актуально после массовых отзывов SSL-сертификатов зарубежными площадками, такими как GlobalSign. Принятый в июне закон № 210-ФЗ официально закрепил полномочия НУЦ, а новый проект приказа описывает 11 профилей сертификатов, включая решения для программного кода и корпоративных систем. Ожидается, что данные правила вступят в силу 1 марта 2027 года.

Участники рынка полагают, что обязательное использование таких сертификатов целесообразно внедрять поэтапно, в первую очередь для ПО, поставляемого в рамках госзакупок и для объектов критической информационной инфраструктуры. При этом параллельно ИТ-отрасль прорабатывает создание Отраслевого технологического удостоверяющего центра (ОТУЦ) с участием таких компаний, как «Астра», «СберТех», «Базальт СПО» и «Лаборатория Касперского». В Минцифры уточнили, что в настоящее время ведется работа по интеграции поддержки новых сертификатов в отечественные операционные системы и магазин приложений RuStore.

Ранее «Телеспутник» писал что в Минцифры призвали установить отечественные сертификаты безопасности на сайты.

Фото: 132rf",Телеспутник,proxy/deepseek-v4-flash
Телеспутник,АНО «Цифровая экономика» предложила ввести налоговый вычет до 20 млрд рублей для разработчиков ИИ,Разработчикам отечественного ИИ могут предоставить налоговые вычеты,https://telesputnik.ru/materials/gov/news/razrabotcikam-otecestvennogo-ii-mogut-predostavit-nalogovye-vycety,Денис Чупров,Регулирование,Низкий,"АНО «Цифровая экономика» направила в Минцифры инициативу о налоговой поддержке разработчиков больших фундаментальных моделей ИИ. Предлагается ежегодный региональный инвестиционный налоговый вычет по налогу на прибыль в размере до 20 млрд рублей при условии, что инвестиции компании в проект в пять раз превышают сумму льготы. Мера прорабатывается в развитие закона об ИИ, вступившего в силу в июле 2026 года.","Wed, 02 Sep 2026 17:38:00 +0300","АНО «Цифровая экономика», Минцифры, российские власти, разработчики больших фундаментальных моделей ИИ",АНО «Цифровая экономика» предложила ввести налоговые вычеты для разработчиков больших моделей ИИ,Инициатива направлена в Минцифры в конце июля 2026 года; публикация новости — 2 сентября 2026 года,"В случае принятия меры разработчики больших ИИ-моделей смогут компенсировать затраты на разработку и оборудование. Для GS Labs существенного влияния не ожидается, так как компания не создаёт большие фундаментальные модели ИИ.",ИИ; налоговые вычеты; господдержка; Минцифры; АНО «Цифровая экономика»; большие модели,noise,"Новость не относится к деятельности GS Labs: компания разрабатывает ПО для цифрового ТВ и DRM, а не большие фундаментальные модели ИИ. Поэтому событие является фоновым для её бизнеса.",false,"Как сообщает издание «Ведомости», российские власти приступили к разработке мер поддержки для создателей национальных и суверенных больших фундаментальных моделей искусственного интеллекта. Инициатива, подготовленная АНО «Цифровая экономика» и направленная в Минцифры в конце июля, призвана стимулировать отрасль в рамках реализации положений закона об ИИ, вступившего в силу в июле текущего года.

В документе подчеркивается необходимость создания благоприятных условий для высокотехнологичных компаний. Согласно предложениям, ключевым инструментом поддержки должен стать ежегодный региональный инвестиционный налоговый вычет по налогу на прибыль. Данная мера позволит компаниям компенсировать расходы, понесенные на разработку моделей ИИ, а также на закупку необходимого для этих целей оборудования.

Согласно предложенным параметрам, предельный размер льготы для одной организации до 2030 года составит 20 млрд рублей. При этом для получения налогового вычета компания должна будет инвестировать в проект сумму, превышающую размер льготы в пять раз. Авторы инициативы отмечают, что основным регионом применения данного механизма, вероятнее всего, станет Москва, на которую, по оценкам ведущих разработчиков, приходится до 90% всех затрат, подлежащих вычету.

Разработка данных мер проходит на фоне активного формирования подзаконных актов, регулирующих сферу искусственного интеллекта в России. Помимо налоговых вычетов, экспертное сообщество обсуждает возможность введения пониженных ставок по социальным взносам для профильных организаций. Ожидается, что комплексная государственная поддержка позволит ускорить создание конкурентоспособных отечественных решений в области больших фундаментальных моделей ИИ.

Ранее «Телеспутник» писал, что правительственная подкомиссия приступила к разработке мер по преодолению дефицита графических ускорителей (GPU) и снижению затрат на закупку оборудования для искусственного интеллекта. Планируется внедрить налоговые льготы и отделить технику для искусственного интеллекта от майнинговой.",Телеспутник,proxy/deepseek-v4-flash
Телеспутник,"Правительство РФ утвердило новые правила регистрации доменных имен в зонах .ru, .рф и .su",В России вступили в силу обновленные правила регистрации доменных имен,https://telesputnik.ru/materials/gov/news/v-rossii-vstupili-v-silu-obnovlennye-pravila-registracii-domennyx-imen,Денис Чупров,Регулирование,Низкий,"Правительство РФ официально опубликовало постановления №1119 и №1120, которые вступили в силу 1 сентября 2026 года. Они устанавливают порядок регистрации доменных имен в национальных доменных зонах .ru, .рф и .su, включая обязательную ежегодную идентификацию администраторов через ЕСИА, и вводят требования к регистраторам. Документы будут действовать до 1 сентября 2032 года.","Wed, 02 Sep 2026 17:01:00 +0300","Правительство РФ, администраторы доменов, регистраторы, АНО «Координационный центр национального домена сети Интернет», АНО «Российский научно-исследовательский институт развития общественных сетей»",Вступили в силу обновленные правила регистрации доменных имен и регулирования деятельности регистраторов,"Вступили в силу 1 сентября 2026 года, действуют до 1 сентября 2032 года","Усиление контроля над доменными именами в зонах .ru, .рф, .su: обязательная идентификация через ЕСИА, запрет анонимной регистрации, введение стоп-листа. Для владельцев доменов — необходимость ежегодного подтверждения личности. Для регистраторов — новые требования к инфраструктуре и включение в правительственный перечень. Для GS Labs как владельца доменов это означает дополнительные процедуры, но не влияет на основной бизнес.",домены; регулирование; ЕСИА; постановление; регистраторы; Рунет,noise,"Новость не затрагивает профильные продукты GS Labs (CAS/DRM, OTT, платформы ТВ). Компания может владеть доменами для своих сервисов, но новые правила не влияют на разработку и лицензирование ПО.",false,"Правительство Российской Федерации официально опубликовало постановления (№ 1119 и № 1120 ), которые регламентируют порядок регистрации доменных имен и ведения реестров юридических лиц, оказывающих соответствующие услуги. Документы, вступили в силу 1 сентября 2026 года и устанавливают правовые рамки для работы в национальных доменных зонах.ru,.рф и.su на ближайшие шесть лет — до 1 сентября 2032 года. Нововведения стали логическим продолжением закона, обязавшего администраторов доменов проходить идентификацию через единую систему идентификации и аутентификации (ЕСИА).

Как отмечается в документах, ключевым требованием для владельцев доменов становится необходимость ежегодного подтверждения личности через портал госуслуг. При этом ответственность за выбор доменного имени и соблюдение прав третьих лиц полностью возлагается на администратора. Согласно новым правилам, регистрация доменных имен для государственных органов, муниципальных учреждений и госкомпаний теперь возможна исключительно через аккредитованные некоммерческие организации — АНО «Координационный центр национального домена сети Интернет» и АНО «Российский научно-исследовательский институт развития общественных сетей».

Постановление № 1119 детально описывает технические и юридические аспекты процесса: длина доменного имени должна составлять от 2 до 63 символов. Документ также вводит понятие «стоп-листа», в который вносятся обозначения, запрещенные к регистрации. В этот перечень попадают имена, связанные с вредоносным ПО, названия государственных структур, а также домены, ранее использовавшиеся для ресурсов, попавших в «черные списки». Кроме того, запрещена регистрация имен, противоречащих принципам морали или предназначенных для противоправной деятельности.

Параллельно постановление № 1120 регулирует деятельность самих регистраторов. Компании, претендующие на включение в перечень уполномоченных лиц, обязаны предоставить исчерпывающие сведения о своей инфраструктуре, включая технические характеристики оборудования, системы защиты от кибератак и планы обеспечения устойчивости связи. Для обеспечения бесперебойной работы рынка предусмотрен переходный период: действующие соглашения с регистраторами сохраняют силу до момента их включения в новый правительственный перечень, но не позднее 18 января 2027 года.

Ранее «Телеспутник» писал, что первый зампред ИТ-комитета Госдумы Антон Горелкин, подчеркнул, что одним из ключевых требований закона становится обязательная идентификация администраторов доменных имен в зонах.ru,.рф и.su через портал «Госуслуги» (ЕСИА). «Больше никто не сможет зарегистрировать домен анонимно, на чужие или подложные документы. Это значит, что фишинговым сайтам в национальных доменных зонах придет конец (или же кое-кто придет к их владельцам, и очень быстро)», — написал он в своем телеграм-канале.",Телеспутник,proxy/deepseek-v4-flash
Телеспутник,"ГКРЧ разрешила запуск 5G на частотах LTE, сети в новом диапазоне появятся к 2028",Старт 5G в России: что изменится для абонентов после внедрения технологии,https://telesputnik.ru/materials/tech/news/start-5g-v-rossii-cto-izmenitsya-dlya-abonentov-posle-vnedreniya-texnologii,Денис Чупров,Технологии,Низкий,"Российские операторы начнут внедрение 5G на существующих частотах LTE с помощью технологической нейтральности. ГКРЧ разрешила «Вымпелкому», «МегаФону», МТС и Т2 использовать действующие диапазоны, а также выделила полосы 4,63–4,99 ГГц. Сети нового диапазона в миллионниках запустят к концу 2028 года, покрытие будут расширять до 2031 года, при этом резкого роста скорости не ожидается.","Wed, 02 Sep 2026 15:23:00 +0300","ГКРЧ, «Вымпелком», «МегаФон», МТС, Т2, Олег Яблоков, «Иртея»",Разрешение ГКРЧ на использование LTE-частот для 5G и поэтапное развертывание сетей в новом диапазоне,"Разрешение получено; запуск на LTE-частотах — с 2027, сети в диапазоне 4,63–4,99 ГГц — к концу 2028–2031, полный переход на российское оборудование — до конца 2031","Отрасль будет постепенно внедрять 5G без резкого улучшения для абонентов; операторам потребуется больше базовых станций и российское оборудование. Для GS Labs это создает отложенный потенциал роста OTT-трафика, но прямых требований к продуктам не формирует.",5G; ГКРЧ; технологическая нейтральность; LTE; операторы связи; российское оборудование; телеком,low,"Новость о внедрении 5G является общетелекоммуникационным контекстом. GS Labs не упомянута, а решения компании не зависят от стандартов мобильной связи в краткосрочной перспективе, поэтому влияние на продукты косвенное.",true,"Как сообщает издание Hi-Tech Mail, внедрение сетей пятого поколения в России на начальном этапе не приведет к резкому росту скорости передачи данных или существенному снижению задержки. По данным Олега Яблокова, первые шаги операторов будут связаны с использованием принципа технологической нейтральности, что позволит запустить 5G на существующих частотах LTE. Ранее Государственная комиссия по радиочастотам (ГКРЧ) разрешила «Вымпелкому», «МегаФону», МТС и Т2 развертывание сетей в действующих диапазонах, а также выделила операторам полосы в спектре 4,63–4,99 ГГц.

Олег Яблоков подчеркнул, что ожидать качественного скачка в ближайшее время не стоит: «Сети в новом диапазоне запустят в самых нагруженных локациях миллионников к концу 2028 года, а покрытие будут расширять до 2031 года. Значок 5G на экране смартфона появится в 2027 году, сама технология заработает ближе к 2029 году». По оценкам эксперта, использование текущих частот даст прирост скорости лишь на 10%, что останется практически незаметным для рядового пользователя.

Реализация проекта сталкивается с рядом технологических и инфраструктурных вызовов. Поскольку мировой стандарт 5G (3,4–3,8 ГГц) в России занят силовыми структурами, операторам приходится работать в более высоком диапазоне, где сигнал хуже проникает в помещения. Это потребует увеличения плотности базовых станций в полтора-два раза. Кроме того, до конца 2031 года отрасль должна полностью перейти на российское оборудование. На текущий момент объемы производства отечественных станций, например, от компании «Иртея», остаются недостаточными для покрытия масштабов страны, где функционирует около миллиона базовых станций всех стандартов.

Экономическая эффективность внедрения 5G в ближайшие годы будет сосредоточена не в потребительском сегменте, а в промышленном секторе. Эксперт отмечает, что технология критически важна для автоматизации заводов, логистических центров, видеоаналитики и беспилотного транспорта, где востребованы низкие задержки и высокая плотность подключений. Массовый пользователь вряд ли будет готов платить больше за незначительный прирост скорости, поэтому первые сети в миллионниках станут скорее полигоном для отработки индустриальных сценариев. Полноценный результат, по мнению Яблокова, можно будет оценивать лишь к 2029 году, когда совпадут три фактора: наличие серийного российского оборудования, достаточная плотность сети и обновление парка абонентских устройств.

Ранее ведущий аналитик Mobile Research Group Эльдар Муртазин прокомментировал «Телеспутнику», что развертывание сетей пятого поколения на существующих частотах LTE способно ускорить развитие нового формата связи в стране, однако выделенные частоты не могут стать полноценной альтернативой.

Фото: 123RF",Телеспутник,proxy/deepseek-v4-flash
Телеспутник,"Московский суд оштрафовал Telegram, Google, Apple и Pinterest по ч. 2 ст. 13.41 КоАП за неудаление контента","Суд в Москве оштрафовал Telegram, Google, Apple и Pinterest за неудаление контента",https://telesputnik.ru/materials/gov/news/sud-v-moskve-ostrafoval-telegram-google-apple-i-pinterest-za-neudalenie-kontenta,Денис Чупров,Регулирование,Низкий,"Таганский районный суд Москвы оштрафовал Google, Telegram, Apple Distribution International и Pinterest Europe по ч. 2 ст. 13.41 КоАП РФ за неудаление информации. Суммы штрафов: Google — 7,6 млн руб., Telegram — 11,4 млн руб. по трем протоколам, Apple — 3,5 млн руб., Pinterest — 3,8 млн руб. Также Pinterest грозит до 8 млн руб. по ч. 4 ст. 13.41 КоАП РФ.","Wed, 02 Sep 2026 13:23:00 +0300","Таганский районный суд Москвы, Google LLC, Telegram, Apple Distribution International LTD, Pinterest Europe Limited, ТАСС",Суд оштрафовал иностранные интернет-компании за неудаление запрещенной информации,"2 сентября 2026 года (дата публикации); заседания прошли ранее, подробности не указаны","Новость отражает усиление практики привлечения иностранных IT-платформ к административной ответственности за неудаление контента. Для GS Labs как российского разработчика ПО для ТВ/OTT может означать продолжение тренда на регулирование интернет-платформ, но прямого влияния на деятельность компании не оказывает.",штрафы; КоАП 13.41; Telegram; Google; Apple; Pinterest; неудаление контента,noise,"Новость касается зарубежных интернет-платформ и не связана с деятельностью GS Labs, которая специализируется на ПО для цифрового ТВ, OTT и DRM. Компания не является владельцем информационных ресурсов, подпадающих под ст. 13.41 КоАП РФ.",false,"Как сообщает ТАСС, компанию Google LLC, суд признал виновной по ч. 2 ст. 13.41 КоАП РФ (неудаление владельцем сайта или владельцем информационного ресурса в интернете информации или интернет-страницы) и назначил наказание в виде штрафа в размере 7,6 млн рублей. Всего в отношении компании было рассмотрено два протокола об административном правонарушении по этой статье КоАП РФ. Google оштрафовали за неудаление информации о сервисе Wheely (заблокирован в РФ) — международный сервис для заказа премиального трансфера.

Компанию Telegram суд признал виновной также по ч. 2 ст. 13.41 КоАП РФ и назначил штраф 3,8 млн рублей. Всего было рассмотрено три протокола об административном правонарушении по этой статье КоАП РФ, общая сумма штрафов составила 11,4 млн рублей. Нарушения касались информации, несоответствующей действительности, в том числе о действиях Вооруженных сил России в зоне СВО.

Компания Apple Distribution International LTD была признана виновной также по ч. 2 ст. 13.41 КоАП РФ, ей назначен штраф — 3,5 млн рублей. Заседание прошло в закрытом режиме по просьбе представителей Apple, сославшихся на неразглашение информации о функционировании сервиса (данных пользователей). Как ожидается, представители компании обжалуют решение в апелляции.

Pinterest Europe Limited назначен штраф 3,8 млн рублей, также по ч. 2 ст. 13.41 КоАП РФ. Кроме того, в отношении компании европейского подразделения компании Pinterest Inc. составлен административный протокол по ч. 4 ст. 13.41 КоАП РФ (неудаление владельцем сайта информации, содержащей призывы к осуществлению экстремистской деятельности, материалы с порнографическими изображениями несовершеннолетних). По этой статье КоАП РФ Pinterest Europe Limited грозит штраф до 8 млн рублей.

Ранее «Телеспутник» писал, что в августе Таганский районный суд Москвы оштрафовал Telegram, Google, Microsoft и Techiepie. Общий размер взысканий составил 14,6 млн рублей.

Фото: 132rf",Телеспутник,proxy/deepseek-v4-flash
Кабельщик,Минцифры прорабатывает внедрение института аварийного оператора связи по инициативе малых операторов,"Минцифры рассмотрит модель ""аварийного оператора"" для реформы рынка связи",https://www.cableman.ru/content/mintsifry-rassmotrit-model-avariinogo-operatora-dlya-reformy-rynka-svyazi,Кабельщик,Регулирование,Низкий,"Минцифры в письме от 3 сентября подтвердило проработку модели аварийного (резервного) оператора связи, предложенной Ассоциацией малых операторов связи регионов. Модель предполагает предварительный договор между операторами, чтобы при нарушении лицензии временно передать сеть аварийному оператору. Глава ассоциации выразил опасения, что новые финансовые требования могут негативно сказаться на региональных операторах.",—,"Минцифры России, Ассоциация малых операторов связи регионов (Дмитрий Галушко), Роскомнадзор",Минцифры рассматривает модель аварийного (резервного) оператора при реформе лицензирования связи,Письмо Минцифры от 3 сентября; сроки принятия решений не указаны,"Возможно изменение порядка лицензирования операторов с временной передачей сетей при нарушениях, что может повлиять на малых региональных операторов. Для GS Labs косвенное влияние через изменение рынка операторов-клиентов.",Минцифры; реформа связи; лицензирование; аварийный оператор; малые операторы; Роскомнадзор,low,"Новость не касается напрямую продуктов GS Labs; изменение лицензирования операторов может в перспективе повлиять на состав заказчиков, но без прямых последствий для разработки ПО и реестра.",true,"Минцифры России прорабатывает предложения по созданию института аварийного, или резервного, оператора связи. Об этом говорится в письме ведомства, которое оно направило Ассоциации малых операторов связи регионов 3 сентября.

В письме Минцифры указано, что ведомство прорабатывает предложенные ассоциацией альтернативные варианты формирования отрасли, в том числе модель аварийного (резервного) оператора связи. Документ был направлен в ответ на обращения ассоциации от 17 и 18 августа по вопросу подготовки проекта федерального закона о реформировании отрасли связи.

Предложенная ассоциацией модель предполагает, что оператор заранее заключает предварительный договор с другим оператором, имеющим лицензию на оказание услуг связи в соответствующем регионе. Именно этот оператор становится аварийным и при необходимости получает сеть первого оператора во временное пользование. В предварительном договоре предусматривается выплата собственнику сети 10% выручки на период действия соглашения.

Если Роскомнадзор выявляет нарушение условий лицензии, ее действие приостанавливается, а оператору устанавливается срок для устранения нарушения. После этого предварительный договор с аварийным оператором вступает в силу, а сеть передается ему во временное пользование до окончания периода приостановки лицензии.

Если оператор устраняет нарушение, Роскомнадзор или межведомственная комиссия подтверждает выполнение требований и возобновляет действие лицензии. Если требования не выполнены, лицензия не возобновляется, а сеть может быть передана аварийному оператору в постоянное пользование. При этом собственнику сети должна выплачиваться компенсация за право пользования инфраструктурой.

Во время выступления на отраслевой пресс-конференции ""Реформа телеком-отрасли: что ждет российский рынок связи?"" глава ассоциации Дмитрий Галушко отметил, что такая схема должна дать оператору возможность исправить нарушение и сохранить бизнес, а не приводить к немедленной передаче сети. По его словам, лицензию, в случае нарушения, следует временно приостанавливать, а не отбирать.

Спикер также отметил возможные последствия реформы лицензирования для регионального рынка. По его оценке, новые финансовые требования могут особенно сильно повлиять на небольших операторов, работающих за пределами крупнейших городов. Дмитрий отметил, что условия работы операторов в Москве и Санкт-Петербурге заметно отличаются от ситуации в большинстве регионов, в том числе по объему выручки и плотности абонентской базы.

В случае введения новых требований к размеру выручки или финансовым показателям операторов часть региональных компаний может прекратить работу, а их сети придется передавать федеральным операторам. Он также предупредил, что новые финансовые и лицензионные требования могут затормозить развитие региональных операторов. По его словам, некоторые компании за 10–15 лет выросли с выручки около 10 млн рублей до 1 млрд рублей, постепенно развивая бизнес на своем рынке. Если значительную часть средств придется направить на выполнение новых требований, у операторов может остаться меньше ресурсов для дальнейшего расширения.

В письме Минцифры не указаны сроки принятия решений по предложенной модели и параметры будущего законопроекта. Ведомство лишь подтвердило, что продолжает прорабатывать предложения ассоциации.

Напомним, ранее ""Кабельщик"" писал, что реформа лицензирования связи может особенно сильно ударить по новым регионам.",Кабельщик,proxy/deepseek-v4-flash
Кабельщик,Госзаказчики увеличили закупки фиксированной и IP-телефонии из-за нестабильности мобильной связи,Госсектор переходит на фиксированную связь из-за перебоев в работе мобильных сетей,https://www.cableman.ru/content/gossektor-perekhodit-na-fiksirovannuyu-svyaz-iz-za-pereboev-v-rabote-mobilnykh-setei,Кабельщик,Экономика,Низкий,"В первом полугодии 2026 года госзакупки услуг связи выросли на 20% и достигли 22,4 млрд рублей. На фоне падения качества мобильной связи и работы РЭБ госзаказчики увеличили закупки фиксированной телефонной связи на 42% и IP-телефонии на 77%. Расходы на мобильную связь снизились на 27%, ожидается дальнейший рост рынка фиксированной связи.",—,"Госзаказчики, Forbes, РТС-тендер, Ростелеком, RUVDS",Рост госзакупок фиксированной связи и IP-телефонии при снижении закупок мобильной связи,"Данные за январь–июнь 2026 года, дата публикации не указана","Восстановление рынка фиксированной связи, переход госсектора на IP-АТС и защищенные каналы, возможное перераспределение бюджетов телеком-операторов. Для GS Labs — косвенное влияние через изменение спроса операторов на инфраструктурные решения, но не на продукты компании.",госзакупки; фиксированная связь; IP-телефония; мобильная связь; РЭБ; телеком; Ростелеком; связь,noise,"Новость о госзакупках фиксированной связи не связана с продуктами GS Labs (цифровое ТВ, OTT, DRM). Компания не работает в сегменте телефонии, поэтому событие не оказывает прямого влияния на её бизнес.",false,"В первом полугодии 2026 года государственные закупки услуг связи выросли на 20% по сравнению с аналогичным периодом прошлого года, достигнув 22,4 млрд рублей, пишет издание Forbes. Ключевым трендом стало возвращение госзаказчиков к проводной телефонии: спрос на услуги фиксированной связи подскочил на 42%, а на IP-телефонию — на 77%. Эксперты связывают это с падением качества мобильной связи, нестабильностью интернет-соединения и необходимостью обеспечения надежных каналов коммуникации для критических нужд.

По данным ""РТС-тендер"", всего за январь—июнь 2026 года было проведено 7 тыс. закупок услуг проводной, беспроводной и спутниковой связи. При этом спрос на сегменты был неоднородным. Объем закупок фиксированной телефонной связи составил 415 млн рублей, продемонстрировав рост на 42%, а расходы на IP-телефонию выросли до 76 млн рублей с 43 млн, показав увеличение на 77%. В то же время затраты на мобильную связь снизились на 27,3%, составив 800 млн рублей против 1,1 млрд рублей годом ранее. Спрос на услуги проводного интернета остался стабильным на уровне 2,26 млрд рублей, что соответствует росту на 2,7%, тогда как объем закупок беспроводного интернета вырос на 34,5%, достигнув 183 млн рублей.

Эксперты отмечают, что с учетом традиционного пика закупок в IV квартале, итоговая сумма контрактов за весь 2026 год может превысить 70 млрд рублей.

Из-за воздействия средств радиоэлектронной борьбы, которые зачастую подавляют не только сигналы беспилотников, но и корпоративный Wi-Fi, предприятия вынуждены спешно разворачивать проводную инфраструктуру. На этом фоне рынок фиксированной связи, который годами демонстрировал падение, начал восстанавливаться, отмечают эксперты.

По данным отчетности ""Ростелекома"", на конец 2025 года количество частных пользователей домашнего телефона сократилось на 12% (до 6 млн человек), а корпоративных и государственных — на 5% (до 2 млн). Однако текущая геополитическая и техническая ситуация вынуждает заказчиков перестраивать инфраструктуру, отмечает генеральный директор хостинг-провайдера RUVDS Никита Цаплин. Теперь заказчики отдают предпочтение современным IP-АТС, которые выводят весь голосовой трафик через защищенные сети лицензированных операторов. Это позволяет минимизировать риски, связанные с недоступностью публичного интернета и мессенджеров.

Напомним, ранее ""Кабельщик"" писал, что ""Эн+ телеком"" запустил виртуального мобильного оператора в Иркутской области.",Кабельщик,proxy/deepseek-v4-flash
Кабельщик,«Бюро 1440» начало тестирование спутникового интернета «Рассвет» с РЖД,"""Бюро 1440″ приступило к практическому тестированию российского спутникового интернета",https://www.cableman.ru/content/byuro-1440-pristupilo-k-prakticheskomu-testirovaniyu-rossiiskogo-sputnikovogo-interneta,Кабельщик,Технологии,Низкий,"Российская компания «Бюро 1440» (входит в «ИКС Холдинг») перешла к практической апробации спутниковой широкополосной связи с участием первых потребителей. В рамках проекта «Рассвет» на одном из поездов дальнего следования установлен первый терминал, а в планах — оснастить 135 скоростных поездов «Сапсан» и «Ласточка». Апробация на железнодорожном транспорте продлится до конца 2027 года.",—,"«Бюро 1440», «ИКС Холдинг», РЖД",Начало практического тестирования российского спутникового интернета «Рассвет» на железнодорожном транспорте,"не указано, этап апробации продлится до конца 2027 года","Развитие спутникового интернета в России может повлиять на телеком-рынок, но для GS Labs, работающей в сфере цифрового ТВ и OTT, это скорее фоновый тренд. Возможно расширение рынка широкополосного доступа в удалённых регионах, что косвенно создаёт спрос на OTT-сервисы в перспективе, но прямого влияния на продукты GS Labs нет.",спутниковый интернет; Бюро 1440; ИКС Холдинг; РЖД; Рассвет; телеком,noise,"Новость не касается продуктов GS Labs: речь о спутниковой связи, а не о цифровом ТВ, OTT, защите контента или регулировании, связанном с реестром ПО.",false,"Российская компания ""Бюро 1440″ (входит в ""ИКС Холдинг"") начала этап апробации сервиса спутниковой широкополосной связи с участием первых потребителей. Об этом сообщил генеральный директор ИКС Холдинга Алексей Шелобков "" Вестям "". Проект ""Рассвет"", предполагающий развертывание собственной низкоорбитальной группировки, перешел из стадии исследований к реальной эксплуатации, что позволит обеспечить стабильный доступ в сеть даже в удаленных регионах страны.

Важным этапом тестирования стало партнерство с РЖД. Как сообщил Алексей Шелобков, на одном из поездов дальнего следования уже установлен первый терминал для приема спутникового сигнала. В планах компании — оснастить специальным оборудованием 135 скоростных составов ""Сапсан"" и ""Ласточка"", курсирующих между Москвой, Санкт-Петербургом и другими городами. Апробация системы на железнодорожном транспорте продлится до конца 2027 года.

Руководство ""ИКС Холдинга"" подчеркивает, что создание системы ""Рассвет"" — не просто попытка повторить зарубежные аналоги, а формирование технологического суверенитета в области связи. По словам Алексея Шелобкова, спутниковая группировка станет основой стандарта связи будущего, обеспечив российским пользователям независимый доступ к высокоскоростному интернету на всей территории страны и за ее пределами.

Разработчики отмечают, что текущие тесты проходят с опережением графика, что позволяет в реальных условиях оценить надежность гибридной сети. Развертывание спутниковой инфраструктуры рассматривается властями как ключевой инструмент устранения цифрового неравенства, а сам космос для холдинга — как полноценная инфраструктурная среда для развития бизнеса.

Напомним, ранее ""Кабельщик"" писал, что Россия успешно вывела на орбиту вторую партию спутников связи для обеспечения глобального доступа в интернет.",Кабельщик,proxy/deepseek-v4-flash
Кабельщик,Генеральный адвокат Суда ЕС рекомендовал отменить первоначальные санкции ЕС против «Мегафона»,"В Суде ЕС нашли нарушения при введении санкций против ""Мегафона""",https://www.cableman.ru/content/v-sude-es-nashli-narusheniya-pri-vvedenii-sanktsii-protiv-megafona,Кабельщик,Политика,Низкий,"Генеральный адвокат Суда ЕС Андреа Бьонди высказался за отмену первоначальных санкций Евросоюза против «Мегафона». Он считает, что Совет ЕС не имел достаточных доказательств для включения оператора в санкционный список, а также были нарушены права компании на защиту. Заключение носит рекомендательный характер и не является обязательным для Суда ЕС.",—,"«Мегафон», Суд ЕС, генеральный адвокат Андреа Бьонди, Совет ЕС",Генеральный адвокат Суда ЕС рекомендовал отменить первоначальные санкции ЕС против «Мегафона» из-за процессуальных нарушений и недостатка доказательств,Точная дата не указана; апелляция рассматривается после отклонения иска Общим судом ЕС в январе 2025 года,"Если Суд ЕС последует за рекомендацией, первоначальные санкции против «Мегафона» будут отменены, что создаст прецедент для других российских компаний, оспаривающих санкции ЕС. Для GS Labs прямых последствий не ожидается.",санкции; ЕС; Мегафон; Суд ЕС; телеком,noise,"Новость касается судебного спора «Мегафона» с Советом ЕС и не связана с продуктами или регулированием в сфере цифрового ТВ, OTT, CAS/DRM. GS Labs не является стороной процесса, поэтому событие не оказывает прямого влияния на её деятельность.",false,"Генеральный адвокат Суда ЕС Андреа Бьонди рекомендовал отменить первоначальные санкционные ограничения Евросоюза в отношении российского оператора ""Мегафон"", пишет ""Коммерсант""

По мнению Бьонди, Совет ЕС на момент включения компании в санкционный список не располагал достаточным доказательным досье. Кроме того, Общий суд ЕС допустил правовые ошибки, признав обоснованной ссылку на ""общеизвестный факт"" о поддержке ""Мегафоном"" российского военно-промышленного комплекса, хотя в первоначальных санкционных актах этот факт не упоминался и подтверждающие его материалы отсутствовали.

Генеральный адвокат также указал на нарушение права компании на защиту. После введения ограничений ""Мегафон"" получил лишь общий критерий для применения санкций, без конкретных фактов и доказательств, которые могли бы подтвердить претензии ЕС.

Бьонди предложил удовлетворить ряд ключевых доводов апелляции оператора, в том числе связанных с оценкой доказательств и правом на эффективную судебную защиту. При этом заключение генерального адвоката носит рекомендательный характер и не обязывает Суд ЕС следовать ему при вынесении окончательного решения.

""Мегафон"" попал под санкции ЕС в феврале 2023 года. Ограничения предусматривают усиленный контроль за экспортом товаров и технологий двойного назначения, а также продукции, способной способствовать развитию российского оборонного сектора. В мае 2023 года ""Мегафон"" обратился в Европеский суд, требуя отменить санкции. Оператор заявлял, что ему заранее не сообщили о решении включения компании в санкционный список и не дали возможности предоставить свои замечания. Кроме того, ""Мегафону"" не назвали причины решения. Оператор также посчитал санкции несоразмерными. В январе 2025 года Общий суд ЕС отклонил иск ""Мегафона"" об отмене санкций, после чего компания обжаловала это решение в Суде ЕС.",Кабельщик,proxy/deepseek-v4-flash
Кабельщик,Путин поручил РЖД обеспечить региональные столицы Дальнего Востока квантовой сетью к 2030 году,Путин поручил подключить Дальний Восток к квантовой сети к 2030 году,https://www.cableman.ru/content/putin-poruchil-podklyuchit-dalnii-vostok-k-kvantovoi-seti-k-2030-godu,Кабельщик,Технологии,Низкий,"Президент России Владимир Путин поручил РЖД к 2030 году обеспечить квантовой сетью все региональные столицы Дальнего Востока. Развитием квантовых коммуникаций занимается сеть на базе РЖД, её магистральная протяженность уже превышает 7,8 тыс. км и охватывает 27 регионов. Поручение было озвучено на Восточном экономическом форуме.",—,"Владимир Путин (президент РФ), РЖД",Поручение президента о подключении региональных столиц Дальнего Востока к квантовой сети к 2030 году,К 2030 году; точная дата поручения не указана (озвучено на ВЭФ),"Развитие квантовых коммуникаций на Дальнем Востоке может усилить требования к защищённой передаче данных, однако для GS Labs, работающей в сфере ТВ/OTT и защиты контента, прямых последствий не ожидается.",квантовые коммуникации; информационная безопасность; Дальний Восток; поручение президента; РЖД; инфраструктура связи,noise,"Новость не относится к направлениям GS Labs: разработка квантовых сетей не связана с продуктами для цифрового ТВ, CAS/DRM или OTT. Косвенное влияние через развитие инфраструктуры информационной безопасности маловероятно.",false,"Президент России Владимир Путин поручил обеспечить все региональные столицы Дальнего Востока квантовой сетью к 2030 году. Об этом он заявил на пленарном заседании Восточного экономического форума.

Развитием квантовых коммуникаций в России занимается сеть, головной компанией которой выступают ""Российские железные дороги"". Ее магистральная протяженность уже превышает 7,8 тыс. км. Сеть объединяет 27 регионов, включая 13 городов-миллионников.

Президент поручил РЖД расширить квантовые коммуникации на Дальний Восток, чтобы подключить региональные центры к единой системе высокоскоростного и защищенного обмена информацией и данными.

Напомним, как ранее писал ""Кабельщик"", на Дальнем Востоке построят крупнейший в России комплекс по производству полупроводников.",Кабельщик,proxy/deepseek-v4-flash
Кабельщик,Глава «Газпром-Медиа» спрогнозировал переход 75% ТВ-контента в цифровую среду к 2029 году,"""Газпром-Медиа"" прогнозирует переход 75% ТВ-контента в интернет к 2029 году",https://www.cableman.ru/content/gazprom-media-prognoziruet-perekhod-75-tv-kontenta-v-internet-k-2029-godu,Кабельщик,Технологии,Средний,"Генеральный директор «Газпром-Медиа» Александр Жаров заявил, что к 2028–2029 годам до 75% телевизионного контента будет распространяться в цифровой среде, а эфирное ТВ сохранится в нишевых форматах. Холдинг наращивает собственное производство на 30% ежегодно, развивает Rutube (суточная аудитория 20 млн человек) и делает ставку на ИИ. Жаров также предложил создать реестр отечественных датасетов и механизм выплат правообладателям за использование контента в обучении нейросетей.",—,"Александр Жаров, ПАО «Газпром-Медиа Холдинг»",Заявление о прогнозе перехода 75% ТВ-контента в интернет к 2029 году,"Прогноз на 2028–2029 годы, точная дата публикации не указана","Для отрасли — ускорение перехода телевещания в цифровую среду, рост OTT-платформ, конкуренция за внимание и внедрение ИИ. Для GS Labs — расширение рынка OTT и DRM, запрос на безопасную доставку и защиту контента; возможное появление обязательств по маркировке ИИ-контента и регулированию датасетов.",OTT; ТВ-контент; Газпром-Медиа; Rutube; ИИ; цифровая среда,medium,"Новость подтверждает стратегический тренд, который напрямую влияет на рынок OTT/DRE с продуктами GS Labs (DREAMPlatform, DRM DREPLUS). Однако это прогноз без немедленных мер, поэтому влияние скорее долгосрочное.",true,"Генеральный директор ""Газпром-Медиа Холдинга"" Александр Жаров в своем интервью "" Коммерсанту "" заявил, что медиарынок ожидает фундаментальная трансформация: к 2028–2029 годам до 75% телевизионного контента будет распространяться исключительно в цифровой среде. Несмотря на отток аудитории из эфира, классическое телевидение не исчезнет, а трансформируется в нишевые форматы, адаптированные под интернет-потребление.

Основным вектором развития медиабизнеса Жаров назвал ""экономику внимания"". В условиях жесткой конкуренции медиакомпании теперь соперничают за время пользователя не только с другими телеканалами, но и с маркетплейсами, банковскими приложениями и социальными сетями. Ключом к успеху, по его словам, является создание ""конвергентного контента"", который одинаково востребован и в эфире, и в формате коротких видеороликов (Shorts), и на стриминговых платформах.

Холдинг продолжает наращивать объемы собственного производства, увеличивая их на 30% ежегодно. Сейчас компания выпускает более 3 тыс. часов оригинального контента в год, полностью заменив ушедшие зарубежные проекты собственными интеллектуальными правами. При этом акцент смещается в сторону работы с цифровыми площадками. Суточная аудитория видеохостинга Rutube достигла 20 млн человек, а к концу года показатель должен вырасти до 30 млн. В 2025 году холдинг выплатил блогерам 1,5 млрд рублей, а в текущем году ожидает трехкратного роста рекламной выручки площадки.

Александр Жаров отметил, что развитие искусственного интеллекта станет главным вызовом ближайшего десятилетия. ИИ уже активно используется внутри ""Газпром-Медиа"" для автоматизации поиска, модерации и рекомендательных систем, которые позволяют удерживать на платформах более 40% пользователей. В ближайшие годы нейросети должны кратно удешевить производство сложной компьютерной графики для кино и сериалов.

Однако глава холдинга подчеркнул наличие серьезных этических рисков. По его мнению, вопрос использования авторского контента для обучения нейросетей требует законодательного регулирования. Жаров предложил создать реестр отечественных датасетов и механизм выплат вознаграждений правообладателям, отметив, что окончательный ответ на этот вызов индустрия должна найти в ближайшие три года.

Напомним, ранее ""Кабельщик"" писал, что россияне проводят за просмотром медиаконтента почти девять часов в сутки.",Кабельщик,proxy/deepseek-v4-flash
Кабельщик,Участники рынка предложили строить межрегиональные хабы ЦОД для решения дефицита энергомощностей,В России обсуждается создание межрегиональных хабов центров обработки данных,https://www.cableman.ru/content/v-rossii-obsuzhdaetsya-sozdanie-mezhregionalnykh-khabov-tsentrov-obrabotki-dannykh,Кабельщик,Технологии,Низкий,"Участники рынка дата-центров предложили концепцию создания межрегиональных хабов ЦОД для более равномерного распределения вычислительных нагрузок и решения дефицита электроэнергии. Планируется строительство 30–40 крупных центров, обслуживающих несколько регионов. Минцифры рассматривает инициативу в рамках стратегии до 2030 года.",—,"Участники рынка дата-центров, Минцифры, Минэнерго, «Ростелеком», региональные власти",Предложена концепция межрегиональных хабов ЦОД для оптимизации вычислительных мощностей и энергоснабжения,"не указано — инициатива прорабатывается, стратегия до 2030 года","Возможное строительство децентрализованных ЦОД-мощностей, влияющее на рынок облачных услуг и размещение ИТ-инфраструктуры компаний, включая операторов платного ТВ. Для GS Labs это может означать изменение условий размещения сервисов, но прямых изменений в регулировании нет.",дата-центры; ЦОД; цифровая инфраструктура; энергопотребление; искусственный интеллект; Минцифры,low,"Новость касается инфраструктуры ЦОД, а не разработки ПО для телевидения/OTT. Косвенное влияние возможно через размещение продуктов на мощностях операторов связи, но прямого отношения к деятельности GS Labs нет.",true,"Для оптимизации использования вычислительных мощностей и решения проблем с дефицитом электроэнергии участники рынка дата-центров предложили концепцию межрегиональных хабов. Об этом пишет издание "" Ведомости "". Инициатива предполагает строительство крупных ЦОДов, каждый из которых будет обслуживать сразу несколько субъектов Российской Федерации.

По оценкам экспертов, для покрытия потребностей страны может потребоваться создание от 30 до 40 таких центров. Концепция призвана преодолеть существующую проблему избыточной концентрации дата-центров в Московском регионе, где возможности для подключения новых мощностей к энергосетям становятся все более ограниченными. Межрегиональный подход позволит распределять нагрузку на ИТ-системы более равномерно и обеспечит доступ к вычислительным ресурсам в субъектах, где строительство собственных крупных ЦОДов экономически нецелесообразно.

Создание инфраструктуры уровня Tier III требует значительных капиталовложений: строительство здания и инженерных систем обходится в сумму от 0,9 до 1,5 млрд рублей на 1 МВт мощности, без учета стоимости серверного оборудования. Рост спроса на вычислительные мощности, особенно со стороны проектов в сфере искусственного интеллекта, делает развитие подобных хабов закономерным этапом. ИИ-системы требуют интенсивного энергопотребления, и эксперты ожидают, что децентрализация вычислений станет ключевым трендом: инференс (работа обученных моделей) позволит сделать региональные площадки коммерчески востребованными.

Идею создания хабов уже прорабатывают на уровне федеральных округов, включая Урал и Поволжье. По словам представителей индустрии, для успешного запуска проекта потребуется синхронизация усилий бизнеса, региональных властей и федеральных министерств. Ожидается, что реализацией концепции могут заняться крупные инфраструктурные игроки, такие как ""Ростелеком"" или специализированные сетевые операторы.

Минцифры подтвердило, что рассматривает различные предложения по развитию инфраструктуры ЦОДов в рамках общей стратегии до 2030 года. По прогнозам Минэнерго, потребность дата-центров в энергомощностях к концу десятилетия может вырасти до 2,5 ГВт, что делает вопрос эффективного размещения новых объектов критически важным для цифрового суверенитета страны.

Напомним, ранее ""Кабельщик"" писал, что ЦОДы усиливают защиту после нового указа о критической инфраструктуре.",Кабельщик,proxy/deepseek-v4-flash
Кабельщик,Отраслевые ассоциации заявили о рисках реформы лицензирования для малых операторов в новых регионах,"""Ростелесеть"": реформа лицензирования связи может особенно сильно ударить по новым регионам",https://www.cableman.ru/content/rosteleset-reforma-litsenzirovaniya-svyazi-mozhet-osobenno-silno-udarit-po-novym-regionam,Кабельщик,Регулирование,Низкий,"Представители отраслевых ассоциаций («Ростелесеть», АСТО, АМОР) на пресс-конференции заявили, что планируемая реформа лицензирования операторов связи с ужесточением требований к покрытию и капиталу может привести к уходу с рынка малых операторов в новых регионах. Это, по их мнению, негативно скажется на доступе населения к связи и телевидению.",—,"Ассоциация «Ростелесеть», АСТО, АМОР, малые операторы связи, новые регионы",Обсуждение последствий реформы лицензирования операторов связи,не указано (пресс-конференция состоялась в текущем периоде),"Возможен уход с рынка малых операторов в новых регионах, сокращение доступности связи и телевещания; для GS Labs — косвенное влияние на клиентскую базу операторов.",лицензирование связи; реформа; малые операторы; новые регионы; телеком-регулирование,low,"Тема не касается напрямую GS Labs, так как компания не является оператором связи. Реформа может косвенно повлиять на спрос со стороны небольших операторов — потенциальных заказчиков ПО для ТВ, но системного воздействия на текущие продукты не создаёт.",true,"Новые регионы могут оказаться среди территорий, наиболее уязвимых к предполагаемой реформе лицензирования операторов связи. По оценке представителей отраслевых ассоциаций, ужесточение требований способно привести к уходу с рынка малых операторов, которые сегодня обеспечивают связь в небольших населенных пунктах, где крупным компаниям экономически невыгодно развивать инфраструктуру.

О возможных последствиях реформы представители Ассоциации телекоммуникационных операторов (АСТО), Ассоциации малых операторов связи регионов (АМОР) и ассоциации ""Ростелесеть"" говорили на отраслевой пресс-конференции ""Реформа телеком-отрасли: что ждет российский рынок связи?"" По словам главы ""Ростелесети"" Олега Грищенко, новые регионы могут особенно пострадать от изменений.

Предполагаемая реформа предусматривает замену действующих лицензий тремя уровнями – базовой, универсальной и генеральной. Для получения универсальной лицензии, необходимой в том числе для оказания услуг широкополосного доступа в интернет, оператор должен будет иметь сеть, охватывающую не менее 30% муниципальных образований субъекта и 15% многоквартирных домов в городах. Кроме того, предусматривается требование к собственным средствам оператора в размере 100 млн рублей.

Для небольших операторов новых регионов такие требования могут оказаться неподъемными. Как отметил Грищенко, местные компании, которых достаточно много, исторически работают с небольшим числом абонентов и зачастую обслуживают отдельные села, деревни и другие небольшие территории. Их бизнес-модель формировалась в условиях ограниченной платежеспособности населения и высокой стоимости строительства и эксплуатации сетей.

По его словам, операторы уже привлекают кредиты для строительства и восстановления сетей, поэтому новые финансовые и инфраструктурные требования могут стать для них серьезным дополнительным ударом.

При этом значение таких компаний выходит за рамки коммерческих услуг. По словам представителя ассоциации, операторы новых регионов работают в сложных условиях, восстанавливают инфраструктуру после боевых действий и нередко одними из первых возвращаются на территории, где необходимо восстановить связь. Их сети обеспечивают населению доступ к интернету и телевидению, возможность поддерживать связь с родственниками и оставаться в едином информационном пространстве, а также способствуют тому, чтобы люди не уезжали в другие города. ""Будет огромный удар не только по операторам, но и по населению, которое там проживает"", – отметил Грищенко.

Ранее ""Кабельщик"" писал, что региональные операторы связи занимают порядка 42% рынка против 58% у федеральных игроков. При этом основу регионального сегмента составляют устойчивые средние компании, однако обсуждаемая реформа лицензирования — с повышением платежей, требований к капиталу и покрытию — сильнее всего ударит по небольшим B2C-провайдерам.",Кабельщик,proxy/deepseek-v4-flash
Кабельщик,В России с 1 сентября 2026 года вводится ГОСТ IEC 60825-2-2025 по безопасности ВОЛС,В России начал действовать новый ГОСТ по безопасности ВОЛС,https://www.cableman.ru/content/v-rossii-nachal-deistvovat-novyi-gost-po-bezopasnosti-vols,Кабельщик,Регулирование,Низкий,"С 1 сентября 2026 года вводится в действие ГОСТ IEC 60825-2-2025, устанавливающий требования безопасности лазерной аппаратуры и волоконно-оптических линий связи (ВОЛС). Документ заменяет предыдущий ГОСТ IEC 60825-2-2013 и предписывает оценивать уровень опасности отдельно в каждой доступной зоне ВОЛС.",—,"Росстандарт, операторы связи, дата-центры, эксплуатанты ВОЛС",Введение нового ГОСТ по безопасности лазерной аппаратуры для волоконно-оптических линий связи,Вступает в силу с 1 сентября 2026 года,"Организации, эксплуатирующие ВОЛС, должны будут пересмотреть процедуры оценки лазерной опасности и привести документацию в соответствие с новым стандартом. На деятельность GS Labs как разработчика ПО для цифрового ТВ и CAS/DRM прямо не влияет, но может косвенно затронуть инфраструктуру телеком-операторов.",ВОЛС; лазерная безопасность; ГОСТ; безопасность; телеком,low,"Новый ГОСТ не касается разработки ПО, защищённого контента или реестра российского ПО GS Labs, но связан с телеком-инфраструктурой, которая используется операторами — партнёрами компании.",true,"С 1 сентября 2026 года в России введен в действие ГОСТ IEC 60825-2-2025 ""Безопасность лазерной аппаратуры. Часть 2. Безопасность волоконно-оптических линий связи (ВОЛС)"".

Документ устанавливает требования и практические рекомендации по безопасной эксплуатации и техническому обслуживанию волоконно-оптических линий связи. Стандарт учитывает особенности систем, в которых оптическое излучение может быть доступно за пределами передающего оборудования или на значительном удалении от его источника.

Одним из ключевых положений ГОСТа является необходимость оценивать уровень опасности непосредственно в каждой доступной зоне ВОЛС вместо классификации всей системы по правилам IEC 60825-1. Требования распространяются на установленные ВОЛС как на комплексные системы генерации, передачи и приема оптического излучения от лазеров, светодиодов и оптических усилителей.

ГОСТ также применяется к отдельным компонентам и узлам, предназначенным для установки в ВОЛС. При этом лазерные изделия, используемые для передачи оптической мощности в медицинских целях или для обработки материалов, в сферу действия документа не входят.

В стандарте прописано, что помимо лазерного излучения волоконно-оптические системы могут создавать и другие риски, включая опасность воспламенения. Однако вопросы взрыво- и пожаробезопасности ВОЛС, эксплуатируемых во взрывоопасных средах, документ не регулирует. ГОСТ IEC 60825-2-2025 принят в качестве замены ГОСТ IEC 60825-2-2013.

Напомним, как ранее писал ""Кабельщик"", крупные дата-центры и магистральные ВОЛС станут частью федеральных схем территориального планирования.",Кабельщик,proxy/deepseek-v4-flash
Кабельщик,Правительство РФ утвердило новые требования к регистрации доменных имен и отбору регистраторов,Правительство установило новые требования к регистрации доменов,https://www.cableman.ru/content/pravitelstvo-ustanovilo-novye-trebovaniya-k-registratsii-domenov,Кабельщик,Регулирование,Низкий,"Правительство РФ приняло два постановления, устанавливающие новые правила регистрации и использования доменных имен в зонах .ru, .рф и .su, а также правила формирования перечней регистраторов. Для доменов введено ограничение длины от 2 до 63 символов, администраторы обязаны проходить ежегодную идентификацию. К регистраторам предъявлены требования по размеру чистых активов (не менее 1 млн руб.) и отсутствию аффилированности с иностранными лицами. Оба постановления опубликованы 1 сентября 2026 года.",—,"Правительство РФ, администраторы доменных имен, юридические лица-регистраторы доменов","Утверждены требования к регистрации и использованию доменных имен и к российским компаниям, которые могут осуществлять регистрацию доменов","Постановления №1119 и №1120 от 31.08.2026, опубликованы 01.09.2026; дата вступления в силу не указана","Отрасль регистрации доменов и администраторы сайтов в зонах .ru, .рф, .su получают дополнительные обязанности; регистраторам нужно соответствовать финансовым и антиофшорным требованиям. Для GS Labs прямое влияние на продукты маловероятно, но компания как владелец собственных доменов может столкнуться с ежегодной идентификацией.",доменные имена; регистрация доменов; Правительство РФ; регулирование; .ru; .рф; .su,low,Изменения не затрагивают продукты GS Labs и реестр российского ПО; возможное влияние ограничено административными процедурами по собственным доменам компании.,true,"В России утверждены новые правила регистрации доменных имен и формирования перечня юридических лиц, которые смогут осуществлять такую регистрацию.

Постановлением Правительства от 31 августа 2026 года № 1119 установлены требования к регистрации и использованию доменных имен, сроки проведения регистрационных процедур, а также основания и порядок принятия решений о регистрации или отказе. Документ также предусматривает ведение реестра доменных имен.

Для доменов в зонах.ru,.рф и.su установлено ограничение длины: имя должно содержать от 2 до 63 символов. Администраторы доменов должны проходить ежегодную идентификацию.

Отдельным постановлением Правительства от 31 августа 2026 года № 1120 утверждены правила формирования и ведения перечней юридических лиц, осуществляющих регистрацию доменных имен, а также требования к российским компаниям, претендующим на включение в эти перечни.

В частности, стоимость чистых активов регистратора должна составлять не менее 1 млн рублей. Кроме того, юридическое лицо не должно быть аффилировано с иностранными гражданами и организациями. Утверждена и форма заявления для включения компании в соответствующий перечень. Оба постановления ( № 1119 — регистрация и использование доменных имен и № 1120 — требования к юридическим лицам, осуществляющим регистрацию доменных имен ) опубликованы 1 сентября 2026 года.

Напомним, как ранее писал ""Кабельщик"", Минцифры усилит контроль за сертификатами безопасности сайтов.",Кабельщик,proxy/deepseek-v4-flash
Кабельщик,Александр Панев назначен директором по контенту онлайн-кинотеатра «Кион»,"Александр Панев возглавил контентное направление ""Кион""",https://www.cableman.ru/content/aleksandr-panev-vozglavil-kontentnoe-napravlenie-kion,Кабельщик,Технологии,Низкий,"Александр Панев назначен директором по контенту онлайн-кинотеатра «Кион». Он будет отвечать за контентную стратегию, включая формирование портфеля оригинальных и лицензионных проектов, и повышение инвестиционной эффективности. Ранее Панев занимал руководящие должности в ON Медиа, Okko и Rambler&Co, где развивал аналитику и data-driven подходы.",—,"Александр Панев, онлайн-кинотеатр «Кион», ON Медиа, Okko, Rambler&Co",Назначение Александра Панева на должность директора по контенту онлайн-кинотеатра «Кион»,Не указано,"Для «Кион»: усиление роли данных и аналитики в формировании контентной стратегии, возможное изменение подхода к выбору оригинальных и лицензионных проектов. Для отрасли OTT: пример интеграции ML/AI в управление контентом. Для GS Labs: прямых последствий не ожидается.",кадровые назначения; онлайн-кинотеатр; OTT; контентная стратегия; аналитика данных; ML; AI,low,"Новость касается кадрового изменения в OTT-сервисе и не связана напрямую с продуктами или услугами GS Labs. Контентная политика «Кион» не влияет на разработку CAS/DRM или OTT-платформ, поэтому для компании это лишь незначительный отраслевой контекст.",true,"Александр Панев назначен директором по контенту онлайн-кинотеатра ""Кион"". Он будет отвечать за контентную стратегию сервиса, включая формирование портфеля оригинальных и лицензионных проектов, а также повышение инвестиционной эффективности.

До назначения Панев руководил направлением по работе с данными в холдинге ON Медиа. Он развивал аналитическую экспертизу, стратегию применения данных для масштабирования бизнеса и ML- и AI-продукты.

Ранее Панев занимал должность директора по данным в онлайн-кинотеатре Okko, где занимался развитием рекомендательной системы и алгоритмов поиска, внедрением data-driven подходов в бизнес-процессы и развитием аналитической культуры. Также он работал директором по аналитике в Rambler&Co.

Панев окончил Московский авиационный институт по специальности ""прикладная математика"" и имеет степень кандидата физико-математических наук.

В ""Кион"" новый руководитель намерен сочетать экспертизу в данных и аналитике с творческим подходом к формированию контентного портфеля, учитывая интересы разных зрительских сегментов, потенциал проектов и уровень рисков.

Напомним, как ранее писал ""Кабельщик"", Дмитрий Смирнов назначен врио генерального директора ON Медиа.",Кабельщик,proxy/deepseek-v4-flash
Кабельщик,ИКС Холдинг намерен построить в Приморском крае завод по выпуску СВЧ-компонентов и фотопреобразователей,На Дальнем Востоке построят крупнейший в России комплекс по производству полупроводников,https://www.cableman.ru/content/na-dalnem-vostoke-postroyat-krupneishii-v-rossii-kompleks-po-proizvodstvu-poluprovodnikov,Кабельщик,Технологии,Низкий,"Компания «ИКС Холдинг» до 2030 года планирует построить в Приморском крае комплекс по выпуску СВЧ-компонентов и космических фотоэлектрических преобразователей. Соглашение о проекте подписано на Восточном экономическом форуме; основные потребители — структуры холдинга, в том числе Yadro. Проект направлен на импортозамещение высокотехнологичных компонентов для телекоммуникаций и космической отрасли.",—,"ИКС Холдинг, Yadro, Бюро 1440, Минпромторг, Правительство РФ",ИКС Холдинг планирует до 2030 года построить в Приморском крае завод по выпуску СВЧ-микросхем и фотоэлектрических преобразователей.,Соглашение подписано на Восточном экономическом форуме (дата в тексте не указана); завершение строительства — до 2030 года,Для отрасли — появление крупного российского производства СВЧ-компонентов и снижение зависимости от импорта в телекоммуникационном оборудовании. Для GS Labs — прямого влияния нет; возможный косвенный эффект связан с развитием отечественной компонентной базы для оборудования операторов.,полупроводники; СВЧ-компоненты; нитрид галлия; телеком-оборудование; ИКС Холдинг; Yadro; импортозамещение; Приморский край,low,"Прямо не касается GS Labs: компания разрабатывает ПО для ТВ/OTT и CAS/DRM, а не полупроводники. Новость интересна как элемент импортозамещения в отрасли связи, но текущие продукты и реестровые обязательства GS Labs не затрагивает.",true,"Компания ""ИКС Холдинг"" до 2030 года намерена построить в Приморском крае комплекс по выпуску сложных полупроводниковых компонентов, пишет РБК. Проект, соглашение о реализации которого было подписано на Восточном экономическом форуме, предполагает создание площадки для производства изделий на основе арсенида и нитрида галлия, востребованных в космической отрасли, телекоммуникациях и радиоэлектронике.

Согласно планам компании, комплекс площадью более 35 тыс. кв. м станет крупнейшим в России производством подобного профиля. Предприятие будет выпускать сверхвысокочастотные (СВЧ) компоненты, а также фотоэлектрические преобразователи для космической техники. Проектная мощность составляет до 5 млн СВЧ-микросхем и до 500 тыс. космических фотоэлектрических преобразователей ежегодно. На заводе планируется создать около 500 рабочих мест для инженерного персонала.

Основным потребителем продукции станут компании, входящие в структуру ""ИКС Холдинга"". В частности, СВЧ-компоненты необходимы для телекоммуникационного оборудования (Yadro), а фотоэлектрические преобразователи предназначены для спутниковой группировки ""Рассвет"" (""Бюро 1440″). По заявлению руководства холдинга, компоненты такого уровня в настоящее время в России серийно не производятся, поэтому создание собственной базы критически важно для развития конечных систем связи. В будущем компания рассматривает возможность поставок изделий внешним заказчикам.

Выбор Приморского края в качестве производственной площадки эксперты связывают с несколькими факторами. К ним относятся близость к рынкам стран Азиатско-Тихоокеанского региона, которая упрощает логистику поставок компонентов и материалов, а также наличие налоговых и таможенных льгот, предоставляемых в рамках режима территорий опережающего развития (ТОР) и свободного порта Владивосток. Кроме того, важную роль играет кадровый потенциал, формирующийся при участии Дальневосточного федерального университета (ДВФУ) и научно-технологического центра ""Русский"".

Развитие технологий на базе нитрида галлия эксперты называют перспективным направлением микроэлектроники. В отличие от кремниевых решений, такие компоненты обладают более высокой эффективностью и способностью работать при повышенных температурах. По оценкам аналитиков, существующие в стране мощности по производству подобных компонентов покрывают лишь небольшую часть рыночного спроса, поэтому строительство новых предприятий является необходимым шагом для снижения зависимости от импорта высокотехнологичных комплектующих. Правительство РФ и Минпромторг намерены курировать реализацию проекта, в том числе через разработку дорожной карты по обеспечению площадки инфраструктурой и энергоресурсами.

Напомним, ранее ""Кабельщик"" писал, что Минпромторг готовит новую схему поддержки разработки оборудования для производства чипов.",Кабельщик,proxy/deepseek-v4-flash
Кабельщик,"Суд в Москве оштрафовал Telegram, Google, Pinterest и Apple за неудаление запрещённого контента","Суд в Москве оштрафовал Telegram, Google, Pinterest и Apple на общую сумму более 30 млн рублей",https://www.cableman.ru/content/sud-v-moskve-oshtrafoval-telegram-google-pinterest-i-apple-na-obshchuyu-summu-bolee-30-mln,Кабельщик,Регулирование,Низкий,"Таганский районный суд Москвы 2 сентября 2026 года назначил административные штрафы международным IT-компаниям за неисполнение требований Роскомнадзора об ограничении доступа к противоправной информации. Telegram оштрафован на 11,4 млн руб., Pinterest — на 10,8 млн руб., Google — на 7,6 млн руб., Apple — на 3,5 млн руб. Общая сумма взысканий превысила 30 млн руб.",—,"Таганский районный суд Москвы, Telegram Messenger Inc., Pinterest Europe Limited, Google LLC, Apple Distribution International Limited",Суд оштрафовал четыре международные IT-компании по ст. 13.41 КоАП РФ за неудаление запрещённого контента,2 сентября 2026 года (постановления вынесены),Для зарубежных интернет-платформ усиливается правоприменительная практика штрафов за неудаление противоправного контента. Для GS Labs прямых последствий нет: компания не является иностранной онлайн-платформой и не занимается модерацией пользовательского контента.,штрафы; Роскомнадзор; КоАП РФ; запрещённый контент; Telegram; Google; Pinterest; Apple,noise,"Новость не относится к деятельности GS Labs: речь о зарубежных интернет-платформах и их обязательствах по удалению контента, а не о регулировании цифрового ТВ/OTT или реестре российского ПО.",false,"Таганский районный суд города Москвы 2 сентября 2026 года вынес серию постановлений о привлечении к административной ответственности крупнейших международных ИТ-компаний, говорится в официальном канале судов общей юрисдикции.

Telegram Messenger Inc. был признан виновным в совершении трех правонарушений по части 2 статьи 13.41 КоАП РФ. Суд обязал компанию выплатить штрафы на общую сумму 11,4 млн рублей за невыполнение требований Роскомнадзора по ограничению доступа к противоправной информации.

Также по решению суда сервис Pinterest Europe Limited получил штрафы в размере 3,8 млн рублей по части 2 статьи 13.41 КоАП РФ и еще 7 млн рублей — по части 4 той же статьи. Суммарно финансовая ответственность платформы составила 10,8 млн рублей.

Компания Google LLC была оштрафована по двум эпизодам нарушения части 2 статьи 13.41 КоАП РФ. За каждое из них суд назначил наказание в размере 3,8 млн рублей, что в сумме составило 7,6 млн рублей.

Помимо этого, Таганский суд вынес постановление в отношении Apple Distribution International Limited. За аналогичное правонарушение — неисполнение требования об удалении запрещенного контента — компания была оштрафована на 3,5 млн рублей.

Напомним, ранее ""Кабельщик"" писал, что Таганский районный суд Москвы оштрафовал TikTok и GitHub за неудаление запрещенного контента.",Кабельщик,proxy/deepseek-v4-flash
Кабельщик,Число российских телеком-компаний за семь лет сократилось почти на треть из-за роста регуляторной нагрузки,Рынок связи в России сокращается: количество телеком-компаний упало на треть за семь лет,https://www.cableman.ru/content/rynok-svyazi-v-rossii-sokrashchaetsya-kolichestvo-telekom-kompanii-upalo-na-tret-za-sem-let,Кабельщик,Регулирование,Средний,"По данным Rusprofile, количество телеком-операторов в России за год сократилось на 6%, а за семь лет — почти на 30%. Причинами называют рост госпошлины за лицензию с 10 тыс. до 1 млн рублей, увеличение расходов на оборудование, СОРМ и требования кибербезопасности. Ожидается дальнейшее сокращение рынка со сменой лицензий, а также возможное введение новых типов лицензий и запрета на лицензирование ИП.",—,"Rusprofile, Минцифры, региональные и федеральные телеком-операторы, отраслевые аналитики, АСТО",Сокращение числа телеком-компаний в России на 30% за семь лет и консолидация рынка,"Данные на текущий момент (2024/2025 годы), сравнение с 2019 годом","Ожидается ускорение ухода небольших операторов после 2027 года, что приведет к росту тарифов и снижению доступности услуг в регионах. Для GS Labs это означает сокращение потенциальной клиентской базы среди региональных операторов ЦТВ и ОТТ, но возможное усиление крупных игроков, требующих масштабных решений.",телеком; консолидация; лицензирование; госпошлина; СОРМ; кибербезопасность; региональные операторы,medium,"Новость отражает общий тренд сжатия телеком-рынка, на котором работают заказчики GS Labs. Это может привести к уменьшению числа потенциальных клиентов, особенно небольших региональных операторов цифрового ТВ и ОТТ, однако укрупнение оставшихся может создать спрос на более мощные платформы и системы защиты контента.",true,"Российский телекоммуникационный рынок переживает этап активной консолидации, сопровождающийся массовым уходом небольших игроков, пишут "" Известия "". Согласно данным сервиса Rusprofile, только за минувший год число компаний в отрасли сократилось на 6%, а в долгосрочной перспективе — с августа 2019 года — рынок уменьшился почти на 30%. На текущий момент в стране насчитывается около 10,7 тыс. таких организаций.

Эксперты связывают сокращение числа провайдеров с кратным увеличением регуляторной нагрузки. Главным финансовым барьером стал рост госпошлины за получение лицензии: с начала 2024 года она увеличилась в 100 раз — с 10 тыс. до 1 млн рублей. Небольшие региональные операторы фиксированного интернета и кабельного ТВ оказались не в состоянии распределить растущие расходы на оборудование, модернизацию сетей, хранение данных и внедрение систем оперативно-разыскных мероприятий (СОРМ) между своей абонентской базой.

Отраслевые аналитики ожидают, что в 2027 году темпы ухода компаний могут ускориться. Это связывают с истечением сроков действия текущих лицензий и введением новых, более жестких требований к кибербезопасности. Кроме того, на рассмотрении находятся законодательные инициативы, которые могут окончательно изменить ландшафт рынка: введение трех типов лицензий стоимостью до 50 миллионов рублей, запрет на лицензирование для индивидуальных предпринимателей (которые сейчас занимают треть рынка), а также возможность лишения лицензии во внесудебном порядке за повторные нарушения.

В Минцифры признают факт сокращения числа игроков, однако подчеркивают, что этот процесс носит оздоровительный характер. По мнению ведомства, рынок покидают ""мертвые души"" — организации, не ведущие реальной деятельности, а также происходит поглощение мелких фирм более крупными и устойчивыми структурами. Рост госпошлины, с точки зрения министерства, является эффективным инструментом борьбы с телефонным мошенничеством и недобросовестными операторами, которые ранее могли легко возобновлять лицензии после нарушений.

Эксперты предупреждают, что сжатие рынка и уход региональных игроков неизбежно приведут к росту тарифов для конечных пользователей. В случае если небольшие провайдеры в городах и районах будут вынуждены закрыться, их абоненты могут столкнуться с отсутствием альтернатив, что заставит их переходить на услуги мобильных операторов. В условиях усиливающейся консолидации вопрос сохранения доступности и качества связи в регионах остается одним из ключевых вызовов для отрасли.

Напомним, ранее ""Кабельщик"" публиковал результаты исследования Ассоциации телекоммуникационных операторов (АСТО) ""Регионалы vs федералы: анализ лицензиатов связи"", в котором авторы опровергли общепринятый тезис о доминировании федеральных игроков, доказав, что доля региональных компаний в сегменте фиксированной связи достигает 42%, а их экономическая эффективность часто превышает показатели крупнейших холдингов. При этом согласно данным ассоциации, на российском рынке работает около 4,7 тыс. региональных операторов из группы ""Телематика+"", большая часть которых представляет собой сравнительно небольшие бизнесы: около 3,9 тыс. компаний имеют годовую выручку до 100 млн рублей, причем более половины из них — менее 5 млн рублей в год.",Кабельщик,proxy/deepseek-v4-flash
Кабельщик,Власти России прорабатывают налоговые льготы для разработчиков отечественных ИИ-моделей,Разработчики российских ИИ-моделей могут получить масштабные налоговые льготы,https://www.cableman.ru/content/razrabotchiki-rossiiskikh-ii-modelei-mogut-poluchit-masshtabnye-nalogovye-lgoty,Кабельщик,Регулирование,Низкий,"АНО «Цифровая экономика» направила в Минцифры предложения о налоговой поддержке разработчиков национальных ИИ-моделей: региональный инвестиционный налоговый вычет, пониженные страховые взносы и повышающие коэффициенты к расходам. Меры обсуждаются, окончательные параметры не определены.",—,"АНО «Цифровая экономика», Минцифры, аппарат вице-премьера Дмитрия Григоренко, разработчики ИИ-моделей («Сбер», «Яндекс» и др.)","Государство прорабатывает комплекс налоговых льгот для компаний, создающих фундаментальные модели искусственного интеллекта.","не указано; инициатива находится на стадии обсуждения, итоговые параметры поддержки не утверждены","В случае принятия мер снизится налоговая нагрузка на крупных разработчиков ИИ-моделей. Для GS Labs прямых последствий не ожидается, если компания не планирует создавать собственные фундаментальные ИИ-модели.",налоговые льготы; искусственный интеллект; Минцифры; АНО «Цифровая экономика»; господдержка; ИТ-отрасль,low,"Новость адресована разработчикам крупных фундаментальных ИИ-моделей и не связана напрямую с продуктами GS Labs для цифрового ТВ, CAS/DRM или реестром российского ПО. Опосредованно может отразиться на общем налоговом климате в ИТ-отрасли, но прямого влияния на деятельность компании нет.",true,"Власти России прорабатывают комплекс мер финансовой поддержки компаний, занимающихся созданием национальных и суверенных фундаментальных моделей искусственного интеллекта, пишут "" Ведомости "". В число обсуждаемых инструментов вошли инвестиционные налоговые вычеты, пониженные страховые взносы и применение повышающих коэффициентов к расходам на разработку, что в совокупности должно снизить инвестиционную нагрузку на высокотехнологичный бизнес.

Согласно инициативам АНО ""Цифровая экономика"", направленным в Минцифры, компании могут получить право на региональный инвестиционный налоговый вычет. Его планируется предоставлять на расходы, связанные как с созданием самих моделей, так и с приобретением необходимого вычислительного оборудования. При этом предлагается установить лимит вычета в 20 млрд рублей на одну организацию до 2030 года, при условии, что общий объем инвестиций компании превысит эту сумму в пять раз.

Дополнительно рассматривается возможность применения трехкратного коэффициента к затратам на развитие моделей. Это позволит разработчикам компенсировать до половины вложенных средств через экономию на налоге на прибыль. Для инженерных команд предлагается установить пониженную ставку страховых взносов до 7,6%, а для юридических лиц, участвующих в дистрибуции отечественных ИИ-решений, обсуждается обнуление данной ставки.

Опрошенные эксперты положительно оценивают инициативу, отмечая, что разработка больших языковых моделей требует колоссальных затрат на вычислительные мощности, электроэнергию и оплату труда высококвалифицированных специалистов. По мнению участников рынка, предоставление льгот станет важным стимулом не только для технологических гигантов, таких как ""Сбер"" или ""Яндекс"", но и для других компаний, готовых развивать собственные ИИ-продукты.

Тем не менее некоторые специалисты указывают на возможные риски: текущая конструкция льгот ориентирована преимущественно на крупнейший бизнес с высокой налоговой базой. Существует опасение, что компании с сильными R&D-подразделениями, но меньшими оборотами, могут оказаться за бортом программы поддержки. В Минцифры и аппарате вице-премьера Дмитрия Григоренко подтвердили ""Ведомостям"", что дискуссия по конкретным инструментам продолжается и итоговые параметры господдержки еще не определены.

Напомним, ранее ""Кабельщик"" писал, что серверное оборудование в России подорожало вдвое из-за бума искусственного интеллекта.",Кабельщик,proxy/deepseek-v4-flash
АРПП - новости,Отраслевые ассоциации предупредили о рисках реформы лицензирования для малых операторов и отечественного ПО,📡,https://t.me/arppsoft/1527,АРПП,Регулирование,Высокий,"3 сентября в Москве прошла пресс-конференция региональных операторов и отраслевых ассоциаций, посвящённая готовящейся реформе лицензирования в связи. Реформа вводит базовую, универсальную и генеральную лицензии; требования к универсальной лицензии, по расчётам АСТО, могут вытеснить операторов с выручкой до 200 млн рублей и затронуть связь более 50 млн граждан. Участники предупредили, что это сократит рынок отечественного телеком-ПО, и решили направить совместный меморандум президенту, правительству и Минцифры.",2026-09-04T09:28:16+00:00,"АСТО (Алексей Леонтьев), АРПП «Отечественный софт» (Николай Михайлов), «Ростелесеть» (Олег Грищенко), АМОР (Дмитрий Галушко), Ассоциация участников отрасли ЦОД, региональные операторы «СитиЛайн», «Фотон», «Битрейс Телеком»",Отраслевые ассоциации на пресс-конференции представили оценки последствий реформы лицензирования операторов связи и заявили о рисках для регионального рынка и отечественного ПО.,3 сентября (год в тексте не указан; из даты публикации — 2026); проект реформы пока не внесён в Госдуму.,"Если реформа будет принята в текущем виде, в 26 субъектах рынок региональных операторов может исчезнуть, что приведёт к переподключению абонентов и бюджетным расходам. Сокращение числа малых и средних операторов ударит по независимым разработчикам телеком-ПО, включая сегменты медиаплатформ и систем защиты контента, и может усилить тренд на внутренние разработки крупных операторов.",реформа лицензирования; операторы связи; телеком-рынок; малые операторы; отечественное ПО; системы защиты контента; АРПП Отечественный софт; меморандум,high,"Статья не упоминает GS Labs напрямую, но называет системы защиты контента и медиаплатформы среди пострадавших сегментов — это профильные направления компании. Реформа может сократить число потенциальных заказчиков GS Labs среди малых операторов, а укрупнение рынка усилит позиции собственных разработок крупных операторов.",true,"📡
Реформа телеком-отрасли — что ждет российский рынок связи?
3 сентября в Москве прошла пресс-конференция региональных операторов связи и отраслевых объединений. Эксперты обсудили готовящуюся реформу лицензирования в отрасли связи и условия размещения линий связи на опорах электросетевых компаний.
Спикерами выступили:
🔹
Алексей Леонтьев
, директор Ассоциации телекоммуникационных операторов (АСТО)
🔹
Николай Михайлов
, глава комитета по телекоммуникациям АРПП «Отечественный софт»
🔹
Олег Грищенко
, президент ассоциации «Ростелесеть»
🔹
Дмитрий Галушко
, президент Ассоциации малых операторов связи (АМОР)
🔹
Игорь Дорофеев
, президент Ассоциации участников отрасли ЦОД
🔹
Олег Зиборов
, первый заместитель генерального директора АСТО
🔹
Александр Самойлов
, директор ООО «СитиЛайн»
🔹
Юрий Беззубцев
, директор ООО «Фотон»
🔹
Алексей Калачев
, управляющий директор «Битрейс Телеком».
Реформа предусматривает для операторов связи новые три типа лицензий: базовую, универсальную и генеральную. Универсальная лицензия открывает ШПД и предусматривает 10 млн рублей за 10 лет, 100 млн рублей собственных средств, сеть не менее чем в 30% муниципальных образований региона и не менее 15% МКД в городах.
📊
На пресс-конференции участники представили расчеты возможных последствий реформы. По оценке АСТО, предлагаемые требования к универсальной лицензии в оптимистичном сценарии вытеснят компании с годовой выручкой до 200 млн рублей. В 26 субъектах рынок региональных операторов может исчезнуть полностью, еще в девяти регионах от него останется от 1% до 30%. Под ударом может оказаться связь более чем 50 млн граждан.
Отдельное внимание эксперты уделили последствиям реформы для рынка отечественного ПО. Глава комитета по телекоммуникациям АРПП «Отечественный софт»
Николай Михайлов
предупредил, что сокращение числа малых и средних операторов ударит по независимым разработчикам софта, дистрибьюторам контента и производителям оборудования. Малые операторы, по его словам, служили полигоном обкатки отечественных биллингов, DPI, медиаплатформ и систем защиты контента. Крупные игроки непроверенный софт ставят неохотно и закрывают потребность внутренней разработкой через индустриальные центры компетенций.
«Можно вводить любые налоговые льготы для ИТ. Если не будет рынка, на котором продавать продукты, льготы бессмысленны. Уход операторов обернется для бюджета расходами на переподключение абонентской базы. В пояснительной записке к закону, скорее всего, напишут, что дополнительных средств не требуется. На практике крупные сети перекредитованы и за финансированием придут в тот же бюджет», — отметил Николай Михайлов.
По итогам конференции участники обозначили необходимость публичного обсуждения проекта реформы лицензирования с участием региональных операторов до его внесения в Государственную Думу, пересчета финансовых и географических порогов по фактической экономике малых и средних операторов, а также оценки бюджетного эффекта переподключения абонентов и сжатия рынка отечественного телеком-ПО и региональных ЦОД.
📋
Позицию отраслевых объединений представят в совместном меморандуме пяти ассоциаций, который направят президенту РФ, правительству и Минцифры России.
Подробнее на
сайте
🖥
АРПП «Отечественный софт» в МАХ
|
VK",АРПП - новости,proxy/deepseek-v4-flash
АРПП - новости,АРПП опубликовала подборку кейсов внедрения российского ПО в образовательных учреждениях,🍁,https://t.me/arppsoft/1526,АРПП,Общество,Низкий,"АРПП «Отечественный софт» ко Дню знаний собрала подборку примеров использования российских ИТ-решений в обучении. Среди кейсов — внедрение PROMT в НГЛУ, переход школ Свердловской области на Astra Linux, открытие лаборатории Ideco, включение «GIS-Киберарены для вузов» в Единый реестр отечественного ПО. Упомянуты также Varwin, «Базис», «Нанософт», «Аскон» и «Базальт СПО».",2026-09-01T08:04:49+00:00,"АРПП «Отечественный софт», PROMT, НГЛУ им. Добролюбова, «Группа Астра», МГТУ им. Баумана, Varwin, Ideco, «Базис», «Нанософт», «Аскон», «Базальт СПО»",АРПП представила обзор внедрений российских ИТ-решений в образовательный процесс,"2026-09-01, начало учебного года; точные даты внедрений не указаны","Для отрасли — популяризация отечественного ПО в образовании, расширение его присутствия в вузах и школах. Для GS Labs прямых последствий нет: активность касается образовательных продуктов других вендоров, а не телекома, OTT или защиты контента.",российское ПО; образование; импортозамещение; АРПП; Единый реестр российского ПО; отечественный софт,noise,"Для GS Labs это шум: опубликованы образовательные кейсы сторонних вендоров, не связанные с деятельностью компании в сфере цифрового ТВ, OTT и DRM. Упоминание включения чужого продукта в реестр российского ПО также не создаёт для GS Labs новых задач.",false,"🍁
Новый учебный год — новые возможности для внедрения российских ИТ-решений
В День знаний собрали свежие кейсы использования отечественного софта в обучении:
🔘
Российская CAT-система PROMT Translation Factory с интегрированными AI-технологиями
внедрена
в образовательный процесс Высшей школы перевода Нижегородского государственного лингвистического университета имени Н. А. Добролюбова (НГЛУ)
🔘
«Группа Астра» внедрила в образовательный процесс кафедры ИУ10 «Защита информации» МГТУ им. Н.Э. Баумана
платформу контейнеризации «Боцман» и
DevOps-платформу GitFlic
, а на ОС Astra Linux
перешли
все школы Свердловской области
🔘
Varwin
выпустил
решение «Varwin Технология» — комплект с лицензией Varwin Python,  готовыми виртуальными приложениями для уроков технологии и методическими материалами для педагогов
🔘
На базе ИТ-колледжа Москвы
состоялось
официальное открытие учебной лаборатории Ideco
🔘
Платформа для тренировки специалистов в области кибербезопасности «GIS-Киберарена для вузов»
включена
в Единый реестр отечественного ПО
🔘
«Базис»
запустил
новый учебный курс «Администрирование Basis Workplace» по версии 3.3.
🔘
«Нанософт»
выпустил
учебное пособие «Проектирование и расчет систем электроснабжения 0,4 кВ предприятий транспорта в nanoCAD BIM Электро»
🔘
«Аскон» 11-й раз
выступил
партнером XI корпоративного чемпионата «Молодые профессионалы Роскосмоса»
🔘
Эксперты «Базальт СПО»
приняли
участие в демонстрации экзамена нового формата для будущих сисадминов
Подробнее на
сайте
🖥
АРПП «Отечественный софт» в МАХ
|
VK",АРПП - новости,proxy/deepseek-v4-flash
АРПП - новости,Исполнительный директор АРПП «Отечественный софт» Ренат Лашин призвал сохранить налоговые льготы как основу ИТ-инвестиций,❗️,https://t.me/arppsoft/1525,АРПП,Экономика,Средний,"Исполнительный директор АРПП «Отечественный софт» Ренат Лашин в колонке для Digital Russia выступил против пересмотра базовых налоговых льгот для ИТ-компаний на фоне проверок Счетной палаты. Он называет пониженные страховые взносы, льготный налог на прибыль и освобождение от НДС долгосрочным каркасом экономики продуктовой разработки, а контроль должен оценивать не только нарушения, но и эффективность господдержки.",2026-08-31T08:55:44+00:00,"АРПП «Отечественный софт» (Ренат Лашин), Счетная палата РФ, крупные ИТ-компании",Опубликована авторская колонка о необходимости сохранять базовые налоговые льготы для российских ИТ-компаний и правильно оценивать эффективность господдержки,Опубликовано 31.08.2026; проверки Счетной палаты проводятся с начала 2026 года,"Позиция отраслевой ассоциации может поддержать сохранение действующих налоговых условий для ИТ. Для GS Labs это означает предсказуемость льгот, влияющих на себестоимость разработки и выручку от лицензий ПО, если компания соответствует критериям аккредитации.",налоговые льготы; господдержка ИТ; Счетная палата; АРПП Отечественный софт; Реестр российского ПО; инвестиции в ИТ,medium,"Статья касается экономических условий разработки российского ПО, в том числе потенциально GS Labs, но не содержит конкретных новых требований или мер, поэтому сейчас это фоновый контекст, а не прямое воздействие.",true,"❗️
России важно не снижать инвестиционный ресурс ИТ
В
авторской колонке
для Digital Russia
Ренат Лашин
, исполнительный директор АРПП «Отечественный софт», рассматривает эффективность мер господдержки ИТ-бизнеса и объясняет, что сегодня должно стать базовым каркасом экономики продуктовой разработки ПО, а что – дополнительным.
💎
В августе «Ведомости» сообщили, что Счетная палата РФ с начала 2026 года запрашивает у крупных ИТ-компаний документы, связанные с применением отраслевых налоговых льгот. Аудиторов интересуют сведения за 2025 год, права на ПО, данные бухгалтерского учета и структура выручки. В самой такой работе нет ничего экстраординарного. Государство вправе контролировать соблюдение правил и оценивать результативность мер господдержки. Но здесь важно разделять два момента: выявление возможных нарушений при применении льгот конкретными компаниями и эффективность мер господдержки, которую, безусловно, стоит рассматривать шире — через влияние на инвестиции, продукты, кадры, производительность и будущую налоговую базу. Такой подход позволяет точнее настраивать технологическую политику страны.
💎
В России в последние годы для ИТ сделано многое. Налоговый маневр снизил фискальную нагрузку на бизнес; появилось льготное кредитование и гранты на разработку и внедрение; Реестр ПО и закупочные преференции создали отдельный контур спроса на отечественные продукты. Что все это значит для ИТ-компаний? Высвободившийся ресурс быстро превращается в зарплаты инженеров, доработку и тестирование продуктов, вычислительную инфраструктуру и внедрение у заказчика. А через несколько лет — в новые продукты, НИОКР, накопленную экспертизу и новые рынки. Поэтому эффект решений, принятых сегодня, часто проявляется далеко за пределами одного бюджетного цикла. Важно, чтобы инструменты господдержки усиливали друг друга и помогали превращать инвестиции в новые продукты, реальные внедрения и тиражирование ПО.
💎
Разработка сложного ПО, платформы, ИИ-решения или ПАК требует нескольких лет инвестиций. Это команды, НИОКР, вычислительная инфраструктура, пилоты, внедрение и сопровождение. Для ряда классов решений к этому добавляются испытания, подтверждение соответствия и сертификация ФСТЭК, ФСБ или Минобороны России. Значительная часть таких инвестиций — это частные средства самой компании. Для продуктового бизнеса прибыль является одним из основных источников следующего инвестиционного цикла: новых разработок, НИОКР, специалистов, инфраструктуры и выхода на новые рынки. Поэтому задача господдержки не в том, чтобы подменять частный капитал бюджетными средствами, а в том, чтобы сохранять условия, в которых бизнес способен зарабатывать и вкладывать заработанное в дальнейшее развитие.
💎
Пониженные страховые взносы, специальная ставка налога на прибыль и освобождение от НДС операций с правами на российское ПО из Реестра — это базовый, долгосрочный каркас экономики продуктовой разработки. Компании учитывают его, планируя команды, НИОКР и инвестиции на несколько лет вперед, что дает бизнесу опору и предсказуемость. Но вокруг этого каркаса есть инструменты для более плавной настройки: поддержка спроса, льготное финансирование, софинансирование внедрения, гранты, пилотирование, экспорт, поддержка МТК и инфраструктуры. В условиях ограниченного бюджета именно здесь можно добиться большей адресности и вводить дополнительные меры для достижения национальных технологических приоритетов, не подвергая постоянному пересмотру основу долгосрочного планирования.
💎
Эффективность при этом следует оценивать по совокупности результатов: бюджетному возврату, частным инвестициям, НИОКР и новым продуктам, производительности заказчиков, кадрам, снижению критической зависимости и способности российских компаний масштабироваться.
🖥
АРПП «Отечественный софт» в МАХ
|
VK",АРПП - новости,proxy/deepseek-v4-flash
АРПП - новости,АРПП «Отечественный софт» отметила 17-летие создания ассоциации,🎉,https://t.me/arppsoft/1524,АРПП,Общество,Низкий,АРПП «Отечественный софт» сообщила о 17-летии со дня основания. Ассоциация объединяет более 300 российских ИТ-компаний и представляет 30% индустрии тиражируемого ПО. Публикация носит поздравительный характер и не содержит новых инициатив или изменений.,2026-08-26T07:02:01+00:00,"АРПП «Отечественный софт», российские ИТ-компании",Ассоциация отметила 17 лет с момента создания,26 августа 2026 года,"Для GS Labs значимых последствий нет. Новость подтверждает активность отраслевого объединения, в котором может участвовать компания, но не меняет условия рынка.",АРПП; Отечественный софт; ИТ-отрасль; ассоциация,noise,"Новость не касается продуктов, регулирования или реестра российского ПО; это корпоративное поздравление отраслевой ассоциации, поэтому для GS Labs — шум.",false,"🎉
АРПП «Отечественный софт» — 17 лет!
26 августа 2009 года российские разработчики тиражируемого ПО создали Ассоциацию «Отечественный софт», чтобы вместе работать над тем, что важно для всей индустрии.
За 17 лет российское ПО прошло большой путь — от отдельных решений до технологической основы для целых отраслей. А задачи, ради которых создавалась Ассоциация, — развитие российского ПО, поддержка отечественных разработчиков и технологическая независимость — стали частью национальной повестки.
Все это время развивалась и сама Ассоциация. Сегодня АРПП объединяет более 300 российских ИТ-компаний и представляет 30% индустрии тиражируемого ПО.
За этими цифрами — люди и компании, которые не только создают и развивают собственные продукты, но и готовы вкладывать свою экспертизу в решение общих отраслевых задач.
Уже 17 лет АРПП последовательно отстаивает интересы российских разработчиков и помогает вместе находить решения там, где усилий одной компании недостаточно.
Благодарим участников, партнеров и экспертов Ассоциации за доверие, совместную работу и вклад в развитие российского ПО! Продолжаем работать вместе!
💙
🖥
АРПП «Отечественный софт» в МАХ
|
VK",АРПП - новости,proxy/deepseek-v4-flash
АРПП - новости,"АРПП проведет вебинар 26 августа о законе об ИИ, вступающем в силу 1 сентября",💥,https://t.me/arppsoft/1523,АРПП,Регулирование,Средний,"АРПП «Отечественный софт» совместно с юридической компанией ЭБР анонсирует вебинар, посвященный новому закону об ИИ, который вступает в силу 1 сентября 2026 года, а частично — 1 марта 2027 года. Мероприятие состоится 26 августа и доступно только компаниям-членам АРПП. На вебинаре планируется разъяснить критерии подпадания компаний под регулирование и различия между разработчиками и пользователями ИИ.",2026-08-24T12:00:53+00:00,"АРПП «Отечественный софт», юридическая компания ЭБР, Кристина Мкртчян, российские компании — члены АРПП",Анонсирован вебинар о новых требованиях закона об ИИ и подготовке компаний к их соблюдению,"Вебинар — 26 августа 2026 года; закон вступает в силу 1 сентября 2026 года, отдельные нормы — с 1 марта 2027 года","Компании, работающие с ИИ, должны будут учитывать новые обязательства с сентября 2026 года. Для GS Labs возможны дополнительные требования при использовании ИИ в продуктах, поэтому целесообразно следить за разъяснениями АРПП и юридической практикой.",ИИ; регулирование; закон об ИИ; АРПП; вебинар; ЭБР; разработчики ПО,medium,"GS Labs как разработчик ПО может столкнуться с требованиями закона об ИИ, если использует ИИ в своих продуктах или процессах; в анонсе пока нет конкретных обязательств, поэтому требуется мониторинг разъяснений.",true,"💥
Новые правила для работы с ИИ: к чему готовиться компаниям
Закон об ИИ вступит в силу уже 1 сентября, но у рынка все еще остаются вопросы: кого коснется новое регулирование и что нужно успеть внедрить в юридические процессы.
Какие требования начнут действовать и как к ним подготовиться, обсудим
26 августа
на вебинаре АРПП «Отечественный софт» и юридической компании ЭБР –
«Закон об ИИ вступает в силу: что надо учитывать с 1 сентября?».
🎙
Спикер: Кристина Мкртчян, советник практики интеллектуальной собственности ЮК ЭБР
На вебинаре участники узнают:
✔️
кто подпадает под действие закона и по каким критериям
✔️
чем разработчик модели отличается от того, кто просто ее использует
✔️
какие нормы включаются уже 1 сентября 2026 года, а какие только с 1 марта 2027 года
❗️
Участие бесплатное по предварительной регистрации, доступно только компаниям-членам АРПП «Отечественный софт». Вопросы по участию направляйте на office@arppsoft.ru
🖥
АРПП «Отечественный софт» в МАХ
|
VK",АРПП - новости,proxy/deepseek-v4-flash
АРПП - новости,Минцифры приказом №270 обязало крупные аккредитованные ИТ-компании содействовать подготовке ИТ-специалистов,⚡️,https://t.me/arppsoft/1522,АРПП,Регулирование,Низкий,"АРПП сообщает о приказе Минцифры №270, вступившем в силу в апреле 2026 года. Документ обязывает аккредитованные ИТ-компании с выручкой от 1 млрд рублей и штатом от 100 сотрудников содействовать подготовке ИТ-специалистов. В материале рассматривается порядок реализации требований и подготовки отчетности; подробности из опубликованного фрагмента не раскрываются.",2026-08-21T09:00:32+00:00,"Минцифры, аккредитованные ИТ-компании с выручкой от 1 млрд рублей и штатом от 100 сотрудников, вузы, АРПП",Введены обязательства для крупных аккредитованных ИТ-компаний по содействию подготовке ИТ-специалистов и подготовке отчетности в рамках приказа №270,Приказ вступил в силу в апреле 2026 года; публикация от 21 августа 2026 года,"Для подпадающих под критерии компаний возникают обязанности по взаимодействию с вузами и отчетности перед Минцифры. Для GS Labs прямых последствий не выявлено, так как её аккредитация и соответствие пороговым значениям в материале не указаны и не могут быть подтверждены.",приказ №270; Минцифры; аккредитованные ИТ-компании; подготовка ИТ-специалистов; отчетность; вузы,low,"Прямого влияния на GS Labs нет: требование касается аккредитованных ИТ-компаний с выручкой от 1 млрд руб. и штатом от 100 сотрудников, а данные о соответствии GS Labs этим критериям отсутствуют. Тема может быть интересна только в контексте общего регулирования ИТ-аккредитации.",true,"⚡️
ИТ-бизнес и вузы: как реализовать приказ №270 и подготовить отчетность   Приказ №270 Минцифры, вступивший в силу в апреле 2026 года, обязал аккредитованные ИТ-компаний с выручкой от 1 млрд рублей и штатом от 100 сотрудников, содействовать подготовке ИТ-специалистов.…",АРПП - новости,proxy/deepseek-v4-flash
АРПП - новости,АРПП «Отечественный софт» анонсирует вебинар по реализации приказа Минцифры №270 для аккредитованных ИТ-компаний,⚡️,https://t.me/arppsoft/1521,АРПП,Регулирование,Средний,"АРПП «Отечественный софт» проведет 20 августа 2026 года бесплатный открытый вебинар, посвященный практическим вопросам реализации приказа Минцифры России №270. Приказ обязывает аккредитованные ИТ-компании с выручкой от 1 млрд рублей и штатом от 100 сотрудников содействовать подготовке ИТ-специалистов во взаимодействии с вузами и колледжами. На вебинаре обсудят подготовку документов, отчетность и взаимодействие с образовательными организациями.",2026-08-18T07:39:19+00:00,"АРПП «Отечественный софт», Минцифры России, ИТ-компании, вузы, CDO Global, «ИТ Школа Ростелекома», спикеры из «Базальт СПО», «Киберпротект», МТУСИ, ОмГТУ",Анонс вебинара о практической реализации приказа Минцифры №270 по взаимодействию ИТ-компаний с образовательными организациями,"20 августа 2026 года, 11:00–12:30 (мск); отчетность — к 10 ноября 2026 года","Приказ №270 вводит новые обязательства для крупных аккредитованных ИТ-компаний. Если GS Labs подпадает под критерии, потребуется организовывать взаимодействие с вузами, готовить документы и отчетность. Вебинар может помочь подготовиться к этим требованиям.",Минцифры; приказ №270; ИТ-аккредитация; образование; АРПП; вебинар; отчетность,medium,"Требование приказа №270 касается аккредитованных ИТ-компаний с выручкой от 1 млрд рублей и штатом от 100 сотрудников. Неизвестно, имеет ли GS Labs аккредитацию и подпадает ли под критерии, поэтому влияние возможно, но не подтверждено.",true,"⚡️
ИТ-бизнес и вузы: как реализовать приказ №270 и подготовить отчетность
Приказ №270 Минцифры, вступивший в силу в апреле 2026 года, обязал аккредитованные ИТ-компаний с выручкой от 1 млрд рублей и штатом от 100 сотрудников, содействовать подготовке ИТ-специалистов. На практике это означает заключение соглашений с колледжами и вузами – через лекции, стажировки, разработку рабочих программ дисциплин (РПД), фондов оценочных средств (ФОС), оборудование лабораторий, целевые стипендии.
❓
Как ИТ-компаниям подготовить документы для реализации соглашений, выстроить пошаговый план действий и правильно составить отчетность?
Об этом и многом другом поговорим 20 августа на вебинаре «Взаимодействие ИТ-компаний с образовательными организациями: практические вопросы реализации приказа Минцифры России № 270». Организатор - АРПП «Отечественный софт» при участии
CDO Global
и
«ИТ Школы Ростелекома»
.
📅
20 августа 2026 года
🕚
11:00–12:30 (мск)
💻
Мероприятие открытое, участие бесплатное
Ключевые вопросы вебинара:
🔹
Средние значения или фактические затраты с аудиторским подтверждением: какой подход выбрать и какие риски учитывать
🔹
Подготовка сотрудника ИТ-компании к качественному преподаванию в вузе
🔹
Подготовка РПД и ОПОП без собственного штата методистов
🔹
Что именно согласовывает вуз и какие подтверждающие документы потребуются
🔹
Что необходимо начать фиксировать уже с сентября 2026 года для выполнения требований к 10 ноября и подготовки итоговой отчетности.
Участники встречи получат:
✅
варианты подходов по исполнению требований приказа Минцифры России № 270;
✅
материалы по подготовке документов для взаимодействия с вузами;
✅
чек-листы и шаблоны для планирования мероприятий;
✅
ответы на вопросы экспертов отрасли, вузов и ИТ-бизнеса.
Спикеры:
🎙
Ренат Лашин
, исполнительный директор АРПП «Отечественный софт».
Приветственное слово
🎙
Надежда Кострюкова
, заместитель генерального директора по взаимодействию с органами власти «Базальт СПО».
Тема:
«Подход к отчетности компании с большим опытом участия в образовательной деятельности»
🎙
Александр Шереметьев
, заместитель проректора по учебной работе ФГБОУ ВО «Московский технический университет связи и информатики».
Тема:
«Как вуз принимает перечень мероприятий, РПД/ОПОП и подтверждает охват студентов»
🎙
Елена Бочерова
, член Правления АРПП «Отечественный софт», исполнительный директор «Киберпротект».
Тема:
«От регуляторного требования к осмысленному преподаванию. Разрывы между формулировками в постановлении и практической реализации инициативы»
🎙
Юрий Бахмутский
, заведующий кафедрой «Математические методы и информационные технологии в экономике» Омского государственного технического университета.
Тема:
«Региональный вуз, стыковка 270 с грантовыми и федеральными контурами, типовые ошибки»
🎙
Андрей Кондратьев
, генеральный директор CDO Global.
Тема:
«Разработка, экспертиза и актуализация РПД и ОПОП. Как сделать, чтобы засчитали»
🎙
Владимир Татаринцев
, директор по развитию стратегических проектов «Ростелекома», директор «ИТ Школы Ростелекома».
Тема:
«Формирование потребности для исполнения КПЭ ИТ-компаний и риски выборки рынка»
👥
Приглашаем руководителей и специалистов аккредитованных ИТ-компаний, отвечающих за взаимодействие с вузами и выполнение требований приказа Минцифры № 270:
• финансовых директоров и руководителей финансовых подразделений;
• GR-специалистов;
• HR-команды и специалистов по обучению;
• представителей вузов, готовящих ИТ-специалистов.
📌
Регистрация по
ссылке
Вебинар пройдет на платформе и при поддержке МТС Линк.
🖥
АРПП «Отечественный софт» в МАХ
|
VK",АРПП - новости,proxy/deepseek-v4-flash
АРПП - новости,АРПП и «ОПОРА РОССИИ» расширяют сотрудничество по импортозамещению российского ПО в строительстве,🏗,https://t.me/arppsoft/1520,АРПП,Технологии,Низкий,"В преддверии Дня строителя на заседании комитета «ОПОРЫ РОССИИ» по строительству представители власти, АРПП «Отечественный софт» и бизнеса обсудили импортозамещение ПО и внедрение технологий информационного моделирования в стройотрасли. АРПП и «ОПОРА РОССИИ» подтвердили продолжение сотрудничества; замглавы Минстроя анонсировал внесение в Госдуму законопроекта о ТЭО осенью 2026 года.",2026-08-13T08:02:16+00:00,"АРПП «Отечественный софт», «ОПОРА РОССИИ», Минстрой России (Сергей Музыченко), АО «СиСофт Девелопмент» (Михаил Бочаров), Фонд «Сколково»",АРПП и «ОПОРА РОССИИ» расширяют взаимодействие по развитию российского ПО в строительстве и обсудили законодательные инициативы в этой сфере,Заседание состоялось накануне Дня строителя; публикация — 13.08.2026; внесение законопроекта о ТЭО в Госдуму анонсировано на осень 2026 года,"Для разработчиков строительного ПО возможно усиление требований по переходу на отечественные ТИМ и рост поддержки со стороны государства. Для GS Labs прямых последствий нет: тематика касается строительной отрасли, а не сегментов ТВ, OTT, CAS/DRM или телеком-регулирования.",АРПП; ОПОРА РОССИИ; импортозамещение ПО; строительство; технологии информационного моделирования; Минстрой,low,"Событие относится к ПО для строительства и ТИМ, отсутствующим в продуктовом портфеле GS Labs, поэтому прямого влияния на продукты, реестр или телеком-рынок не оказывает; интерес только как сигнал об общих процессах импортозамещения в российском ПО.",true,"🏗
АРПП и «ОПОРА РОССИИ» расширяют сотрудничество для импортозамещения в строительстве
Накануне Дня строителя состоялось заседание Комитета «ОПОРЫ РОССИИ» по строительству. Одной из ключевых тем стало развитие отечественного ПО и импортозамещение в отрасли. Представители федеральных органов власти, бизнеса и профессионального сообщества обсудили вопросы цифровой трансформации строительной сферы и совершенствование механизмов господдержки.
🎙
Отдельное внимание участники уделили сотрудничеству АРПП «Отечественный софт» и «ОПОРЫ РОССИИ». Глава комитета по информационному моделированию градостроительной деятельности АРПП, заместитель гендиректора по науке АО «СиСофт Девелопмент»
Михаил Бочаров
отметил, что переход на российское ПО ТИМ — двусторонний процесс, поэтому готовность разработчиков и строительной отрасли должна быть синхронизирована.
«Нужны совместные действия по оптимизации функциональных и нормативных требований. Рынок должен получить отечественные системы управления за счет внедрения технологий информационного моделирования, как сформулировал Президент России в своем поручении еще в 2018 году», — подчеркнул глава комитета.
🤝
Совместная работа АРПП и «ОПОРЫ РОССИИ» началась более года назад и уже приносит конкретные результаты в сфере внедрения отечественного ПО. В ходе заседания Михаил Бочаров вручил председателю Комитета «ОПОРЫ РОССИИ» по строительству
Марку Геллеру
благодарность от имени Ассоциации «Отечественный софт» за вклад в развитие и популяризацию российского ПО, а также укрепление сотрудничества и организацию совместных мероприятий.
Помимо цифровизации, участники обсудили и другие актуальные вопросы строительной отрасли. Заместитель главы Минстроя России
Сергей Музыченко
рассказал о реформе технического регулирования, ценообразовании и кадровом обеспечении, а также анонсировал внесение законопроекта о ТЭО в Госдуму осенью 2026 года.
Спикеры также говорили о совершенствовании проверок СРО, рисках в сегменте ИЖС, внедрении инновационных решений, представленных Фондом «Сколково».
🖥
АРПП «Отечественный софт» в МАХ
|
VK",АРПП - новости,proxy/deepseek-v4-flash
АРПП - новости,АРПП проведет вебинар по практической реализации приказа Минцифры №270 о взаимодействии ИТ-компаний с вузами,🎓,https://t.me/arppsoft/1519,АРПП,Регулирование,Средний,"АРПП «Отечественный софт» совместно с CDO Global и «ИТ Школой Ростелекома» 20 августа 2026 года проведет открытый вебинар о практической реализации приказа Минцифры России №270, который обязывает аккредитованные ИТ-компании взаимодействовать с вузами. В ходе вебинара эксперты разберут вопросы подготовки документов, выбора подходов к расчету затрат, взаимодействия с вузами и формирование доказательной базы для отчетности.",2026-08-12T11:11:26+00:00,"АРПП «Отечественный софт», CDO Global, «ИТ Школа Ростелекома», Минцифры России, аккредитованные ИТ-компании, вузы",Анонс вебинара о выполнении требований приказа Минцифры №270 по взаимодействию ИТ-компаний с образовательными организациями,20 августа 2026 года 11:00–12:30 (мск),"ИТ-компании, включая GS Labs, должны до 10 ноября выполнить требования приказа №270 по взаимодействию с вузами и подготовить отчетность. Участие в вебинаре поможет разобраться в практических аспектах реализации требований и избежать ошибок в оформлении образовательной деятельности.",приказ Минцифры №270; АРПП Отечественный софт; вебинар; ИТ-компании; вузы; отчетность,medium,"GS Labs как разработчик ПО, вероятно, является аккредитованной ИТ-компанией и должна исполнять приказ №270. Вебинар напрямую посвящен практическим вопросам реализации требований, которые могут касаться GS Labs, однако в тексте нет прямого упоминания компании.",true,"🎓
20 августа АРПП «Отечественный софт» при участии
CDO Global
и
«ИТ Школы Ростелекома»
проведет вебинар на тему «Взаимодействие ИТ-компаний с образовательными организациями: практические вопросы реализации приказа Минцифры России № 270»
📅
20 августа 2026 года
🕚
11:00–12:30 (мск)
💻
Мероприятие открытое, участие бесплатное
После заключения соглашений между ИТ-компаниями и вузами начинается самый сложный этап — практическая реализация образовательных проектов, подготовка документов и формирование доказательной базы. Вебинар посвящен вопросам, которые сегодня остро стоят перед финансовыми, HR- и GR-командами российских ИТ-компаний при работе с вузами.
Участники обсудят конкретные организационные и методические решения, которые отечественному ИТ-бизнесу необходимо принять в ближайшее время.
Ключевые вопросы вебинара:
🔹
Средние значения или фактические затраты с аудиторским подтверждением: какой подход выбрать и какие риски учитывать
🔹
Подготовка сотрудника ИТ-компании к качественному преподаванию в вузе
🔹
Подготовка РПД и ОПОП без собственного штата методистов
🔹
Что именно согласовывает вуз и какие подтверждающие документы потребуются
🔹
Что необходимо начать фиксировать уже с сентября 2026 года для выполнения требований к 10 ноября и подготовки итоговой отчетности.
👥
Вебинар ориентирован на руководителей и специалистов аккредитованных ИТ-компаний, отвечающих за взаимодействие с вузами, образовательные программы и выполнение требований приказа Минцифры России № 270:
• финансовые директора и руководители финансовых подразделений;
• GR-специалисты;
• HR-команды и специалисты по обучению;
• сотрудники, отвечающие за взаимодействие с университетами;
• представители вузов, готовящих ИТ-специалистов.
Спикеры:
🎙
Ренат Лашин
, исполнительный директор АРПП «Отечественный софт».
Приветственное слово
🎙
Надежда Кострюкова
, заместитель генерального директора по взаимодействию с органами власти «Базальт СПО».
Тема:
«Подход к отчетности компании с большим опытом участия в образовательной деятельности»
🎙
Александр Шереметьев
, заместитель проректора по учебной работе ФГБОУ ВО «Московский технический университет связи и информатики».
Тема:
«Как вуз принимает перечень мероприятий, РПД/ОПОП и подтверждает охват студентов»
🎙
Елена Бочерова
, член Правления АРПП «Отечественный софт», исполнительный директор «Киберпротект».
Тема:
«От регуляторного требования к осмысленному преподаванию. Разрывы между формулировками в постановлении и практической реализации инициативы»
🎙
Юрий Бахмутский
, заведующий кафедрой «Математические методы и информационные технологии в экономике» Омского государственного технического университета.
Тема:
«Региональный вуз, стыковка 270 с грантовыми и федеральными контурами, типовые ошибки»
🎙
Андрей Кондратьев
, генеральный директор CDO Global.
Тема:
«Разработка, экспертиза и актуализация РПД и ОПОП. Как сделать, чтобы засчитали»
🎙
Владимир Татаринцев
, директор по развитию стратегических проектов «Ростелекома», директор «ИТ Школы Ростелекома».
Тема:
«Формирование потребности для исполнения КПЭ ИТ-компаний и риски выборки рынка»
Участники вебинара получат:
✅
варианты подходов по исполнению требований приказа Минцифры России № 270;
✅
материалы по подготовке документов для взаимодействия с вузами;
✅
чек-листы и шаблоны для планирования мероприятий;
✅
ответы на вопросы экспертов отрасли, вузов и ИТ-бизнеса.
📌
Регистрация по
ссылке
🖥
АРПП «Отечественный софт» в МАХ
|
VK",АРПП - новости,proxy/deepseek-v4-flash
АРПП - новости,АРПП и юркомпания ЭБР анонсировали вебинар для ИТ-компаний по налоговым рискам в рекламе,💳,https://t.me/arppsoft/1518,АРПП,Регулирование,Низкий,"АРПП «Отечественный софт» совместно с юркомпанией ЭБР открывает новый сезон вебинаров для ИТ-компаний. Первый вебинар 12 августа будет посвящен налоговому и смежному регулированию рекламы в ИТ-бизнесе: сбор с доходов от интернет-рекламы, налоговый учет рекламных расходов, ограничения для рекламного ПО. Участие бесплатное, но доступно только компаниям — членам АРПП.",2026-08-06T07:18:37+00:00,"АРПП «Отечественный софт», юридическая компания ЭБР, спикер Игорь Грибков",Анонс вебинара для ИТ-компаний о налоговых рисках в рекламе,"12 августа, необходима предварительная регистрация","ИТ-компании, включая возможных партнеров GS Labs, могут получить практические разъяснения по налоговым рискам в рекламе, но для GS Labs это не создает прямых обязательств. Вебинар ориентирован на ИТ-компании, которые размещают рекламу и должны учитывать сбор с интернет-рекламы.",вебинар; АРПП; налоги; реклама; ИТ-компании,low,"GS Labs как ИТ-разработчик может столкнуться с общими вопросами налогового учета рекламы, но новость не содержит специфики для цифрового ТВ, OTT или реестра ПО. Тема вебинара скорее общеотраслевая, поэтому важность для GS Labs низкая.",true,"💳
Налоговые риски в рекламе — что важно знать ИТ-компаниям
АРПП «Отечественный софт» и юридическая компания ЭБР открывают новый сезон совместного цикла вебинаров для ИТ-компаний.
12 августа пройдет первая встреча, которая будет посвящена самым острым вопросам налогового и смежного регулирования рекламы для ИТ-бизнеса.
💥
Тема:
«Актуальные тенденции в налоговом (и не только) регулировании рекламы. Что важно учесть ИТ-рынку?»
🎙
Спикер:
Игорь Грибков
, руководитель налоговой практики ЮК ЭБР
📌
Участники вебинара узнают:
🔘
к кому и когда применяется сбор с доходов от интернет-рекламы, какие сложности возникают и как их решать
🔘
какие рекламные расходы невозможно учесть в налоговом учете и почему это важно
🔘
как определить площадку, реклама на которой может стать «токсичной» для учета компании
🔘
какие ограничения и льготы актуальны для рекламного ПО
🔘
как системно работать с перечисленными рисками.
❗️
Участие бесплатное по предварительной регистрации, доступно только компаниям-членам АРПП «Отечественный софт». Вопросы по участию направляйте на office@arppsoft.ru
🖥
АРПП «Отечественный софт» в МАХ
|
VK",АРПП - новости,proxy/deepseek-v4-flash
АРПП - новости,АРПП и ЮК ЭБР анонсировали серию вебинаров по юридической безопасности ИТ-бизнеса на август-октябрь,⚖️,https://t.me/arppsoft/1517,АРПП,Регулирование,Средний,"АРПП «Отечественный софт» совместно с юридической компанией ЭБР анонсировали новый сезон вебинаров «Юридическая безопасность ИТ-компаний» на период с августа по октябрь. Запланировано пять вебинаров по темам: регулирование рекламы, вступление в силу закона об ИИ, ответственность DPO, применение ИТ-льгот и защита исключительных прав на цифровые продукты. Участие бесплатное, но доступно только компаниям-членам АРПП.",2026-07-29T07:14:51+00:00,"АРПП «Отечественный софт», ЮК ЭБР, спикеры: Игорь Грибков, Кристина Мкртчян, Артем Евсеев","Анонс цикла вебинаров по юридической безопасности для ИТ-компаний, охватывающих актуальные изменения в регулировании.","Даты вебинаров: 12 августа, 26 августа, 9 сентября, 23 сентября, 7 октября (публикация анонса — 29 июля 2026 г.)","Мероприятия помогут ИТ-компаниям ориентироваться в новых требованиях законодательства, корректно применять ИТ-льготы и защищать интеллектуальные права. Для GS Labs участие может быть полезно в части налоговых льгот и защиты продуктов, но прямого регуляторного воздействия не несёт.",АРПП; вебинары; ИТ-льготы; персональные данные; ИИ; исключительные права,medium,"GS Labs, как разработчик ПО, может заинтересоваться темами ИТ-льгот и защиты исключительных прав на продукты. Вебинары носят информационный характер и прямого влияния на деятельность компании не оказывают, но частично соответствуют мониторингу регулирования телекома и ИТ.",true,"⚖️
Открываем новый сезон вебинаров о юридической безопасности ИТ-бизнеса
Правовой комитет АРПП «Отечественный софт» совместно с юридической компанией ЭБР продолжает цикл вебинаров «Юридическая безопасность ИТ-компаний».
С августа по октябрь эксперты обсудят регулирование рекламы, новые правила работы с ИИ, ответственность за обработку персональных данных, применение ИТ-льгот и защиту исключительных прав на цифровые продукты.
🗓
Расписание вебинаров:
🔘
12 августа, 14:00
«Актуальные тенденции в налоговом (и не только) регулировании рекламы. Что важно учесть ИТ-рынку?»
Спикер:
Игорь Грибков
, руководитель налоговой практики ЮК ЭБР
🔘
26 августа, 14:00
«Закон об ИИ вступает в силу: что надо учитывать с 1 сентября?»
Спикер:
Кристина Мкртчян
, советник практики интеллектуальной собственности ЮК ЭБР
🔘
9 сентября, 14:00
«Ответственность DPO. Реальность или миф? Что грозит работнику, которого указали в уведомлении в РКН»
Спикер:
Артем Евсеев
, советник практики интеллектуальной собственности ЮК ЭБР
🔘
23 сентября, 14:00
«Из-за какого ПО налоговая сейчас выявляет нарушения в ИТ-льготах»
Спикер:
Игорь Грибков
, руководитель налоговой практики ЮК ЭБР
🔘
7 октября, 14:00
«Защита исключительных прав на ИТ-продукты: актуальные тренды»
Спикер:
Артем Евсеев
, советник практики интеллектуальной собственности ЮК ЭБР
❗️
Участие бесплатное по предварительной регистрации, доступно только компаниям-членам АРПП «Отечественный софт». Вопросы по участию направляйте на почту office@arppsoft.ru
🖥
АРПП «Отечественный софт» в МАХ
|
VK",АРПП - новости,proxy/deepseek-v4-flash
АРПП - новости,Наталья Касперская в интервью ТАСС рассказала о влиянии ИИ на ИТ-рынок и проблемах совместимости российского ПО,💥,https://t.me/arppsoft/1516,АРПП,Технологии,Средний,"Председатель правления АРПП «Отечественный софт» Наталья Касперская дала большое интервью ТАСС, в котором обсудила изменение ролей ИТ-специалистов под влиянием ИИ, проблемы импортозамещения и совместимости отечественного ПО, развитие ИИ в России, ограничения биометрии и борьбу с ИТ-мошенничеством. Она отметила, что в реестре отечественного ПО уже около 32 тыс. продуктов, но компаниям необходимо активнее продвигать свои разработки, и что совместимость между российскими продуктами остается сложной задачей в условиях множества операционных систем.",2026-07-21T08:18:14+00:00,"Наталья Касперская, АРПП «Отечественный софт», ТАСС, российские ИТ-компании",Опубликовано большое интервью главы АРПП о тенденциях ИТ-отрасли,2026-07-21,"Материал носит обзорный характер, но подчеркивает тренды ИИ-трансформации разработки ПО и сохраняющиеся проблемы совместимости российского софта. Для GS Labs это означает продолжение работы над совместимостью с несколькими ОС и возможное внимание к ИИ-функциям в продуктах.",ИИ; реестр российского ПО; импортозамещение; совместимость; Наталья Касперская,medium,"Интервью затрагивает общеотраслевые тренды, важные для GS Labs как разработчика ПО из реестра: подтверждается актуальность совместимости с несколькими ОС и рост роли ИИ в разработке, однако прямых указаний на продукты или регулирование GS Labs нет.",true,"💥
Большое интервью Натальи Касперской в ТАСС
Как ИИ меняет работу айтишников, почему российским компаниям приходится поддерживать несколько технологических стеков и какие меры помогают бороться с ИТ-мошенничеством?
В
интервью
ТАСС председатель правления АРПП «Отечественный софт», президент ГК InfoWatch Наталья Касперская рассказала о главных тенденциях отечественной ИТ-отрасли:
🗣
ИИ и рынок труда
При внедрении ИИ в различные направления выясняется, что людей на этих направлениях меньше не становится, просто меняются их роли. Например, программисты меньше пишут код руками, а в большей степени занимаются управлением ИИ — дают задачи, разделяя их на кусочки, потом эти кусочки проверяют. В связи с этим вокруг ИИ вырастает «обвязка» из людей, которая начинает заниматься только управлением им. Специальности мутируют, меняются из-за влияния ИИ. Но уже очевидно, что массовых увольнений в программировании из-за того, что «ИИ заменит человека», не будет — это неэффективно.
🗣
Развитие российского ПО
В реестре отечественного ПО уже почти 32 тыс. программных продуктов, но одна проблема — сделать софт, а вторая — рассказать о нем людям. Со вторым отечественные компании справляются хуже, поэтому можно просто не знать о том, что в России есть какой-то софт. Во-вторых, не всегда стоит гнаться за западными продуктами по функционалу. Те создавались много лет и имеют громадную мировую клиентуру. В-третьих, даже если функционал российского ПО где-то недотягивает, то его доработка вполне может делаться по требованию заказчиков. Требовательные заказчики помогают производителям улучшать продукты.
🗣
Импортозамещение и совместимость
Проблема совместимости, в том числе между разными продуктами отечественного софта, безусловно, имеется. Раньше ПО должно было работать на Windows, в лучшем случае еще и на Linux, а сейчас ему нужно работать на четырех операционных системах, не считая их версий. В ближайшем будущем возврата к однополярности не предвидится. «Зоопарк» ИТ-решений не уменьшается, а увеличивается. Нам надо научиться жить в условиях диверсификации.
🗣
Приоритеты развития ИИ
Не стоит сводить ИИ лишь к большим фундаментальным моделям, потому что ИИ — это широкий набор технологий. Для решения конкретных задач существуют конкретные модели или технологии. Они меньше, гораздо дешевле в разработке и имеют более точечное применение. У нас много других технологий: распознавание объектов, виртуальное зрение, технологии перехвата информации. Это все тоже ИИ. По многим направлениям у нас есть хорошие наработки мирового уровня.
🗣
Границы применения биометрии
Для того чтобы гарантированно идентифицировать человека по биометрии, нужно сделать очень четкий слепок лица в виде множества точек. Это требует фотографий с разных ракурсов или видео, а в масштабах большой страны — огромных хранилищ и больших затрат. При этом дипфейки развиваются так, что глаз уже не видит отличий между сгенерированными и реальными изображениями.
В этих условиях массовое использование биометрии вызывает вопросы. Ее можно применять ограниченно, как дополнительную возможность идентификации человека.
🗣
Борьба с ИТ-мошенничеством
Количество украденных средств за первые пять месяцев этого года снизилось, значит, предпринятые меры приносят результат. Но мошенники сразу придумывают новые способы обхода: когда закон «прижал» дропперов, больше воровства стало происходить через подставные счета. Если перекроют их, злоумышленники обратятся к криптовалюте. Поэтому борьба с мошенниками — не набор статичных требований, а системный и долгий процесс.
Полную версию интервью читайте
ЗДЕСЬ
🖥
АРПП «Отечественный софт» в МАХ
|
VK",АРПП - новости,proxy/deepseek-v4-flash
АРПП - новости,АРПП «Отечественный софт» приняла в состав компании «Форвард Телеком» и «АБП2Б»,В АРПП вошли новые участники,https://t.me/arppsoft/1515,АРПП,Экономика,Низкий,9 июля на заседании Правления АРПП «Отечественный софт» в состав объединения приняты две новые компании: «Форвард Телеком» (разработчик промышленного ПО для телеком-операторов) и «АБП2Б» (кибербезопасность и управление ИТ-активами). Ассоциация расширяет состав участников.,2026-07-10T07:02:01+00:00,"АРПП «Отечественный софт», Правление ассоциации, «Форвард Телеком», «АБП2Б»",Вступление двух новых компаний в АРПП «Отечественный софт»,"9 июля 2026 года, заседание Правления АРПП","Для отрасли: расширение состава АРПП, укрепление компетенций в области телеком-ПО и кибербезопасности, возможное усиление лоббистских позиций. Для GS Labs прямых последствий нет.",АРПП; Отечественный софт; новые участники; телеком; кибербезопасность,low,"Новость не связана напрямую с деятельностью GS Labs (разработка ПО для ТВ/OTT, CAS/DRM). Однако расширение АРПП — индикатор консолидации отрасли отечественного ПО, что может косвенно влиять на отраслевые инициативы.",true,"В АРПП вошли новые участники
9 июля на заседании Правления Ассоциации «Отечественный софт» в состав объединения были приняты новые компании:
✔️
Форвард Телеком
– разработчик промышленного ПО для телеком-операторов и цифровых сервис-провайдеров
✔️
АБП2Б
– разработчик продуктов в сфере кибербезопасности и управления ИТ-активами
Поздравляем компании со вступлением и желаем продуктивной работы!
🖥
АРПП «Отечественный софт» в МАХ
|
VK",АРПП - новости,proxy/deepseek-v4-flash
АРПП - новости,АРПП опубликовала июньский обзор внедрений российского ПО среди компаний-участников ассоциации,Новые внедрения российского ПО — в июньском обзоре проектов компаний-участников АРПП:,https://t.me/arppsoft/1514,АРПП,Технологии,Низкий,"АРПП «Отечественный софт» опубликовала подборку новостей о внедрениях российского ПО в различных компаниях за июнь. В обзоре перечислены проекты импортозамещения в таких компаниях, как «Магнит», Ozon Банк, «Базис» и Т2, а также внедрения в образовательных и государственных учреждениях. Прямых упоминаний GS Labs или тематики CAS/DRM, цифрового ТВ или операторов связи в тексте нет.",2026-07-06T10:31:54+00:00,"АРПП «Отечественный софт», «Магнит», Ozon Банк, «Диасофт», «Базис», Т2, БФТ-Холдинг, МГТУ им. Баумана, Capital Group, РЕД СОФТ, Directum, МТС Линк, Naumen, nanoCAD, Контур, Инкоманд, BPMSoft, VAS Experts, Лукоморье, ГК «Солар», UserGate, ELMA365, Кибер Бэкап и другие",Опубликован обзор новых внедрений российского ПО в компаниях-участниках АРПП,"Июнь 2026, дата публикации 2026-07-06","Новость носит обзорный характер и демонстрирует общий тренд импортозамещения ПО в России. Для GS Labs значимых последствий не прослеживается: упомянутые проекты не связаны с нишей цифрового ТВ, OTT или защиты контента, однако подтверждают активность рынка российского ПО и спрос на импортонезависимые решения.",АРПП; российское ПО; импортозамещение; внедрения,noise,"Новость не касается GS Labs: обзор посвящён внедрениям ПО в ритейле, финансах, образовании и других отраслях, без упоминаний телевидения, OTT, CAS/DRM или телеком-операторов в контексте продуктов GS Labs.",false,"Новые внедрения российского ПО — в июньском обзоре проектов компаний-участников АРПП:
🔘
«Магнит»
внедряет
GitFlic — российскую альтернативу GitLab
🔘
Ozon Банк и «Диасофт»
реализовали
масштабный проект по ЦФА за рекордные 4 месяца
🔘
«Базис» и Т2
развернули
первое в России импортонезависимое телеком-облако
🔘
БФТ-Холдинг
внедрил
платформу КЭДО в МГТУ им. Н.Э. Баумана
🔘
Capital Group
начал
использовать контейнерную платформу «Штурвал»
🔘
Липецкая
и
Челябинская
области переходят на решения от РЕД СОФТ
🔘
Научно-исследовательский институт приборостроения имени В.В. Тихомирова
ускоряет
процессы с помощью Directum RX со встроенным ИИ
🔘
Казанский федеральный университет
провел
международный форум с участием ученых из 16 стран на платформе МТС Линк
🔘
«Калужский турбинный завод»
внедрил
Naumen Service Desk Pro для управления сервисной деятельностью
🔘
Программный комплекс nanoCAD Облака точек
помогает
маркшейдерам проектно-производственного предприятия «ГОРНЯК» осуществлять сопровождение добычи
🔘
Производитель воды «Веха»
внедрил
систему управления линиями (СУЛ) от Контура
🔘
«Амаркон»
выбрал
корпоративный портал «Инкоманд» 7.4 для замещения Microsoft SharePoint
🔘
NDBC
объединила
управление проектной деятельностью и сервисом в PSA-системе на базе BPMSoft
🔘
VAS Experts
модернизировал
сетевую инфраструктуру кемеровского интернет-провайдера Goodline
🔘
PPM-решение «Финист» от Лукоморья
помог
модернизировать проектный офис Security Vision
🔘
ГК «Солар» совместно с системным интегратором STEP LOGIC
реализовали
проект импортозамещения в АО «Сумитомо Мицуи Рус Банк»
🔘
«Наносемантика»
внедрила
речевые технологии в антифрод-систему АКБ «Энергобанк» (АО)
🔘
UserGate и «Софт менеджмент»
защитили
инфраструктуру международной строительной компании «Ренконс»
🔘
«Дёке Трейд Маркетинг»
автоматизировала
проекты и продажи в ELMA365
🔘
Госкорпорация по ОрВД
выстроила
комплексную систему резервного копирования на базе решения Кибер Бэкап
Подробнее на нашем
сайте
🖥
АРПП «Отечественный софт» в МАХ
|
VK",АРПП - новости,proxy/deepseek-v4-flash
АРПП - новости,АРПП опубликовала обзор июньских образовательных проектов ИТ-компаний для вузов и школ,👩‍🏫,https://t.me/arppsoft/1513,АРПП,Общество,Низкий,"АРПП «Отечественный софт» представила обзор июньских проектов ИТ-компаний, направленных на сотрудничество с вузами, школами и колледжами. Среди участников — PROMT, «Аэродиск», UserGate, «Киберпротект», «Группа Астра», Postgres Professional, СКБ Контур и другие. Мероприятия включали курсы, хакатоны, олимпиады, стипендии и поставки лицензий учебным заведениям. Прямого отношения к GS Labs материал не имеет.",2026-07-01T09:20:34+00:00,"АРПП «Отечественный софт», PROMT, «АКМ-Вест», «Аэродиск», UserGate, «Киберпротект», «Нанософт разработка», РЕД СОФТ, «Группа Астра», Postgres Professional, СКБ Контур",Подведены итоги образовательных инициатив ИТ-компаний с учебными заведениями за июнь,"июнь 2026 года, публикация обзора — 01.07.2026","Для отрасли это способствует подготовке ИТ-кадров и популяризации отечественного ПО, но для GS Labs не создаёт прямых регуляторных или продуктовых последствий.",АРПП; образование; ИТ-компании; вузы; кадры для ИТ,noise,"Новость не касается GS Labs: речь идёт об образовательных проектах других ИТ-компаний, без упоминаний цифрового ТВ, CAS/DRM, реестра российского ПО или телеком-регулирования.",false,"👩‍🏫
Учебный год завершился, а сотрудничество ИТ-компаний с вузами и школами продолжается
Делимся обзором июньских проектов участников АРПП:
🔹
PROMT и «АКМ-Вест»
обучили
более 200 студентов вузов работе с отечественной CAT-системой PROMT Translation Factory с интегрированными AI-технологиями
🔹
«Аэродиск» и МИЭМ НИУ ВШЭ
запустили
курс по архитектуре систем хранения данных
🔹
UserGate
поддержал
Национальный студенческий хакатон «Цифровой суверенитет 4.0» на базе РТУ МИРЭА
🔹
Донецкий национальный технический университет
формирует
новую модель обучения при поддержке «Киберпротекта»
🔹
«Нанософт разработка» и СПбГАСУ
подвели
итоги первого в России онлайн-курса по ТИМ в реставрации
🔹
Коломенский аграрный колледж
получит
300 лицензий ОС РОСА Хром
🔹
РЕД СОФТ
выступил
партнером чемпионата по профмастерству «Профессионалы-2026»
🔹
На ОС «Альт»
провели
олимпиаду для юных ИТ-специалистов РУДН
🔹
«Перспективный мониторинг» и «Софтлайн Решения»
открыли
киберполигон Ampire в Краснодарском университете МВД РФ и в Санкт-Петербургской Академии управления городской средой, градостроительства и печати
🔹
«Группа Астра»
подвела
итоги пятого сезона проекта «Астра-стипендия»
🔹
Postgres Professional
представила
новое издание книги «PostgreSQL 18 изнутри»
🔹
СКБ Контур второй раз
принял участие
в просветительском проекте «Цифровой ликбез»
Подробнее на
сайте
🖥
АРПП «Отечественный софт» в МАХ
|
VK",АРПП - новости,proxy/deepseek-v4-flash
АРПП - новости,В Госдуме обсудили импортозамещение офисного ПО в школах и синхронизацию с образовательными стандартами,В Госдуме обсудили переход школ на российское ПО,https://t.me/arppsoft/1512,АРПП,Регулирование,Низкий,"29 июня в Госдуме прошло рабочее совещание по переходу школ на российское офисное ПО. Обсуждались итоги использования отечественного софта на ОГЭ/ЕГЭ, проблемы учебно-методических материалов и устаревшего оборудования в регионах. Разработчики «МойОфис» и Р7 заявили о совместимости с Microsoft Office. Итогом стали рекомендации Минпросвещения и Минцифры по обновлению стандартов и созданию рабочей группы о совместимости.",2026-06-30T14:55:27+00:00,"Государственная Дума, АРПП «Отечественный софт», Минпросвещения, Минцифры, Минтруд, разработчики «МойОфис» и Р7, региональные центры информатизации",На совещании в Госдуме обсудили переход школ на российское офисное ПО и разработали рекомендации по синхронизации с образовательными стандартами,"29 июня 2026 года (совещание), публикация — 30 июня 2026","Возможное обновление образовательных стандартов и учебников под российские офисные пакеты, создание рабочих групп Минцифры по стандартам совместимости ОС и ПО. Для GS Labs прямых последствий нет, но общий тренд импортозамещения может усилить требования к совместимости российского ПО в разных отраслях.",импортозамещение; российское ПО; офисное ПО; образование; Госдума; АРПП,low,"Новость не касается профильных продуктов GS Labs (CAS/DRM, OTT, цифровое ТВ), но близка к теме импортозамещения российского ПО и стандартам совместимости, которые могут косвенно повлиять на отрасль.",true,"В Госдуме обсудили переход школ на российское ПО
29 июня в Государственной Думе состоялось рабочее совещание, посвященное вопросам импортозамещения офисного ПО в российских школах и синхронизации перехода на отечественный софт с действующими образовательными стандартами.
В обсуждении приняли участие представители федеральных органов власти, региональных центров информатизации, эксперты АРПП «Отечественный софт», разработчики ПО.
📊
Основой для дискуссии стали результаты ежегодного обзора АРПП «Отечественный софт» по использованию российского офисного ПО при проведении ОГЭ и ЕГЭ по итогам 2025-2026 гг. Как отметила
Анастасия Горелова,
глава комитета по цифровизации образования АРПП, руководитель программ обучения ИТ-экосистемы «Лукоморье», порядка 30% регионов уже используют российское ПО для сдачи ОГЭ и ЕГЭ по информатике.
На этом фоне зафиксировано значительное снижение доли Microsoft Office — почти на 40% — за счет перехода на отечественные пакеты или бесплатный аналог LibreOffice.
❗️
Однако, по словам эксперта, впереди еще много работы. Основной проблемой остается не техническая готовность российского ПО, а отсутствие методических материалов и учебников.
«Сегодня все учебники и пособия по информатике по-прежнему ориентированы на Microsoft Office. Для того чтобы переход на отечественные решения стал реальным, а не формальным, необходимо внести изменения в учебные планы, программы и методические материалы. Это задача, которую важно решать при участии Минпросвещения и разработчиков»
, — подчеркнула Анастасия Горелова.
🗣️
Эксперты компаний-участников АРПП «Отечественный софт» — «МойОфис» и Р7 — заявили о высокой совместимости своих продуктов с форматами Microsoft Office (DOCX, XLSX, PPTX), а также рассказали о тестировании новых версий с российскими операционными системами, обучении работе на своих продуктах и технической поддержке регионов.
В свою очередь, представители региональных центров информатизации поделились опытом перехода на российское ПО и рассказали о возникших проблемах. Так, в Псковской области среди основных сложностей - устаревшее оборудование (20–25% компьютеров не поддерживают новое ПО) и проблемы работы электронной цифровой подписи в Linux. В Удмуртии к 1 сентября планируют перевести на российское ПО 30% учебных классов, однако главным барьером остается техническая слабость компьютеров. В Калининградской области школьники на экзаменах все чаще выбирают российское ПО, но действующие стандарты СПО пока сохраняют ориентацию на иностранные программные продукты.
💼
Отдельное внимание на встрече уделили кадровому вопросу. Участники отметили, что в требованиях к вакансиям крупных госкомпаний по-прежнему фигурирует только Microsoft Office, в то время как знание российских аналогов не учитывается. Было предложено через Минтруд России скорректировать эти требования, синхронизируя запросы бизнеса с реальными программами вузов.
По итогам заседания участники рекомендовали Минпросвещения синхронизировать выпуск учебников параллельно с внедрением российского ПО и подготовить единые методические рекомендации для школ при участии АРПП «Отечественный софт». Минцифры рекомендовано создать рабочую группу по выработке единых стандартов совместимости между российскими ОС и офисными пакетами и проработать вопрос облегченных версий ПО для устаревшего оборудования.
🖥
АРПП «Отечественный софт» в МАХ
|
VK",АРПП - новости,proxy/deepseek-v4-flash
АРПП - новости,Умер Сергей Иванов — экс-министр обороны РФ и один из основателей АРПП «Отечественный софт»,Памяти Сергея Иванова,https://t.me/arppsoft/1511,АРПП,Общество,Низкий,"Ушел из жизни Сергей Иванов, бывший министр обороны России и экс-спецпредставитель президента. Он был одним из инициаторов создания в 2009 году АРПП «Отечественный софт», сыгравшей важную роль в консолидации российских разработчиков ПО. Отрасль вспоминает его вклад в развитие систем связи и поддержку отечественных ИТ-компаний.",2026-06-27T07:03:01+00:00,"Сергей Иванов, Наталья Касперская, АРПП «Отечественный софт»","Скончался Сергей Иванов, экс-министр обороны, стоявший у истоков создания АРПП «Отечественный софт»",не указано (публикация от 2026-06-27),Прямых последствий для GS Labs нет. Возможен символический резонанс в ИТ-отрасли в связи с уходом одного из создателей отраслевой ассоциации.,некролог; АРПП Отечественный софт; Сергей Иванов; ИТ-отрасль; импортозамещение,low,"Новость не связана напрямую с деятельностью GS Labs, но упоминание истории создания АРПП «Отечественный софт» имеет отношение к российскому ИТ-рынку. Прямого влияния на продукты, реестр или регулирование нет.",true,"Памяти Сергея Иванова
Ушел из жизни Сергей Иванов — экс-спецпредставитель президента РФ, бывший министр обороны России. Один из инициаторов создания в 2009 году Ассоциации разработчиков программных продуктов «Отечественный софт».
«Это было время, когда об импортозамещении не было и речи, — вспоминает председатель правления АРПП Наталья Касперская. — На российском рынке доминировали транснациональные корпорации-поставщики софта, системно сокращая место под солнцем для отечественных разработчиков. Тогда несколько компаний – InfoWatch, «Аскон», «Доктор Веб», «1С», «1С-Битрикс», ABBYY, «Промт», «Лаборатория Касперского» и другие – собрались в гостинице «Балчуг», чтобы обсудить складывающуюся ситуацию с представителями власти. На встречу приехал Сергей Иванов, бывший министр обороны, который в тот момент занимал пост заместителя председателя правительства РФ и курировал вопросы военной промышленности. Мы пожаловались Сергею Борисовичу на свою тяжелую судьбу, а он предложил нам создать ассоциацию, чтоб иметь инструмент системного влияния в госорганах. Такой инструмент существовал тогда только у иностранных компаний. Мы сочли идею хорошей и 26 августа 2009 года зарегистрировали ассоциацию».
Сергей Борисович был ярким государственным деятелем и патриотом своей страны. Внес большой вклад в модернизацию обороноспособности России и развитие систем связи, пользовался заслуженным уважением в отрасли, в том числе среди участников российского ИТ-рынка.
Память о нем навсегда останется в реализованных проектах, инициативах и стандартах работы, которые он задал в индустрии.
Выражаем глубокие соболезнования семье, друзьям и коллегам Сергея Борисовича.",АРПП - новости,proxy/deepseek-v4-flash
АРПП - новости,ИТ-ассоциации на Общественном совете Минцифры выступили против законопроекта ФАС о неприменении антимонопольных иммунитетов,📍,https://t.me/arppsoft/1510,АРПП,Регулирование,Средний,"18 июня на заседании Общественного совета Минцифры ИТ-ассоциации выступили против законопроекта ФАС, который предусматривает неприменение антимонопольных иммунитетов для правообладателей результатов интеллектуальной деятельности, включая ПО, если их действия ограничивают конкуренцию. Отрасль считает, что документ создаёт правовую неопределённость, расширяет полномочия ФАС и усиливает регуляторное давление на ИТ-бизнес. Эксперты рекомендовали отклонить законопроект и создать рабочую группу; ФАС сообщила о проработке поступивших замечаний.",2026-06-24T08:01:48+00:00,"АРПП «Отечественный софт», ИТ-ассоциации, Общественный совет Минцифры, ФАС России, Минцифры, Минэкономразвития, Наталья Касперская, Альберт Авшарян","ИТ-отрасль публично выступила против законопроекта ФАС, ограничивающего применение антимонопольных иммунитетов для правообладателей интеллектуальной собственности",18 июня (по дате источника — 2026 г.); публикация 24.06.2026; законопроект находится на стадии обсуждения и сбора замечаний,"Если поправки будут приняты, правообладатели ПО, включая GS Labs, могут столкнуться с дополнительными антимонопольными проверками, предписаниями и штрафами. По оценке отрасли, это усилит регуляторное давление, создаст правовую неопределённость, может снизить инвестиции и объём инновационных разработок; в настоящее время законопроект не введён в действие.",антимонопольные иммунитеты; ФАС; интеллектуальная собственность; Минцифры; ИТ-ассоциации; регулирование; Общественный совет,medium,"GS Labs — российский разработчик ПО и правообладатель объектов интеллектуальной собственности, поэтому инициатива ФАС затрагивает правовой режим использования её продуктов и лицензионных практик. Прямого упоминания GS Labs или телеком-отрасли в новости нет, влияние выражается в общем росте регуляторной нагрузки и неопределённости для ИТ-бизнеса.",true,"📍
На Общественном совете Минцифры ИТ-ассоциации выступили за сохранение «антимонопольных иммунитетов»
18 июня на заседании Общественного совета Минцифры России крупнейшие ИТ-ассоциации представили объединенную позицию о законопроекте ФАС, направленном на регулирование результатов интеллектуальной деятельности.
Ранее ФАС предложила ограничить действия иммунитетов в сфере интеллектуальной собственности для правообладателей на результаты интеллектуальной деятельности с целью восстановления равновесия на цифровых рынках после снижения уровня конкуренции, вызванного уходом иностранных вендоров.
В ведомстве разработали проект поправок к закону о защите конкуренции, предусматривающих неприменение иммунитетов в том случае, если действия правообладателей направлены на ограничение конкуренции на товарном рынке.
Однако ИТ-отрасль не поддержала инициативу, выступив в защиту действующего подхода. По мнению участников индустрии, законопроект фактически отменяет институт «антимонопольных иммунитетов» для правообладателей результатов интеллектуальной деятельности, в том числе ПО, и наделяет ФАС России беспрецедентно широкими полномочиями по применению инструментов антимонопольного контроля (проверки, предписания, штрафы и пр.) к обладателям таких иммунитетов.
В перспективе это может создать ситуацию правовой неопределенности для ИТ-бизнеса и цифровой экономики, вызовет сокращение инвестиций и уменьшение объемов инновационных разработок в отрасли. Соответствующие письма и обращения ИТ-ассоциации неоднократно
направляли
в ФАС, Минцифры и Минэкономразвития России.
🎙
Наталья Касперская
, председатель правления АРПП, глава комиссии Общественного совета при Минцифры по поддержке ИТ-индустрии, развитию отечественных продуктов и обеспечению информационной безопасности, отметила:
«АРПП совместно с другими отраслевыми объединениями выступает против законопроекта ФАС об отмене антимонопольных иммунитетов для интеллектуальной собственности. Отрасль уже перегружена регуляторным давлением (налоги, требования к образовательным расходам), что негативно сказывается на настроениях разработчиков и провоцирует отток кадров. Введение новых мер усугубит ситуацию, поэтому представители отрасли просят правительство не внедрять этот законопроект сейчас.
ИТ-отрасль уже испытывает значительное давление: в прошлом году были повышены налоги, а сейчас существуют сложности с выполнением требований по расходованию 3% от сэкономленных налогов на образовательные программы в вузах и колледжах. Требования меняются, компаниям трудно им соответствовать и оперативно освоить крупные суммы до конца года.
Введение новых регуляторных мер приведет к ухудшению ситуации. Уже есть проблемы с блокировками, мешающими работе разработчиков, что способствует росту «упаднических настроений» и желанию специалистов уехать из страны. Дополнительное давление усложнит удержание кадров и сделает условия работы в отрасли очень тяжелыми».
В ходе заседания Общественного совета
Альберт Авшарян
, заместитель начальника Правового управления ФАС, подчеркнул, что ведомство получило от отраслевых объединений достаточно замечаний к законопроекту. В настоящий момент ФАС прорабатывает представленные предложения, в том числе, на площадке АНО «Цифровая экономика».
Эксперты Общественного совета рекомендовали отклонить законопроект и создать рабочую группу для разрешения спорных ситуаций в сфере регулирования результатов интеллектуальной деятельности.
🖥
АРПП «Отечественный софт» в МАХ
|
VK",АРПП - новости,proxy/deepseek-v4-flash
АРПП - новости,Участники АРПП «Отечественный софт» стали лауреатами национальной премии «Приоритет: Цифра-2026»,💥,https://t.me/arppsoft/1500,АРПП,Технологии,Низкий,"17 июня 2026 года в Общественной палате РФ названы победители Национальной премии в области ИТ и ИИ «Приоритет: Цифра-2026». Лауреатами стали 79 проектов в 44 номинациях, а также семь человек в спецноминации «ИТ-Персона». АРПП «Отечественный софт» выступала стратегическим партнером премии.",2026-06-19T08:55:21+00:00,"АРПП «Отечественный софт», Ренат Лашин, компании-лауреаты: Positive Technologies, ГК «Солар», «Группа Астра», Content AI, МТС Линк и другие",Национальная премия «Приоритет: Цифра-2026» наградила российские ИТ-проекты в 44 номинациях,17 июня 2026 года,"Прямое регуляторное или рыночное влияние на GS Labs отсутствует. Новость может использоваться как отраслевой бенчмарк и сигнал о развитии российского ПО и ИИ, но не меняет условия работы в телекоме и ОТТ.",Приоритет:Цифра; АРПП; национальная премия; отечественное ПО; ИТ; ИИ; лауреаты,low,"GS Labs в материале не упоминается; событие относится к ИТ-отрасли в целом и не затрагивает CAS/DRM, ОТТ или реестр российского ПО. Возможен фоновый интерес как к имиджевой активности индустрии.",true,"💥
Участники АРПП стали победителями премии «Приоритет: Цифра-202
6
»
17 июня в Общественной палате РФ прошла торжественная церемония награждения победителей Национальной премии в области ИТ и ИИ «Приоритет: Цифра-2026». АРПП «Отечественный софт» традиционно выступила стратегическим партнером Премии.
Всего на конкурс поступило почти 300 заявок. Лауреатами стали 79 проектов в 44 номинациях. Еще 7 победителей отмечены в специальной номинации «ИТ-персона».
🏆
Компании-участники АРПП стали лауреатами Премии в номинациях:
🔺
Информационная безопасность — ГК «Солар», Positive Technologies, AppSec Solutions
🔺
Корпоративные цифровые решения — Content AI, ООО «Робин»
🔺
Операционные системы — «Группа Астра»
🔺
Платформы виртуализации и VDI — «Базис» (совместный проект с Банком ВТБ (ПАО)
🔺
Системы хранения данных — ООО «Киберпротект»
🔺
«ЦИФРА в образовании» — МТС Линк
🔺
Цифровые решения для малого бизнеса — Тензор
🔺
HRM-системы — ИТ-экосистема «Лукоморье»
🔺
Агентский ИИ и мультиагентные системы — ИТ-экосистема «Лукоморье»
🌟
Кроме того, победителями премии «Приоритет: Цифра - 2026» в специальной номинации «ИТ-Персона» стали:
🔺
Наталья Зейтениди
, генеральный директор БФТ-Холдинг, за личный вклад в развитие корпоративных цифровых решений и цифровизацию госсектора
🔺
Александр Попов
, директор по связям с общественностью «Базис», за личный вклад в развитие коммуникаций в ИТ-сфере.
🎙
Ренат Лашин
, исполнительный директор АРПП, выступил сопредседателем Экспертного совета премии «Приоритет: Цифра-2026».
«Сегодня российская ИТ-отрасль проходит этап качественного роста. На рынке развиваются зрелые платформы, отраслевые решения, продукты на базе ИИ и масштабные проекты цифровой трансформации. Премия «Приоритет: Цифра» позволяет увидеть этот процесс в деталях, отметить значимые разработки и показать практику применения отечественных технологий.
Для Ассоциации «Отечественный софт» особенно важно, что в центре внимания премии находятся проекты с прикладной ценностью для бизнеса и государства. Именно такие решения укрепляют доверие к российскому ПО, расширяют его применение в ключевых отраслях и формируют основу для дальнейшего развития цифровой экономики», — отметил
Ренат Лашин
.
🎉
Поздравляем лауреатов с заслуженным признанием! Желаем новых успешных проектов, ярких достижений и уверенного движения вперед!
🖥
АРПП «Отечественный софт» | Подписаться",АРПП - новости,proxy/deepseek-v4-flash
АРПП - новости,В Москве прошёл День безопасной разработки ПО АРПП «Отечественный софт»,⚡️,https://t.me/arppsoft/1491,АРПП,Технологии,Низкий,"17 июня в Москве прошёл шестой День безопасной разработки ПО АРПП «Отечественный софт». Участники из ИТ-компаний и регуляторов обсудили применение ИИ в разработке, безопасность Open Source, защиту цепочки поставок, DevSecOps и развитие нормативной базы РБПО. Прозвучали планы АРПП по целевым программам поддержки и продолжению работы над требованиями ФСТЭК/ГОСТ 56939-2024.",2026-06-18T10:37:29+00:00,"АРПП «Отечественный софт», UserGate, Банк России, ИСП РАН, Axiom JDK, «Аладдин Р.Д.», «Группа Астра», ГК «Солар», ИнфоТеКС, Kaspersky GReAT","Состоялась ежегодная конференция о безопасной разработке ПО, где обсуждались технологии и нормативная база РБПО","17 июня 2026 года, Москва; публикация от 18.06.2026","Для отрасли — усиление практик безопасной разработки, возможное появление целевых программ АРПП и дальнейшее развитие ГОСТ 56939-2024, требований ФСТЭК и профиля защиты Банка России. Для GS Labs прямые последствия не заявлены; новость носит контекстный характер и может учитываться при развитии процессов безопасной разработки.",безопасная разработка; РБПО; АРПП «Отечественный софт»; DevSecOps; Open Source; ФСТЭК; ГОСТ 56939-2024,low,"GS Labs в материале не упомянута, прямого влияния на продукты, реестр российского ПО или телеком-рынок нет. Тематика безопасной разработки релевантна компании как разработчику ПО, но новость не требует немедленных действий.",true,"⚡️
Российская ИТ-отрасль формирует новые практики безопасной разработки ПО
17 июня в Москве прошел шестой День безопасной разработки ПО (РБПО) — ежегодная практическая конференция АРПП «Отечественный софт». Мероприятие состоялось при поддержке UserGate.
👥
Конференция объединила более 200 участников в онлайн и офлайн-формате: руководителей ИТ-компаний, представителей регуляторов, научного и экспертного сообщества.
Участники обсудили применение ИИ в разработке, безопасность Open Source-компонентов, защиту цепочки поставок ПО, внедрение DevSecOps и развитие процессов безопасной разработки в российских компаниях.
🔶
Открывая мероприятие,
Ренат Лашин
, исполнительный директор АРПП «Отечественный софт», подчеркнул рост интереса отрасли к практикам безопасной разработки:
«За время проведения Дней РБПО вовлеченность ИТ-компаний увеличилась более чем в 10 раз. Сегодня для отрасли важно не только обсуждать требования и стандарты, но и обмениваться практическим опытом внедрения РБПО в реальные процессы. Мы видим, что вокруг этой темы формируется профессиональное сообщество, и задача Ассоциации — создавать условия для активного диалога между разработчиками, заказчиками, экспертами и регуляторами, чтобы лучшие практики безопасной разработки становились отраслевым стандартом».
🔶
Приветствуя участников конференции,
Дмитрий Курашев
, директор-сооснователь UserGate, отметил, что безопасная разработка становится для российских ИТ-компаний не формальным требованием, а основой доверия к программным продуктам:
«Для UserGate безопасность кода — это не просто тренд или формальное требование, а фундаментальный принцип нашей работы и основа доверия клиентов. Мы гордимся тем, что поддерживаем инициативы АРПП «Отечественный софт» по популяризации культуры безопасной разработки в стране».
🎙
Модератором конференции традиционно выступил
Роман Карпов
, руководитель комитета по информационной безопасности АРПП «Отечественный софт», генеральный директор Axiom JDK. Эксперт поделился:
«По итогам проведения Дней РБПО мы в Ассоциации видим запрос на три направления помощи: внедрение практик по требованиям ФСТЭК, аудит по ГОСТ 56939-2024 и подготовку документации по четвертому уровню доверия. В ближайшее время АРПП планирует сформировать целевые программы поддержки РБПО, чтобы компании могли переходить от интереса к теме к практическому внедрению процессов безопасной разработки».
📋
Отдельный блок программы был посвящен развитию нормативной и методической базы РБПО.
🔶
Анастасия Сакулина
, консультант Банка России, обозначила ключевые изменения в профиле защиты:
«Профиль защиты — живой документ, который регулярно анализируется как испытательными лабораториями, так и кредитно-финансовыми организациями. С учетом развития технологий Банк России планирует развивать раздел 7.4, дополняя профиль защиты требованиями к безопасному внедрению новых технологий».
🔶
Елена Соснина
, специалист ИСП РАН, представила возможности ресурса
РБПО.РФ
:
«Уже сейчас есть доступ к материалам, с помощью которых можно привести в порядок свои документы, связанные с практиками и ГОСТом РБПО».
🔶
Алексей Хорошилов
, руководитель центра исследований безопасности системного ПО ИСП РАН, рассказал о развитии частных методик исследования безопасности Open Source-компонентов:
«Отрасли необходимы более детализированные подходы, учитывающие особенности конкретных технологических стеков и архитектурных компонентов. Именно эту задачу и призван решить механизм частных методик».
🗣
Практическим опытом внедрения РБПО поделились представители «Аладдин Р.Д.», «Группа Астра», ГК «Солар», ИНСЕК, ИнфоТеКС, «НТЦ Фобос-НТ», Мос.Хаб, Kaspersky GReAT, UserGate и «Пачка».
Подробнее с презентациями спикеров можно ознакомиться
на нашем сайте
🔗
Технологический партнер: «Труконф»
📣
Информационные партнеры: «Кибермедиа», журнал «Информационная безопасность», BIS Journal - Информационная безопасность бизнеса, РУССОФТ, АПКИТ.
🖥
АРПП «Отечественный софт» в МАХ
|
VK",АРПП - новости,proxy/deepseek-v4-flash
